Date;Николаевка;Овиный;Песчанка;Телевизорная;Ветлужанка;Солонцы
2019-01-01;281.86;212.12;113.25;34.82;275.99;
2019-01-02;141.32;82.82;64.4;13.83;130.26;
2019-01-03;29.86;11.22;28.44;44.35;11.21;
2019-01-04;160.4;118.31;64.94;21.91;190.42;
2019-01-05;136.97;120.86;94.46;2.51;131.6;
2019-01-06;50.0;32.39;41.49;4.81;19.33;
2019-01-07;25.06;16.57;36.66;69.43;12.74;
2019-01-08;23.45;10.37;14.01;14.86;7.2;
2019-01-09;39.22;39.18;41.22;105.91;30.7;
2019-01-10;15.62;6.18;15.96;152.32;7.58;
2019-01-11;54.86;37.47;44.43;98.22;54.65;
2019-01-12;98.44;83.05;56.59;14.51;98.0;
2019-01-13;75.31;89.99;40.12;6.6;53.56;
2019-01-14;37.63;23.26;73.23;9.22;8.27;
2019-01-15;47.49;39.21;126.68;3.39;23.83;
2019-01-16;24.75;5.4;48.94;1.65;4.19;
2019-01-17;44.67;21.42;34.35;16.6;28.42;
2019-01-18;37.94;16.57;41.51;27.72;11.46;
2019-01-19;21.19;3.73;45.36;13.42;2.1;
2019-01-20;22.55;4.83;14.08;92.67;3.36;
2019-01-21;67.06;30.86;28.86;138.07;40.96;
2019-01-22;28.89;28.54;28.75;138.69;32.9;
2019-01-23;75.38;51.91;51.39;129.1;66.78;
2019-01-24;158.1;113.32;93.59;155.57;159.84;
2019-01-25;119.14;110.44;103.28;196.7;114.58;
2019-01-26;36.24;13.14;17.21;210.5;5.47;
2019-01-27;23.23;5.65;8.33;176.16;4.71;
2019-01-28;18.86;10.18;12.16;193.08;8.95;
2019-01-29;21.67;3.87;6.51;257.95;3.75;
2019-01-30;13.4;2.67;7.09;42.72;0.88;
2019-01-31;18.76;10.74;40.21;73.57;14.7;
2019-02-01;28.61;29.46;19.52;62.57;24.78;
2019-02-02;31.83;10.08;20.5;8.62;6.29;
2019-02-03;66.8;64.37;47.13;11.25;71.11;
2019-02-04;108.38;89.66;47.72;2.83;116.0;
2019-02-05;122.58;102.53;46.33;13.8;116.8;
2019-02-06;67.68;72.67;51.97;42.99;83.32;
2019-02-07;141.33;105.74;62.65;20.05;119.34;
2019-02-08;188.98;141.34;91.25;5.34;185.02;
2019-02-09;226.59;172.0;81.89;4.2;213.9;
2019-02-10;166.81;123.93;59.75;6.77;157.97;
2019-02-11;174.76;119.56;69.14;30.42;171.03;
2019-02-12;238.31;204.61;94.89;42.78;233.99;
2019-02-13;79.43;65.3;79.44;18.06;76.36;
2019-02-14;62.52;35.21;65.86;40.01;38.25;
2019-02-15;68.6;52.05;63.97;40.39;51.52;
2019-02-16;35.08;12.45;35.79;46.17;4.26;
2019-02-17;31.98;20.44;24.62;59.78;8.13;
2019-02-18;29.92;3.04;29.57;67.49;1.29;
2019-02-19;31.52;6.66;22.21;28.21;3.02;
2019-02-20;45.6;16.35;42.02;26.04;25.17;
2019-02-21;26.88;21.66;46.08;16.36;17.68;
2019-02-22;18.32;5.04;10.59;6.83;5.09;
2019-02-23;18.85;4.47;9.78;4.71;3.61;
2019-02-24;16.91;5.77;13.91;4.06;4.14;
2019-02-25;23.04;10.87;16.82;10.1;15.07;
2019-02-26;54.93;36.36;40.49;8.76;47.18;
2019-02-27;38.23;17.96;33.13;5.91;12.77;
2019-02-28;28.41;12.88;26.41;5.72;17.45;
2019-03-01;31.84;36.94;25.74;28.33;55.08;
2019-03-02;43.05;28.54;40.73;15.66;28.13;
2019-03-03;64.38;51.52;51.55;6.68;54.72;
2019-03-04;46.16;40.26;40.76;5.91;48.71;
2019-03-05;33.53;36.04;26.57;10.8;40.65;
2019-03-06;18.29;10.49;20.3;7.05;8.9;
2019-03-07;33.65;16.01;20.83;31.83;14.25;
2019-03-08;30.09;7.72;12.85;13.36;6.02;
2019-03-09;15.45;5.65;8.54;25.52;3.46;
2019-03-10;19.03;3.99;10.43;26.44;4.16;
2019-03-11;15.58;11.0;9.08;24.88;7.09;
2019-03-12;17.43;7.47;12.03;45.36;7.13;
2019-03-13;14.2;7.02;18.48;38.14;3.95;
2019-03-14;9.87;5.98;8.94;23.58;5.31;
2019-03-15;20.79;15.55;24.57;36.91;32.4;
2019-03-16;20.0;28.19;16.16;25.29;6.83;
2019-03-17;11.62;7.21;13.65;28.38;5.91;
2019-03-18;13.27;5.25;15.6;40.22;4.85;
2019-03-19;15.29;10.04;14.24;17.16;5.76;
2019-03-20;17.15;7.63;15.63;13.27;6.22;
2019-03-21;24.4;17.15;18.52;33.34;28.7;
2019-03-22;17.08;27.03;13.68;36.7;6.93;
2019-03-23;22.86;10.03;15.65;39.78;21.63;
2019-03-24;34.21;23.96;27.17;21.48;14.92;
2019-03-25;17.46;13.35;24.23;15.81;18.14;
2019-03-26;35.67;20.04;29.26;38.98;39.32;
2019-03-27;25.3;30.62;27.87;20.25;30.39;
2019-03-28;23.11;18.26;16.03;5.87;14.42;
2019-03-29;21.38;21.37;20.52;7.12;27.68;
2019-03-30;24.18;38.05;15.64;17.27;10.31;
2019-03-31;21.13;16.14;15.8;3.86;32.38;
2019-04-01;26.15;23.16;20.39;20.62;25.88;
2019-04-02;11.99;21.55;13.33;24.53;6.62;
2019-04-03;6.44;4.15;12.89;16.74;10.55;
2019-04-04;25.16;14.73;20.97;3.02;25.68;
2019-04-05;24.31;27.68;26.88;7.61;27.69;
2019-04-06;41.36;33.01;48.7;30.05;29.88;
2019-04-07;23.05;18.28;24.4;10.43;5.23;
2019-04-08;19.77;16.05;11.42;21.1;10.07;
2019-04-09;24.62;22.23;22.43;37.65;25.33;
2019-04-10;16.34;18.91;13.81;41.9;8.1;
2019-04-11;7.23;5.17;12.06;17.64;3.45;
2019-04-12;10.64;9.54;9.35;4.82;6.72;
2019-04-13;20.55;17.22;23.78;16.4;14.93;
2019-04-14;7.67;4.87;8.44;9.9;3.28;
2019-04-15;10.76;9.0;12.93;15.29;11.05;
2019-04-16;17.0;14.16;21.48;7.07;30.88;
2019-04-17;15.83;20.22;18.88;3.17;4.59;
2019-04-18;12.33;5.28;6.2;24.83;1.74;
2019-04-19;11.06;3.37;4.92;37.67;10.14;
2019-04-20;24.26;21.62;30.92;39.63;16.95;
2019-04-21;15.35;9.01;14.53;33.81;2.89;
2019-04-22;11.56;6.48;11.27;17.11;28.67;
2019-04-23;22.34;27.2;25.7;20.68;32.07;
2019-04-24;21.16;31.83;17.02;11.26;33.97;
2019-04-25;17.69;24.89;22.78;6.26;11.99;
2019-04-26;9.22;6.9;10.65;16.61;2.4;
2019-04-27;15.29;8.77;16.18;14.74;12.24;
2019-04-28;13.81;9.95;17.6;9.72;5.13;
2019-04-29;25.26;29.31;14.58;8.25;14.67;
2019-04-30;8.37;5.86;10.08;28.43;6.26;
2019-05-01;7.65;7.21;7.51;10.29;1.82;
2019-05-02;12.87;11.06;19.13;21.38;26.21;
2019-05-03;16.09;22.49;22.11;18.0;34.27;
2019-05-04;17.49;32.99;24.44;29.7;33.29;
2019-05-05;18.74;31.19;16.45;5.57;25.09;
2019-05-06;15.18;23.85;24.23;3.91;12.12;
2019-05-07;17.48;16.19;20.24;4.7;20.78;
2019-05-08;18.03;18.59;22.58;7.82;10.42;
2019-05-09;4.9;5.22;9.62;2.92;4.77;
2019-05-10;10.33;16.12;13.12;6.99;9.33;
2019-05-11;20.47;15.74;17.03;16.23;14.44;
2019-05-12;10.12;8.48;9.83;2.22;5.0;
2019-05-13;8.29;8.4;6.34;9.04;5.3;
2019-05-14;11.52;12.22;12.82;3.82;18.4;
2019-05-15;15.08;16.66;25.46;6.05;8.71;
2019-05-16;9.18;10.47;19.28;2.53;16.4;
2019-05-17;14.42;16.28;18.49;2.21;11.86;
2019-05-18;16.26;14.19;19.71;12.3;24.36;
2019-05-19;10.82;18.28;18.29;7.51;4.33;
2019-05-20;6.67;5.18;9.17;10.59;3.09;
2019-05-21;6.3;8.61;12.36;9.59;4.76;
2019-05-22;4.87;3.98;10.34;13.61;6.33;
2019-05-23;7.52;4.59;7.55;12.12;2.14;
2019-05-24;7.16;2.2;5.42;5.43;2.93;
2019-05-25;8.55;1.76;11.62;6.63;12.12;
2019-05-26;7.83;1.05;5.98;3.27;1.9;
2019-05-27;5.65;5.81;4.73;4.91;7.35;
2019-05-28;7.08;8.75;6.12;4.63;3.02;
2019-05-29;5.45;7.29;10.47;5.6;4.22;
2019-05-30;5.3;3.06;13.27;2.84;2.27;
2019-05-31;4.38;0.94;4.02;5.14;2.42;
2019-06-01;4.77;2.55;8.43;7.99;10.7;
2019-06-02;8.18;9.33;11.6;6.67;2.89;
2019-06-03;4.77;7.16;8.07;2.95;10.73;
2019-06-04;10.54;4.58;9.03;4.66;6.55;
2019-06-05;9.62;3.32;12.64;3.6;12.34;
2019-06-06;10.67;7.46;13.13;9.03;10.71;
2019-06-07;11.44;11.46;11.34;12.11;5.6;
2019-06-08;4.17;3.77;7.44;15.28;11.65;
2019-06-09;4.96;4.06;9.16;6.2;3.26;
2019-06-10;4.18;4.17;7.14;4.21;3.49;
2019-06-11;4.83;3.7;6.69;3.97;4.07;
2019-06-12;5.08;8.4;8.08;11.82;7.12;
2019-06-13;4.31;14.46;6.92;18.82;2.32;
2019-06-14;5.09;17.62;8.7;26.06;4.28;
2019-06-15;8.06;5.83;9.17;18.63;7.71;
2019-06-16;11.29;3.29;13.74;2.47;7.82;
2019-06-17;4.2;5.94;3.44;4.19;3.07;
2019-06-18;3.24;11.04;4.62;3.29;3.42;
2019-06-19;3.37;21.88;5.43;9.26;3.07;
2019-06-20;4.73;19.66;7.21;20.45;6.57;
2019-06-21;8.2;18.61;11.69;4.66;9.96;
2019-06-22;12.17;3.0;14.66;5.74;16.12;
2019-06-23;10.6;3.81;11.7;9.54;5.74;
2019-06-24;3.73;3.52;5.31;6.91;3.23;
2019-06-25;3.67;15.86;4.88;9.6;3.49;
2019-06-26;8.56;11.14;13.22;7.12;8.63;
2019-06-27;12.87;5.66;15.51;6.35;16.43;
2019-06-28;21.07;8.75;25.9;15.08;23.17;
2019-06-29;16.08;7.53;20.33;79.47;15.72;
2019-06-30;9.37;6.96;11.82;30.4;3.62;
2019-07-01;3.24;11.96;5.52;95.72;3.9;
2019-07-02;3.78;5.27;5.92;32.3;2.99;
2019-07-03;4.62;6.65;6.94;15.92;7.29;
2019-07-04;18.78;51.58;22.54;13.3;17.89;
2019-07-05;10.53;80.79;12.08;24.47;4.72;
2019-07-06;4.34;35.13;6.13;81.33;5.43;
2019-07-07;12.25;79.78;11.88;49.09;8.45;
2019-07-08;4.69;26.44;10.09;61.12;5.71;
2019-07-09;9.07;13.17;9.05;79.27;8.72;
2019-07-10;9.5;13.99;9.35;63.73;7.16;
2019-07-11;5.53;61.87;8.03;64.62;5.1;
2019-07-12;9.06;68.21;10.43;55.94;13.68;
2019-07-13;60.96;43.7;65.61;35.92;75.18;
2019-07-14;68.53;73.4;62.73;23.42;44.2;
2019-07-15;61.89;76.34;69.76;16.57;98.75;
2019-07-16;64.94;69.59;58.33;18.86;35.43;
2019-07-17;25.71;53.1;22.85;8.57;17.01;
2019-07-18;14.71;55.96;13.83;13.17;12.39;
2019-07-19;15.48;26.91;23.07;17.44;22.97;
2019-07-20;73.33;19.64;70.92;15.72;83.75;
2019-07-21;63.22;16.73;61.73;15.92;50.7;
2019-07-22;52.28;16.84;48.9;9.41;60.07;
2019-07-23;77.0;6.31;72.33;7.99;83.49;
2019-07-24;78.78;11.46;78.91;39.7;71.97;
2019-07-25;73.38;21.99;72.75;14.26;70.25;
2019-07-26;53.56;14.46;51.7;6.41;55.49;
2019-07-27;46.47;16.51;53.22;7.12;40.16;
2019-07-28;24.19;6.04;25.58;6.57;21.86;
2019-07-29;18.24;19.0;17.91;4.39;16.69;
2019-07-30;16.63;23.46;16.82;3.95;18.27;
2019-07-31;13.52;12.24;14.31;5.49;8.84;
2019-08-01;7.76;7.38;11.63;12.15;11.37;
2019-08-02;14.02;8.62;12.52;26.63;13.92;
2019-08-03;16.04;10.1;20.78;66.25;15.6;
2019-08-04;16.0;5.97;17.85;30.87;15.3;
2019-08-05;16.85;10.69;16.49;31.49;9.57;
2019-08-06;5.89;15.49;9.08;15.64;6.95;
2019-08-07;28.43;8.41;8.77;8.08;34.14;
2019-08-08;19.04;12.71;4.88;7.97;12.97;
2019-08-09;9.46;10.15;17.18;3.65;5.77;
2019-08-10;5.25;15.39;12.4;12.77;5.55;
2019-08-11;7.87;23.46;7.14;13.22;4.58;
2019-08-12;3.72;12.19;11.59;11.54;3.6;
2019-08-13;2.53;11.0;10.45;13.95;2.89;
2019-08-14;8.39;5.88;10.52;12.17;5.39;
2019-08-15;7.11;15.24;16.19;14.26;9.29;
2019-08-16;12.96;9.38;12.83;18.06;23.24;
2019-08-17;62.65;4.75;12.12;19.75;56.65;
2019-08-18;39.86;16.94;10.0;10.04;28.57;
2019-08-19;25.97;11.63;9.09;11.8;29.67;
2019-08-20;22.65;7.88;12.33;6.03;15.84;
2019-08-21;5.18;10.57;9.63;10.01;7.47;
2019-08-22;6.58;6.79;9.45;19.81;5.88;
2019-08-23;14.25;4.29;11.28;9.47;3.28;
2019-08-24;5.21;5.27;11.41;24.97;11.33;
2019-08-25;18.14;13.94;14.54;21.24;12.24;
2019-08-26;9.79;7.56;7.0;20.04;8.56;
2019-08-27;11.84;5.01;3.57;4.5;11.87;
2019-08-28;8.53;3.15;2.34;1.81;7.29;
2019-08-29;9.78;9.09;3.65;1.23;9.83;
2019-08-30;17.09;38.51;4.32;2.13;15.36;
2019-08-31;15.28;26.87;5.27;1.68;19.4;
2019-09-01;6.49;7.36;20.68;4.93;7.1;
2019-09-02;15.55;6.22;17.3;27.86;10.88;
2019-09-03;8.76;32.49;12.47;15.16;5.34;
2019-09-04;6.81;48.14;5.13;5.12;4.92;
2019-09-05;9.59;29.7;2.71;9.48;11.59;
2019-09-06;11.73;3.83;3.66;5.95;7.71;
2019-09-07;18.02;4.14;4.75;21.27;16.41;
2019-09-08;21.68;4.52;2.02;22.31;14.62;
2019-09-09;21.12;10.8;3.91;6.29;15.4;
2019-09-10;10.31;23.43;16.34;18.13;3.51;
2019-09-11;4.45;6.27;16.27;8.1;1.7;
2019-09-12;4.03;8.4;4.83;17.6;0.72;
2019-09-13;5.18;22.79;3.79;24.68;1.4;
2019-09-14;7.2;11.89;0.98;10.37;1.09;
2019-09-15;8.2;10.8;0.12;8.8;2.5;
2019-09-16;18.62;11.43;2.39;1.52;22.83;
2019-09-17;14.43;19.02;20.11;17.41;9.82;
2019-09-18;6.25;22.75;80.44;11.75;3.77;
2019-09-19;7.18;13.09;80.42;25.49;7.32;
2019-09-20;8.98;8.29;80.4;3.98;5.54;
2019-09-21;11.39;16.14;80.38000000000001;3.82;13.55;
2019-09-22;15.48;5.03;80.36000000000001;35.54;19.81;
2019-09-23;11.77;6.61;80.34000000000002;10.05;4.98;
2019-09-24;8.65;28.18;80.32000000000002;9.74;13.15;
2019-09-25;8.95;129.43;80.30000000000003;25.3;5.76;
2019-09-26;12.64;131.59;80.28000000000003;6.49;11.28;
2019-09-27;15.7;114.73;80.26000000000003;11.21;22.68;
2019-09-28;17.31;46.77;80.24000000000004;36.09;10.64;
2019-09-29;12.87;19.52;80.22000000000004;1.57;7.92;
2019-09-30;6.03;11.48;80.20000000000005;12.82;0.76;
2019-10-01;7.58;8.43;80.18000000000005;26.06;8.9;
2019-10-02;13.31;108.08;80.16000000000005;11.17;5.17;
2019-10-03;12.69;24.38;80.14000000000006;4.5;15.98;
2019-10-04;10.35;53.19;80.12000000000006;7.76;4.2;
2019-10-05;7.08;27.7;80.10000000000007;36.53;3.6;
2019-10-06;23.8;5.57;80.08000000000007;69.36;26.87;
2019-10-07;14.68;3.51;80.06000000000007;14.38;5.77;
2019-10-08;7.34;32.84;80.04000000000008;3.08;4.13;
2019-10-09;15.36;33.27;80.02000000000008;1.75;12.84;
2019-10-10;19.11;9.43;80.00000000000009;3.06;7.38;
2019-10-11;8.73;7.86;79.98000000000009;15.61;7.72;
2019-10-12;26.0;7.61;79.9600000000001;11.79;35.16;
2019-10-13;35.73;11.19;79.9400000000001;3.27;18.81;
2019-10-14;11.19;14.03;79.9200000000001;8.09;3.18;
2019-10-15;17.06;41.44;79.9000000000001;20.24;21.07;
2019-10-16;13.61;12.25;79.88000000000011;9.71;3.16;
2019-10-17;11.21;9.58;79.86000000000011;3.38;1.93;
2019-10-18;6.73;6.88;79.84000000000012;3.52;1.71;
2019-10-19;13.29;56.41;79.82000000000012;12.6;6.25;
2019-10-20;14.59;58.75;79.80000000000013;15.19;3.71;
2019-10-21;16.63;50.53;79.78000000000013;11.25;3.59;
2019-10-22;19.86;85.26;79.76000000000013;5.33;3.75;
2019-10-23;14.29;88.88;79.74000000000014;12.57;1.6;
2019-10-24;6.91;10.63;79.72000000000014;2.85;1.7;
2019-10-25;6.9;11.42;79.70000000000014;1.95;0.71;
2019-10-26;15.92;35.48;79.68000000000015;57.82;5.58;
2019-10-27;18.74;95.41;79.66000000000015;161.01;1.41;
2019-10-28;7.94;152.37;79.64000000000016;166.94;2.57;
2019-10-29;5.21;160.79;79.62000000000016;139.78;1.57;
2019-10-30;20.54;93.62;79.60000000000016;23.13;24.11;
2019-10-31;35.45;8.61;79.58000000000017;23.74;18.29;
2019-11-01;19.15;8.99;79.56000000000017;3.53;8.0;
2019-11-02;7.93;9.370000000000001;79.54000000000018;56.02;3.13;
2019-11-03;11.18;9.750000000000002;79.52000000000018;143.07;18.35;
2019-11-04;30.14;10.130000000000003;79.50000000000018;10.62;23.82;
2019-11-05;48.67;10.510000000000003;79.48000000000019;82.95;57.25;
2019-11-06;17.77;10.890000000000004;79.46000000000019;8.74;3.56;
2019-11-07;17.2;11.270000000000005;79.4400000000002;1.82;2.23;
2019-11-08;8.86;11.650000000000006;79.4200000000002;1.29;1.08;
2019-11-09;7.31;12.030000000000006;79.4000000000002;21.2;5.53;
2019-11-10;16.7;12.410000000000007;79.38000000000021;13.02;28.51;
2019-11-11;16.25;12.790000000000008;79.36000000000021;4.7;2.56;
2019-11-12;23.39;13.170000000000009;79.34000000000022;4.96;2.56;
2019-11-13;16.55;13.55000000000001;79.32000000000022;3.68;2.68;
2019-11-14;18.12;13.93000000000001;79.30000000000022;6.95;2.8000000000000003;
2019-11-15;12.1;14.310000000000011;79.28000000000023;38.96;2.9200000000000004;
2019-11-16;23.64;14.690000000000012;79.26000000000023;27.93;3.0400000000000005;
2019-11-17;45.29;15.070000000000013;79.24000000000024;9.86;3.1600000000000006;
2019-11-18;46.42;15.450000000000014;79.22000000000024;6.42;3.2800000000000007;
2019-11-19;30.5;15.830000000000014;79.20000000000024;4.74;3.400000000000001;
2019-11-20;23.18;16.210000000000015;79.18000000000025;67.59;3.520000000000001;
2019-11-21;22.04;16.590000000000014;79.16000000000025;40.22;3.640000000000001;
2019-11-22;25.65;16.970000000000013;79.14000000000026;43.27;3.760000000000001;
2019-11-23;23.1;17.350000000000012;79.12000000000026;116.77;3.8800000000000012;
2019-11-24;13.36;17.73000000000001;79.10000000000026;69.44;4.000000000000001;
2019-11-25;49.51;18.11000000000001;79.08000000000027;6.26;4.120000000000001;
2019-11-26;158.96;18.49000000000001;79.06000000000027;14.03;4.240000000000001;
2019-11-27;176.2;18.870000000000008;79.04000000000028;56.26;4.360000000000001;
2019-11-28;131.94;19.250000000000007;79.02000000000028;146.91;4.480000000000001;
2019-11-29;51.93;19.630000000000006;79.00000000000028;175.14;4.600000000000001;
2019-11-30;27.17;20.010000000000005;78.98000000000029;146.14;4.7200000000000015;
2019-12-01;12.04;20.390000000000004;78.96000000000029;62.42;4.840000000000002;
2019-12-02;33.13;20.770000000000003;78.9400000000003;60.86;4.960000000000002;
2019-12-03;81.63;21.150000000000002;78.9200000000003;59.3;5.080000000000002;
2019-12-04;18.92;21.53;78.9000000000003;57.739999999999995;5.200000000000002;
2019-12-05;66.01;21.91;78.88000000000031;56.17999999999999;5.320000000000002;
2019-12-06;30.26;22.29;78.86000000000031;54.61999999999999;5.440000000000002;
2019-12-07;13.62;22.669999999999998;78.84000000000032;53.05999999999999;5.560000000000002;
2019-12-08;16.93;23.049999999999997;78.82000000000032;51.499999999999986;5.680000000000002;
2019-12-09;33.9;23.429999999999996;78.80000000000032;49.93999999999998;5.8000000000000025;
2019-12-10;37.42;23.809999999999995;78.78000000000033;48.37999999999998;5.920000000000003;
2019-12-11;12.35;24.189999999999994;78.76000000000033;46.81999999999998;6.040000000000003;
2019-12-12;25.64;24.569999999999993;78.74000000000034;45.25999999999998;6.160000000000003;
2019-12-13;11.46;24.949999999999992;78.72000000000034;43.699999999999974;6.280000000000003;
2019-12-14;17.1;25.32999999999999;78.70000000000034;42.13999999999997;6.400000000000003;
2019-12-15;27.18;25.70999999999999;78.68000000000035;40.57999999999997;6.520000000000003;
2019-12-16;51.5;26.08999999999999;78.66000000000035;39.01999999999997;6.640000000000003;
2019-12-17;26.83;26.469999999999988;78.64000000000036;37.459999999999965;6.760000000000003;
2019-12-18;26.53;26.849999999999987;78.62000000000036;35.89999999999996;6.8800000000000034;
2019-12-19;34.09;27.229999999999986;78.60000000000036;34.33999999999996;7.0000000000000036;
2019-12-20;48.36;27.609999999999985;78.58000000000037;32.77999999999996;7.120000000000004;
2019-12-21;58.95;27.989999999999984;78.56000000000037;31.21999999999996;7.240000000000004;
2019-12-22;61.56;28.369999999999983;78.54000000000038;29.65999999999996;7.360000000000004;
2019-12-23;105.31;28.749999999999982;78.52000000000038;28.099999999999962;7.480000000000004;
2019-12-24;107.66;29.12999999999998;78.50000000000038;26.539999999999964;7.600000000000004;
2019-12-25;23.19;29.50999999999998;78.48000000000039;24.979999999999965;7.720000000000004;
2019-12-26;15.36;29.88999999999998;78.46000000000039;23.419999999999966;7.840000000000004;
2019-12-27;30.03;30.26999999999998;78.4400000000004;21.859999999999967;7.960000000000004;
2019-12-28;134.61;30.649999999999977;78.4200000000004;20.29999999999997;8.080000000000004;
2019-12-29;178.61;31.029999999999976;78.4000000000004;18.73999999999997;8.200000000000003;
2019-12-30;125.99;31.409999999999975;78.38000000000041;17.17999999999997;8.320000000000002;
2019-12-31;101.72;31.57;78.61;15.7;8.42;12.12
2020-01-01;34.18;22.59;54.42;30.96;40.74;44.26
2020-01-02;29.38;7.32;3.69;2.68;37.05;9.13
2020-01-03;9.87;5.77;3.99;2.26;11.38;9.69
2020-01-04;22.11;11.06;18.14;11.76;12.02;3.6
2020-01-05;16.72;7.37;11.52;4.54;12.05;58.92
2020-01-06;19.79;8.61;23.63;4.49;28.79;11.55
2020-01-07;44.81;22.19;49.15;30.89;38.32;6.83
2020-01-08;48.22;33.79;39.15;45.42;17.09;81.47
2020-01-09;121.96;96.03;63.74;117.55;5.25;189.19
2020-01-10;165.03;135.42;85.78;140.53;8.37;7.48
2020-01-11;198.85;152.4;80.8;170.29;2.15;6.3
2020-01-12;138.11;113.37;86.37;128.9;1.76;17.35
2020-01-13;36.53;10.7;85.12;8.05;13.64;118.21
2020-01-14;34.77;11.27;37.33;10.27;1.49;186.75
2020-01-15;46.57;13.33;24.5;10.65;4.62;120.9
2020-01-16;27.99;9.66;11.07;5.23;2.48;16.3
2020-01-17;18.13;6.79;4.65;2.98;0.75;118.01
2020-01-18;13.6;5.7;6.31;1.81;18.79;137.71
2020-01-19;34.36;10.67;16.37;10.64;1.67;188.47
2020-01-20;13.35;4.31;4.5;1.92;18.94;82.61
2020-01-21;15.78;6.15;6.61;2.63;15.81;119.57
2020-01-22;98.13;81.33;60.56;96.04;9.46;75.56
2020-01-23;41.11;46.64;71.27;40.36;5.67;148.73
2020-01-24;16.9;6.35;12.7;3.7;7.9;145.68
2020-01-25;18.02;6.51;9.38;3.28;5.72;59.64
2020-01-26;24.84;17.76;24.58;23.01;8.89;5.63
2020-01-27;63.53;65.14;32.94;58.91;8.83;26.08
2020-01-28;64.81;59.6;45.85;62.25;6.11;69.0
2020-01-29;21.35;12.95;15.38;8.57;9.19;27.44
2020-01-30;32.21;25.28;23.5;26.04;7.13;37.15
2020-01-31;65.97;44.72;35.65;57.77;7.66;147.69
2020-02-01;93.16;100.12;56.23;119.03;11.14;163.81
2020-02-02;122.77;118.68;40.79;142.57;9.72;188.07
2020-02-03;76.39;87.94;31.31;95.19;4.59;193.01
2020-02-04;63.77;44.69;53.48;58.96;4.87;225.46
2020-02-05;72.48;40.56;51.68;57.26;2.19;128.9
2020-02-06;134.71;111.7;112.63;138.47;2.2;6.45
2020-02-07;25.52;8.74;22.45;5.62;1.36;7.41
2020-02-08;33.93;31.49;18.32;22.65;1.65;36.05
2020-02-09;13.47;10.04;9.98;5.28;1.54;72.51
2020-02-10;11.33;9.71;11.31;8.33;0.7;81.07
2020-02-11;23.2;23.96;26.99;29.17;1.86;66.25
2020-02-12;22.43;3.91;7.79;2.85;2.38;105.83
2020-02-13;39.68;41.04;24.06;41.09;0.79;106.0
2020-02-14;60.0;56.58;54.41;68.59;5.9;40.8
2020-02-15;115.11;97.36;81.64;123.93;2.85;8.63
2020-02-16;139.76;116.87;109.98;144.43;3.01;33.63
2020-02-17;176.14;139.17;110.88;162.82;2.6;98.26
2020-02-18;136.31;121.49;95.1;115.01;2.51;36.82
2020-02-19;27.07;11.67;26.33;9.01;1.95;63.91
2020-02-20;29.8;6.38;9.07;4.65;2.9;15.33
2020-02-21;13.25;5.44;8.29;3.45;4.49;14.4
2020-02-22;23.53;20.1;25.25;20.62;5.55;83.0
2020-02-23;49.85;49.71;34.16;48.08;6.43;43.57
2020-02-24;52.04;51.64;24.96;39.88;3.8;4.6
2020-02-25;64.04;56.92;42.98;60.82;3.22;7.62
2020-02-26;78.37;65.36;63.1;78.59;4.17;30.88
2020-02-27;62.58;56.4;46.75;54.6;4.43;3.86
2020-02-28;32.33;15.69;14.69;14.9;5.2;8.21
2020-02-29;28.89;9.92;13.02;8.05;5.3;77.4
2020-03-01;35.43;36.86;21.29;38.14;2.54;13.46
2020-03-02;42.09;49.46;17.97;53.79;3.21;6.45
2020-03-03;34.36;21.96;24.14;24.6;5.41;5.11
2020-03-04;34.03;31.87;22.47;39.59;14.51;57.99
2020-03-05;16.81;6.18;9.15;4.22;8.27;5.72
2020-03-06;29.24;36.15;28.74;25.23;10.45;6.34
2020-03-07;20.71;25.99;14.24;19.06;15.93;5.78
2020-03-08;14.52;5.31;5.38;2.67;20.62;71.26
2020-03-09;18.85;4.99;6.66;2.67;2.39;3.89
2020-03-10;19.71;8.2;11.85;6.23;3.17;34.21
2020-03-11;16.65;4.13;7.58;1.87;9.75;11.28
2020-03-12;15.79;4.65;6.7;3.2;16.11;5.39
2020-03-13;15.78;4.64;20.61;4.26;14.91;4.19
2020-03-14;19.91;16.97;19.24;21.22;7.63;5.21
2020-03-15;11.67;4.3;8.07;3.39;10.28;7.86
2020-03-16;6.66;5.57;5.79;3.26;13.49;5.18
2020-03-17;13.22;10.01;14.17;10.59;5.0;3.36
2020-03-18;13.71;5.84;5.16;6.46;6.25;19.52
2020-03-19;12.12;2.14;8.91;2.1;5.89;64.82
2020-03-20;10.85;7.43;13.84;4.26;6.23;59.11
2020-03-21;19.65;10.59;6.97;3.61;4.37;20.52
2020-03-22;9.22;2.86;5.7;2.09;16.5;39.92
2020-03-23;4.82;3.96;8.52;2.54;13.36;30.0
2020-03-24;12.44;5.29;9.09;8.17;7.72;67.88
2020-03-25;15.96;3.7;5.04;2.64;5.87;54.9
2020-03-26;12.04;5.99;8.13;3.03;1.87;16.54
2020-03-27;6.57;2.95;3.65;1.73;3.38;25.0
2020-03-28;8.19;3.32;4.56;2.33;4.31;61.12
2020-03-29;8.0;2.5;5.71;1.22;10.1;49.45
2020-03-30;6.62;2.47;4.59;1.36;8.88;23.9
2020-03-31;8.31;3.63;4.1;3.04;5.09;11.04
2020-04-01;17.33;12.18;17.52;16.4;4.37;54.19
2020-04-02;26.48;29.38;29.32;36.97;2.58;37.69
2020-04-03;12.78;9.36;18.0;5.66;2.91;23.33
2020-04-04;20.02;25.47;19.98;18.56;12.37;44.29
2020-04-05;29.89;28.24;16.13;25.29;11.11;13.15
2020-04-06;29.28;26.68;23.58;28.02;7.74;4.54
2020-04-07;29.71;36.26;30.64;38.83;7.52;32.37
2020-04-08;21.46;32.49;27.1;26.95;11.26;65.21
2020-04-09;9.52;9.01;13.47;5.55;9.49;42.88
2020-04-10;18.27;15.39;23.44;7.5;3.2;41.02
2020-04-11;20.81;46.15;23.22;20.12;6.44;36.55
2020-04-12;39.46;28.52;27.66;27.77;5.33;15.28
2020-04-13;16.73;17.17;15.55;16.1;7.71;39.98
2020-04-14;19.42;38.19;24.51;28.81;8.05;48.59
2020-04-15;40.33;27.58;27.91;33.96;17.88;31.32
2020-04-16;9.98;9.03;11.76;6.88;13.98;7.42
2020-04-17;19.17;17.28;19.21;15.52;10.97;20.43
2020-04-18;24.49;31.09;21.7;18.73;11.9;3.69
2020-04-19;8.24;14.19;8.88;9.2;33.79;5.64
2020-04-20;9.97;23.46;15.7;7.14;31.8;26.54
2020-04-21;27.31;37.34;32.59;31.39;40.0;2.56
2020-04-22;20.62;48.95;26.52;45.43;34.66;7.16
2020-04-23;17.18;36.64;32.55;30.26;20.69;6.2
2020-04-24;19.13;15.44;27.72;14.91;15.9;7.96
2020-04-25;18.77;15.81;22.97;15.62;13.0;33.17
2020-04-26;13.45;25.02;24.53;17.19;19.15;24.29
2020-04-27;23.06;35.0;37.06;38.44;7.96;26.12
2020-04-28;28.94;34.39;39.99;33.95;7.72;23.16
2020-04-29;16.16;14.03;18.52;13.93;6.78;17.0
2020-04-30;8.14;11.71;16.14;6.29;3.55;8.44
2020-05-01;7.45;5.53;9.67;5.68;10.67;27.68
2020-05-02;3.78;3.87;4.1;1.85;8.8;6.8
2020-05-03;6.59;12.21;10.28;5.56;2.4;20.32
2020-05-04;7.62;10.48;8.47;11.96;4.03;15.46
2020-05-05;6.9;4.9;4.43;2.62;5.3;7.98
2020-05-06;6.69;5.98;5.83;4.98;6.17;11.36
2020-05-07;5.35;2.73;4.27;2.29;4.15;8.95
2020-05-08;6.35;9.25;12.85;11.41;7.31;9.72
2020-05-09;15.62;9.71;11.94;12.98;8.38;13.84
2020-05-10;8.85;18.31;13.38;12.13;14.46;14.13
2020-05-11;14.15;20.44;30.28;20.44;4.33;10.35
2020-05-12;13.28;19.02;15.21;16.59;8.92;9.6
2020-05-13;7.38;5.31;8.45;8.51;3.71;3.33
2020-05-14;9.76;13.45;10.96;8.93;2.73;11.73
2020-05-15;8.32;11.8;10.15;7.63;4.05;11.5
2020-05-16;9.27;15.39;8.43;10.63;2.75;14.09
2020-05-17;8.66;12.73;10.91;9.98;7.77;3.18
2020-05-18;5.77;15.31;14.79;7.78;15.12;2.34
2020-05-19;9.08;13.46;15.71;9.98;9.24;15.87
2020-05-20;11.51;10.72;14.06;11.72;13.05;10.3
2020-05-21;5.67;14.01;8.27;6.53;10.31;11.04
2020-05-22;9.87;16.13;14.34;12.01;18.06;18.49
2020-05-23;12.45;13.07;15.81;12.62;22.13;10.84
2020-05-24;9.71;8.61;11.76;11.95;20.07;11.5
2020-05-25;3.73;6.97;5.95;6.65;15.94;12.33
2020-05-26;6.41;4.87;6.9;5.61;19.42;7.0
2020-05-27;2.99;4.39;2.68;1.04;17.15;12.32
2020-05-28;4.53;4.68;7.41;2.87;22.46;11.05
2020-05-29;5.92;2.84;4.75;2.71;16.92;7.96
2020-05-30;4.69;3.58;3.87;2.12;1.74;13.77
2020-05-31;3.89;1.45;2.78;1.03;2.06;16.03
2020-06-01;4.93;3.88;4.39;2.06;25.15;5.98
2020-06-02;6.18;6.52;10.37;3.65;14.92;8.68
2020-06-03;4.47;2.23;2.88;1.51;10.55;7.1
2020-06-04;4.37;12.63;9.18;4.85;6.22;6.92
2020-06-05;5.98;4.42;7.88;5.64;6.7;8.11
2020-06-06;4.36;6.04;7.18;3.64;2.09;13.21
2020-06-07;5.29;8.15;7.44;4.11;2.92;7.72
2020-06-08;2.81;3.32;4.19;3.58;3.53;10.54
2020-06-09;4.66;3.84;5.61;3.59;15.59;11.64
2020-06-10;4.05;4.71;7.62;3.03;6.9;16.86
2020-06-11;5.17;6.03;5.93;4.39;2.24;11.12
2020-06-12;6.52;8.33;8.82;5.89;2.94;13.11
2020-06-13;7.4;8.66;14.06;7.24;1.37;19.81
2020-06-14;7.97;6.3;8.81;6.81;1.58;21.66
2020-06-15;3.18;7.46;7.89;4.58;20.52;4.34
2020-06-16;3.43;6.27;3.58;4.42;4.76;6.1
2020-06-17;4.33;6.58;4.9;5.67;2.03;14.48
2020-06-18;5.56;8.36;6.95;6.6;2.14;16.49
2020-06-19;7.22;9.43;10.16;6.33;1.52;15.12
2020-06-20;4.85;4.27;5.94;3.62;0.76;10.96
2020-06-21;6.66;6.22;8.12;3.25;1.68;12.2
2020-06-22;2.9;6.71;4.83;4.74;19.56;18.92
2020-06-23;8.42;16.47;10.73;10.46;12.7;7.92
2020-06-24;14.21;10.6;15.29;13.69;4.57;8.91
2020-06-25;9.31;10.98;11.57;9.55;1.6;7.62
2020-06-26;12.68;18.64;14.83;15.23;2.2;9.79
2020-06-27;16.05;22.83;14.93;16.74;22.43;8.43
2020-06-28;10.76;10.14;10.7;13.08;3.83;23.38
2020-06-29;3.98;4.68;4.72;2.84;0.9;17.48
2020-06-30;6.7;11.59;10.71;6.94;1.93;9.1
2020-07-01;13.39;16.77;15.33;13.36;5.5;7.57
2020-07-02;17.4;16.45;19.08;17.49;2.8;8.84
2020-07-03;9.32;11.37;13.55;11.38;3.77;4.84
2020-07-04;9.92;11.28;13.44;9.8;6.15;6.66
2020-07-05;9.62;14.05;11.8;10.85;4.57;13.68
2020-07-06;10.76;8.67;19.04;12.69;20.06;10.0
2020-07-07;4.07;6.6;9.63;4.9;1.86;6.41
2020-07-08;7.83;8.45;9.34;8.04;7.63;6.18
2020-07-09;5.52;9.56;7.04;5.96;0.66;4.86
2020-07-10;9.34;7.92;7.63;6.75;1.5;6.14
2020-07-11;9.23;18.14;15.3;11.35;6.07;17.31
2020-07-12;10.76;16.8;14.85;15.58;28.44;13.48
2020-07-13;10.23;8.06;10.45;13.51;4.91;9.79
2020-07-14;8.08;8.5;11.39;9.14;1.96;8.33
2020-07-15;2.85;10.47;6.15;2.3;2.6;12.71
2020-07-16;2.98;3.87;4.43;3.2;0.78;10.31
2020-07-17;3.81;5.62;5.35;3.56;1.58;7.03
2020-07-18;4.65;13.2;7.32;9.7;15.76;12.09
2020-07-19;8.89;9.12;8.51;10.94;4.85;9.34
2020-07-20;4.89;7.22;4.8;5.88;3.76;15.33
2020-07-21;7.66;4.74;8.77;7.53;2.6;11.94
2020-07-22;2.17;4.24;4.04;2.53;0.46;20.15
2020-07-23;3.33;6.18;4.8;2.71;0.8;17.54
2020-07-24;3.85;18.21;8.14;7.82;17.17;16.54
2020-07-25;12.31;14.42;12.64;14.04;35.43;17.12
2020-07-26;9.74;7.51;9.07;8.99;67.51;37.81
2020-07-27;5.77;9.3;7.57;6.71;86.13;36.39
2020-07-28;7.97;10.37;9.15;10.98;90.04;39.97
2020-07-29;7.75;8.74;9.92;9.9;16.42;37.31
2020-07-30;5.33;6.84;7.96;7.46;4.92;27.27
2020-07-31;6.68;8.62;9.85;6.34;1.69;21.18
2020-08-01;7.65;7.7;9.51;6.64;1.72;15.2
2020-08-02;7.19;7.76;10.41;8.94;2.31;25.06
2020-08-03;6.91;13.48;9.75;7.39;10.63;8.21
2020-08-04;14.02;18.13;18.76;14.91;15.13;15.23
2020-08-05;18.45;12.65;22.9;17.47;18.32;11.19
2020-08-06;10.65;12.29;11.41;12.62;26.11;7.5
2020-08-07;9.72;25.03;11.37;11.58;89.43;13.88
2020-08-08;21.96;35.39;24.07;27.58;111.28;9.89
2020-08-09;26.88;40.97;34.49;32.08;159.37;8.92
2020-08-10;36.62;39.12;37.71;38.84;140.51;7.78
2020-08-11;35.8;34.09;40.05;38.02;10.81;10.28
2020-08-12;31.78;14.21;32.92;35.81;14.71;10.96
2020-08-13;14.34;13.43;20.72;17.81;9.0;13.13
2020-08-14;12.39;19.71;14.25;14.52;4.14;14.76
2020-08-15;13.83;18.24;23.64;16.82;16.19;17.05
2020-08-16;16.58;8.06;14.83;17.17;7.27;21.83
2020-08-17;6.82;11.32;7.43;6.61;7.28;11.22
2020-08-18;7.65;6.57;10.42;9.56;3.07;13.64
2020-08-19;4.67;10.46;10.52;6.9;6.4;5.07
2020-08-20;3.51;11.82;8.08;6.85;42.55;4.96
2020-08-21;9.39;7.5;11.57;12.55;23.73;5.79
2020-08-22;5.89;6.35;10.96;4.71;7.28;8.36
2020-08-23;6.65;11.06;9.3;3.44;17.46;21.33
2020-08-24;4.54;11.47;12.38;6.09;4.48;28.19
2020-08-25;5.65;17.06;8.26;8.61;4.78;19.38
2020-08-26;5.72;11.18;8.92;6.88;10.41;28.71
2020-08-27;5.27;4.59;10.82;8.1;123.7;21.84
2020-08-28;8.26;6.75;12.06;14.25;2.39;26.8
2020-08-29;8.47;2.3;8.57;14.2;0.79;35.1
2020-08-30;7.78;5.56;12.48;9.91;10.08;43.55
2020-08-31;5.48;3.78;9.96;10.14;16.63;37.18
2020-09-01;5.86;8.47;7.47;6.64;3.27;31.41
2020-09-02;2.88;17.19;8.1;2.68;2.92;32.32
2020-09-03;5.94;14.57;7.44;5.07;59.38;25.55
2020-09-04;3.7;13.12;6.48;3.54;3.56;35.9
2020-09-05;5.79;8.62;10.74;9.27;6.26;6.33
2020-09-06;17.66;12.04;14.75;16.32;50.15;4.52
2020-09-07;14.56;19.2;16.82;13.7;130.2;42.96
2020-09-08;13.47;22.11;16.46;19.18;190.21;26.54
2020-09-09;9.16;23.28;12.25;15.33;143.47;20.41
2020-09-10;12.42;14.23;15.69;16.95;129.11;18.6
2020-09-11;17.8;25.08;19.76;21.54;136.06;14.28
2020-09-12;25.74;18.16;19.77;33.02;135.71;11.62
2020-09-13;25.28;22.72;23.55;24.59;135.36;8.08
2020-09-14;15.85;10.1;26.12;21.05;135.01000000000002;33.07
2020-09-15;17.31;1.67;17.4;21.96;134.66000000000003;52.41
2020-09-16;13.87;19.0;13.99;22.28;134.31000000000003;25.32
2020-09-17;21.22;21.07;19.53;28.38;133.96000000000004;47.59
2020-09-18;9.99;19.55;14.03;8.87;133.61000000000004;25.18
2020-09-19;3.02;10.82;4.05;2.27;133.26000000000005;45.34
2020-09-20;13.01;12.02;13.83;14.8;132.91000000000005;14.43
2020-09-21;12.62;9.13;14.41;19.9;132.56000000000006;72.73
2020-09-22;15.3;8.65;10.93;18.24;132.21000000000006;20.69
2020-09-23;11.33;8.63;9.26;10.35;131.86000000000007;12.82
2020-09-24;6.12;15.43;6.66;6.36;131.51000000000008;8.27
2020-09-25;8.14;7.94;6.7;7.47;131.16000000000008;20.02
2020-09-26;6.34;15.4;4.76;2.7;130.8100000000001;3.12
2020-09-27;7.47;8.41;9.86;4.2;130.4600000000001;13.63
2020-09-28;19.95;5.78;18.45;19.43;130.1100000000001;34.78
2020-09-29;7.59;9.67;7.43;8.02;129.7600000000001;63.4
2020-09-30;15.35;16.93;11.84;14.76;129.4100000000001;31.98
2020-10-01;6.14;24.5;10.08;4.63;129.06000000000012;16.84
2020-10-02;11.56;6.01;8.24;3.23;128.71000000000012;10.82
2020-10-03;7.55;8.31;16.44;2.48;128.36000000000013;74.52
2020-10-04;13.96;7.87;22.33;16.76;128.01000000000013;6.98
2020-10-05;10.25;3.97;14.75;18.67;127.66000000000014;6.52
2020-10-06;12.99;3.62;10.1;4.16;127.31000000000014;4.92
2020-10-07;7.88;13.58;8.9;3.69;126.96000000000015;9.75
2020-10-08;7.38;36.46;7.3;2.91;126.61000000000016;9.63
2020-10-09;7.68;21.82;3.57;1.82;126.26000000000016;18.24
2020-10-10;10.62;8.6;5.57;2.12;125.91000000000017;48.13
2020-10-11;10.96;6.38;9.06;5.54;125.56000000000017;25.0
2020-10-12;35.22;23.36;13.14;25.64;125.21000000000018;50.33
2020-10-13;19.53;15.13;14.59;18.12;124.86000000000018;16.92
2020-10-14;10.25;4.63;6.86;3.2;124.51000000000019;43.95
2020-10-15;5.64;3.52;4.56;2.58;124.1600000000002;4.12
2020-10-16;27.16;5.65;19.98;25.49;123.8100000000002;8.35
2020-10-17;9.13;10.43;9.51;6.08;123.4600000000002;22.87
2020-10-18;5.25;4.98;4.1;2.74;123.11000000000021;44.37
2020-10-19;6.77;11.45;5.14;1.26;122.76000000000022;40.55
2020-10-20;10.73;10.38;8.28;4.05;122.41000000000022;12.3
2020-10-21;11.9;15.05;18.5;7.18;122.06000000000023;14.74
2020-10-22;8.34;17.1;10.8;3.24;121.71000000000024;2.59
2020-10-23;16.88;4.3;8.13;5.36;121.36000000000024;13.64
2020-10-24;12.79;12.97;12.58;9.21;121.01000000000025;33.8
2020-10-25;23.51;1.7;15.0;17.7;120.66000000000025;10.03
2020-10-26;14.55;4.67;12.99;9.93;120.31000000000026;10.38
2020-10-27;15.0;24.19;14.33;4.78;119.96000000000026;14.6
2020-10-28;15.99;39.43;12.37;13.03;119.61000000000027;2.42
2020-10-29;5.47;4.53;4.7;1.35;119.26000000000028;35.5
2020-10-30;11.47;4.37;8.42;3.33;118.91000000000028;38.68
2020-10-31;26.23;5.32;12.41;12.8;118.56000000000029;106.19
2020-11-01;39.57;1.8;21.3;24.79;118.21000000000029;123.47
2020-11-02;7.53;25.23;13.16;4.19;117.8600000000003;111.92
2020-11-03;9.0;13.66;5.87;3.64;117.5100000000003;137.58
2020-11-04;8.96;10.98;6.89;1.61;117.16000000000031;87.51
2020-11-05;8.09;9.09;3.13;1.11;116.81000000000031;9.54
2020-11-06;19.15;3.47;9.58;10.15;116.46000000000032;7.58
2020-11-07;11.45;7.02;16.97;9.31;116.11000000000033;3.66
2020-11-08;9.39;16.93;19.95;4.33;115.76000000000033;13.4
2020-11-09;9.29;10.86;8.25;4.25;115.41000000000034;46.21
2020-11-10;5.49;57.84;2.04;0.77;115.06000000000034;41.7
2020-11-11;15.42;72.61;6.77;3.6;114.71000000000035;20.82
2020-11-12;18.56;76.45;10.38;22.11;114.36000000000035;62.27
2020-11-13;19.11;54.98;13.3;17.55;114.01000000000036;161.85
2020-11-14;61.0;24.37;50.95;72.75;113.66000000000037;184.31
2020-11-15;93.25;7.48;42.62;87.08;113.31000000000037;182.41
2020-11-16;90.8;5.31;44.11;80.5;112.96000000000038;187.46
2020-11-17;66.73;5.59;37.78;51.93;112.61000000000038;26.02
2020-11-18;19.39;15.61;19.08;17.73;112.26000000000039;99.48
2020-11-19;14.49;13.57;10.08;5.73;111.9100000000004;152.72
2020-11-20;12.0;31.3;7.56;3.86;111.5600000000004;75.36
2020-11-21;10.82;49.6;8.66;3.43;111.2100000000004;90.81
2020-11-22;13.25;62.06;13.29;11.2;110.86000000000041;72.66
2020-11-23;16.64;95.04;19.2;12.94;110.51000000000042;11.43
2020-11-24;18.61;102.47;14.14;12.38;110.16000000000042;11.22
2020-11-25;32.39;152.3;15.06;26.97;109.81000000000043;36.94
2020-11-26;61.98;83.63;25.88;69.81;109.46000000000043;123.02
2020-11-27;54.959999999999994;18.91;34.66;102.59;109.11000000000044;160.16
2020-11-28;47.94;29.95;37.14;123.49;108.76000000000045;91.59
2020-11-29;40.92;8.8;51.6;150.14;108.41000000000045;137.4
2020-11-30;33.900000000000006;10.65;43.24;70.97;108.06000000000046;15.32
2020-12-01;26.880000000000006;31.61;22.94;12.96;107.71000000000046;17.42
2020-12-02;19.860000000000007;14.42;44.09;28.52;107.36000000000047;39.3
2020-12-03;12.82;11.35;50.1;7.98;107.01000000000047;187.09
2020-12-04;23.64;10.0;30.5;10.31;106.66000000000048;4.72
2020-12-05;22.71;30.7;52.95;25.57;106.31000000000049;1.72
2020-12-06;21.78;79.08;16.82;8.96;105.96000000000049;33.6
2020-12-07;20.85;25.65;13.46;5.51;105.6100000000005;38.64
2020-12-08;19.92;12.85;15.22;7.43;105.2600000000005;8.04
2020-12-09;18.990000000000002;41.6;17.12;19.64;104.91000000000051;24.89
2020-12-10;18.060000000000002;11.78;49.77;64.55;104.56000000000051;119.78
2020-12-11;17.12;9.68;26.59;26.22;104.21000000000052;14.89
2020-12-12;19.78;41.51;44.16;6.28;103.86000000000053;64.01
2020-12-13;33.84;73.35;34.32;37.12;103.51000000000053;94.08
2020-12-14;18.32;6.17;13.23;5.92;103.16000000000054;197.49
2020-12-15;11.64;4.78;9.88;5.38;102.81000000000054;231.28
2020-12-16;68.42;43.45;31.97;64.7;102.46000000000055;240.32
2020-12-17;71.66;12.35;43.29;63.12;102.11000000000055;121.95
2020-12-18;10.62;7.14;5.68;2.38;101.76000000000056;183.65
2020-12-19;6.7;48.8;3.47;1.43;101.41000000000057;178.20000000000002
2020-12-20;42.98;42.36;21.61;23.11;101.06000000000057;172.75000000000003
2020-12-21;15.6;10.11;11.71;8.16;100.71000000000058;167.30000000000004
2020-12-22;13.41;18.48;7.71;4.17;100.36000000000058;161.85000000000005
2020-12-23;43.94;95.71;26.45;34.13;100.01000000000059;156.40000000000006
2020-12-24;51.94;163.47;45.24;35.65;99.6600000000006;150.95000000000007
2020-12-25;14.52;162.02;21.23;3.53;99.3100000000006;145.50000000000009
2020-12-26;21.34;114.14;21.21;14.3;98.9600000000006;140.0500000000001
2020-12-27;83.66;92.97;30.8;84.25;98.61000000000061;134.6000000000001
2020-12-28;164.4;87.77;44.28;142.97;98.26000000000062;129.15000000000012
2020-12-29;183.79;82.57;38.79;181.37;97.91000000000062;123.70000000000012
2020-12-30;150.46;77.36999999999999;48.43;137.67;97.56000000000063;118.25000000000011
2020-12-31;112.38;72.19;45.46;91.62;96.75;112.79
2021-01-01;111.29;145.22;53.88;122.83;114.77;142.02
2021-01-02;163.79;166.35;85.99;174.59;171.87;233.32
2021-01-03;19.86;23.74;23.37;21.68;13.06;49.2
2021-01-04;23.83;14.9;16.55;13.21;8.13;73.81
2021-01-05;27.02;20.1;41.14;29.92;9.27;126.1
2021-01-06;22.3;38.38;39.1;41.78;21.51;107.3
2021-01-07;143.87;105.1;93.8;146.28;121.53;229.86
2021-01-08;163.79;147.54;78.07;159.93;162.04;257.81
2021-01-09;98.58;100.42;66.87;89.13;83.24;172.43
2021-01-10;18.5;13.97;12.59;6.35;5.68;15.46
2021-01-11;29.85;27.6;25.86;22.61;23.05;69.68
2021-01-12;48.19;69.79;72.45;124.78;92.21;169.08
2021-01-13;163.08;124.43;76.52;149.21;152.9;226.73
2021-01-14;17.13;10.7;15.54;6.53;5.48;9.68
2021-01-15;9.61;4.98;6.21;2.23;1.66;16.07
2021-01-16;18.52;11.25;30.3;5.93;3.54;28.31
2021-01-17;13.21;9.4;28.91;4.76;3.17;17.62
2021-01-18;14.48;11.86;28.45;6.05;4.98;20.01
2021-01-19;17.25;11.29;20.67;6.6;5.34;24.34
2021-01-20;54.37;40.48;41.12;51.88;49.59;96.31
2021-01-21;130.44;108.47;36.1;111.92;119.66;161.8
2021-01-22;131.17;100.33;50.6;121.87;125.05;172.35
2021-01-23;32.41;27.41;35.99;22.1;16.19;84.62
2021-01-24;57.89;44.99;36.06;56.39;50.91;113.45
2021-01-25;55.96;56.74;38.95;55.32;48.99;118.74
2021-01-26;135.76;110.24;58.16;114.61;130.55;190.19
2021-01-27;75.72;81.56;55.54;67.51;71.9;140.91
2021-01-28;33.53;24.09;31.68;15.73;16.02;49.23
2021-01-29;59.09;62.57;32.82;37.93;37.47;62.29
2021-01-30;43.35;35.81;52.75;44.69;46.57;90.92
2021-01-31;128.9;103.0;53.35;125.78;136.23;226.69
2021-02-01;164.06;127.62;52.51;149.27;141.42;242.33
2021-02-02;151.61;149.33;97.79;164.35;170.7;263.66
2021-02-03;23.65;12.73;36.98;9.33;6.89;49.43
2021-02-04;19.66;13.05;18.66;9.56;5.98;38.04
2021-02-05;46.34;43.56;47.9;76.73;47.92;144.54
2021-02-06;33.42;43.25;67.58;50.38;36.66;130.68
2021-02-07;17.76;9.31;49.83;8.77;3.47;24.6
2021-02-08;27.47;19.17;25.82;11.03;11.72;49.94
2021-02-09;9.49;5.05;11.44;2.97;1.63;22.98
2021-02-10;18.94;20.86;22.76;23.34;17.25;39.27
2021-02-11;19.95;19.9;15.96;11.34;9.66;70.34
2021-02-12;44.84;36.79;42.78;46.88;43.06;90.16
2021-02-13;92.31;52.42;82.9;74.28;62.31;173.35
2021-02-14;53.62;50.61;50.69;58.43;53.06;130.67
2021-02-15;85.71;90.15;39.9;78.46;80.33;93.23
2021-02-16;61.87;68.51;39.92;42.64;37.48;108.24
2021-02-17;22.43;12.4;16.41;17.37;10.9;43.3
2021-02-18;44.26;39.45;25.87;41.31;43.48;69.51
2021-02-19;47.21;48.92;32.77;42.13;38.22;57.67
2021-02-20;14.0;11.7;11.45;6.07;4.99;25.97
2021-02-21;82.46;84.94;47.46;88.75;88.81;136.08
2021-02-22;89.94;74.59;45.24;91.95;79.76;159.22
2021-02-23;48.32;39.7;55.64;47.99;41.62;106.46
2021-02-24;82.22;73.88;44.04;85.63;80.13;127.92
2021-02-25;37.52;33.51;27.51;28.65;22.77;48.47
2021-02-26;19.14;13.0;23.97;7.09;6.78;38.68
2021-02-27;22.42;14.85;18.64;7.97;6.2;44.35
2021-02-28;54.97;46.06;48.55;48.84;59.05;90.07
2021-03-01;102.16;73.54;58.7;100.45;81.28;156.84
2021-03-02;48.11;43.24;30.07;62.17;39.01;75.92
2021-03-03;67.17;62.32;36.38;97.28;82.83;101.34
2021-03-04;45.72;49.26;39.1;53.23;41.66;81.07
2021-03-05;13.54;6.99;30.17;3.68;3.0;14.99
2021-03-06;8.85;3.38;9.23;1.49;0.85;1.99
2021-03-07;9.59;3.33;20.83;1.83;1.2;11.87
2021-03-08;53.0;50.5;29.85;51.32;39.5;79.2
2021-03-09;11.4;8.83;54.24;25.94;9.1;47.68
2021-03-10;62.86;62.02;50.46;89.69;65.38;120.3
2021-03-11;29.58;16.65;25.8;20.44;17.6;60.54
2021-03-12;23.32;14.99;19.84;18.96;9.7;40.3
2021-03-13;19.7;17.5;27.94;12.23;10.84;33.38
2021-03-14;21.33;21.1;21.96;32.96;26.79;44.76
2021-03-15;47.83;41.64;33.3;44.31;46.59;79.94
2021-03-16;19.27;9.95;18.68;16.13;6.23;40.43
2021-03-17;21.25;21.89;29.26;35.1;13.84;73.66
2021-03-18;19.53;13.84;27.97;13.06;6.19;68.8
2021-03-19;15.72;10.68;33.9;6.87;5.24;13.49
2021-03-20;13.06;5.35;29.68;3.76;2.4;24.25
2021-03-21;9.57;5.93;13.65;4.26;2.43;8.62
2021-03-22;16.88;7.65;12.28;6.4;4.81;20.0
2021-03-23;20.44;14.88;21.08;21.4;10.85;52.24
2021-03-24;22.05;21.15;22.91;23.78;22.02;26.46
2021-03-25;22.36;19.39;22.06;23.22;22.3;45.75
2021-03-26;25.28;22.25;17.78;23.57;21.78;41.85
2021-03-27;26.92;15.93;37.26;10.45;8.27;53.98
2021-03-28;44.53;36.68;41.73;42.06;31.32;77.1
2021-03-29;21.67;12.35;34.28;16.77;20.26;46.67
2021-03-30;7.21;4.55;21.13;2.46;1.48;5.97
2021-03-31;7.51;5.17;13.04;2.74;1.97;9.04
2021-04-01;10.18;9.44;7.85;5.12;3.1;9.61
2021-04-02;9.0;3.96;7.37;5.17;2.21;13.52
2021-04-03;11.57;8.27;7.8;32.4;3.14;6.72
2021-04-04;33.07;16.5;31.56;24.07;21.12;52.53
2021-04-05;26.2;39.4;20.64;20.77;36.73;40.82
2021-04-06;21.21;27.87;19.01;2.94;22.21;55.39
2021-04-07;10.07;7.55;12.14;3.3;4.45;20.1
2021-04-08;18.86;15.22;22.09;3.32;13.33;35.69
2021-04-09;30.15;18.71;32.96;3.0;18.52;45.77
2021-04-10;22.53;9.73;27.03;2.97;14.63;39.86
2021-04-11;9.29;6.49;11.81;3.77;10.23;37.69
2021-04-12;8.25;3.45;7.81;25.24;2.38;10.43
2021-04-13;4.58;3.45;9.66;3.36;1.57;14.55
2021-04-14;4.99;20.81;2.99;1.82;0.58;7.66
2021-04-15;5.49;16.66;11.43;2.87;1.16;16.98
2021-04-16;8.09;18.75;6.69;21.7;3.66;8.97
2021-04-17;14.03;15.08;21.32;21.36;16.76;45.15
2021-04-18;11.72;4.8;13.5;21.93;7.84;17.36
2021-04-19;6.82;42.68;4.25;11.07;1.22;8.04
2021-04-20;8.01;39.73;19.35;4.74;0.83;9.88
2021-04-21;17.94;10.7;19.56;42.75;8.45;36.52
2021-04-22;27.98;30.93;21.78;23.18;11.89;32.97
2021-04-23;28.22;24.57;20.4;7.59;13.67;33.45
2021-04-24;18.02;24.17;11.2;19.47;9.16;23.92
2021-04-25;10.45;7.21;27.42;19.53;3.76;14.33
2021-04-26;22.28;4.45;27.75;22.26;25.59;46.95
2021-04-27;26.12;2.38;34.71;2.94;29.5;53.24
2021-04-28;14.76;3.57;21.96;2.58;13.12;19.84
2021-04-29;25.93;16.61;23.51;1.98;19.36;25.51
2021-04-30;15.34;10.36;14.84;2.83;20.26;32.6
2021-05-01;14.48;8.06;13.52;10.84;18.14;40.99
2021-05-02;7.58;10.28;9.96;7.52;5.14;20.27
2021-05-03;5.75;5.21;7.07;3.88;2.64;4.06
2021-05-04;4.44;21.87;6.67;1.8;1.78;10.2
2021-05-05;4.46;9.71;5.91;17.87;1.25;4.26
2021-05-06;11.8;3.89;14.16;14.4;9.14;17.35
2021-05-07;10.59;6.85;12.19;18.81;9.14;13.08
2021-05-08;7.13;18.8;10.62;14.82;3.92;19.61
2021-05-09;2.41;7.69;1.98;10.33;1.25;11.29
2021-05-10;7.36;5.32;25.0;5.57;11.66;21.59
2021-05-11;12.76;2.38;20.87;16.58;13.56;23.98
2021-05-12;20.58;4.62;22.81;14.84;11.87;23.07
2021-05-13;9.72;14.37;15.58;17.23;15.16;18.03
2021-05-14;10.22;14.54;12.54;4.62;16.2;26.85
2021-05-15;6.73;3.24;12.29;6.64;16.33;9.06
2021-05-16;19.34;10.52;15.56;16.16;16.44;25.56
2021-05-17;7.17;12.85;9.56;7.57;11.32;22.88
2021-05-18;15.0;8.06;12.27;4.59;2.41;35.9
2021-05-19;5.85;6.42;7.47;3.27;1.96;19.29
2021-05-20;5.42;12.74;10.16;3.98;12.69;13.97
2021-05-21;11.71;15.52;18.62;10.85;8.64;31.23
2021-05-22;12.34;9.94;46.51;9.14;10.13;30.2
2021-05-23;8.5;3.64;11.68;1.91;9.48;9.44
2021-05-24;5.53;4.31;5.71;10.81;10.89;7.77
2021-05-25;4.44;11.5;6.11;14.9;11.04;13.9
2021-05-26;4.09;7.19;13.95;9.75;6.02;12.79
2021-05-27;14.99;1.4;15.4;7.5;7.35;17.78
2021-05-28;4.68;6.29;6.2;9.67;2.79;8.39
2021-05-29;6.71;13.27;22.68;10.92;6.1;21.8
2021-05-30;9.23;16.27;18.69;11.7;4.51;22.29
2021-05-31;6.72;3.07;6.26;2.76;8.75;14.39
2021-06-01;4.62;7.27;6.18;1.84;7.44;12.62
2021-06-02;4.81;4.08;11.06;11.12;8.36;12.66
2021-06-03;9.6;4.47;16.89;10.68;7.44;15.73
2021-06-04;17.51;6.89;13.84;1.47;13.12;20.04
2021-06-05;5.93;8.56;5.2;9.24;13.68;8.9
2021-06-06;4.18;22.82;3.22;11.71;8.96;3.25
2021-06-07;7.3;3.2;10.31;14.89;1.74;12.69
2021-06-08;13.42;5.65;11.98;2.19;3.2;14.97
2021-06-09;3.08;5.4;6.12;7.18;8.94;8.0
2021-06-10;6.62;5.06;10.99;4.73;9.56;15.04
2021-06-11;10.74;2.2;29.17;3.18;13.8;17.91
2021-06-12;9.65;1.71;40.77;7.14;6.75;19.9
2021-06-13;3.92;2.83;4.3;8.54;6.2;8.17
2021-06-14;4.48;1.62;5.08;14.9;13.32;9.65
2021-06-15;4.34;3.16;5.52;3.92;8.22;8.9
2021-06-16;5.31;4.3;6.68;5.47;7.55;7.27
2021-06-17;7.14;3.66;11.52;5.53;94.86;10.34
2021-06-18;8.7;6.61;14.08;4.24;153.6;9.47
2021-06-19;14.18;10.41;16.73;3.41;124.85;16.94
2021-06-20;9.09;15.2;11.91;2.35;90.69;10.29
2021-06-21;4.98;15.39;4.62;2.94;92.09;6.56
2021-06-22;5.28;16.95;9.05;1.55;32.79;8.68
2021-06-23;4.55;7.94;9.73;3.07;17.8;9.27
2021-06-24;11.88;1.77;8.26;7.62;9.86;6.78
2021-06-25;5.45;6.91;6.36;4.5;6.91;9.14
2021-06-26;3.0;12.79;2.97;7.58;14.8;7.67
2021-06-27;3.81;6.01;3.1;14.14;12.99;5.08
2021-06-28;4.39;8.69;8.04;17.76;5.11;7.08
2021-06-29;5.53;8.09;6.0;15.65;10.42;9.23
2021-06-30;5.55;11.15;6.97;18.1;3.31;8.71
2021-07-01;5.54;8.5;7.9;11.88;3.12;10.26
2021-07-02;11.49;7.27;15.5;4.41;1.87;12.75
2021-07-03;12.4;3.1;16.36;2.61;7.9;21.6
2021-07-04;17.14;3.57;19.65;13.44;13.27;18.99
2021-07-05;17.47;5.34;17.49;10.09;10.2;20.37
2021-07-06;15.93;5.36;18.43;10.49;8.55;17.48
2021-07-07;6.69;9.02;9.21;9.91;10.59;8.72
2021-07-08;2.6;6.52;4.67;11.09;10.47;5.11
2021-07-09;4.24;7.47;7.23;11.48;11.48;10.26
2021-07-10;13.67;10.57;10.02;5.89;10.25;15.66
2021-07-11;7.93;11.05;10.59;8.32;4.32;10.14
2021-07-12;8.22;11.62;12.8;2.52;9.99;11.0
2021-07-13;10.8;4.59;12.89;7.86;5.43;10.75
2021-07-14;12.82;2.23;14.18;5.08;10.39;13.46
2021-07-15;7.7;5.04;10.12;8.55;16.19;11.28
2021-07-16;6.97;7.61;8.01;7.91;10.49;7.95
2021-07-17;3.97;11.32;12.42;8.71;8.73;6.24
2021-07-18;5.53;7.53;11.01;7.23;19.52;8.05
2021-07-19;5.15;5.19;9.02;13.7;14.44;8.08
2021-07-20;5.93;8.62;8.88;12.49;6.12;7.57
2021-07-21;9.03;10.56;10.97;10.14;2.23;14.46
2021-07-22;7.66;5.86;11.55;3.4;13.14;8.72
2021-07-23;7.76;29.31;8.33;3.58;4.61;9.54
2021-07-24;11.58;129.55;13.27;8.15;5.49;11.54
2021-07-25;13.21;122.11;14.71;11.47;3.71;14.1
2021-07-26;13.57;78.56;14.92;13.39;1.42;14.62
2021-07-27;5.47;79.6;8.33;6.08;14.13;7.25
2021-07-28;2.73;49.33;5.85;5.87;15.8;4.08
2021-07-29;4.29;11.01;7.96;9.8;17.2;9.19
2021-07-30;11.16;11.69;8.87;9.69;16.64;12.62
2021-07-31;9.49;3.86;13.57;8.19;22.83;13.35
2021-08-01;8.7;10.21;9.28;46.95;2.06;8.98
2021-08-02;6.49;8.37;9.31;146.81;1.69;8.56
2021-08-03;8.63;6.01;13.57;114.55;3.12;11.96
2021-08-04;10.47;5.76;11.83;81.93;3.96;14.56
2021-08-05;7.2;4.3;13.29;82.12;4.87;10.07
2021-08-06;12.91;3.19;30.91;39.32;16.75;19.29
2021-08-07;139.22;1.82;163.39;16.46;10.21;148.69
2021-08-08;130.76;19.94;140.34;11.1;6.9;140.74
2021-08-09;90.09;6.82;95.97;5.19;19.8;99.55
2021-08-10;88.1;8.01;90.7;13.45;9.54;90.78
2021-08-11;65.24;8.09;60.14;12.27;12.76;65.52
2021-08-12;17.14;9.76;19.81;11.31;2.71;20.15
2021-08-13;14.6;9.66;19.43;9.4;21.36;16.71
2021-08-14;5.48;10.22;7.57;4.96;38.76;12.07
2021-08-15;12.71;7.62;15.88;3.45;22.21;22.41
2021-08-16;9.1;6.4;14.45;2.12;15.62;14.34
2021-08-17;8.88;5.29;11.6;8.6;28.39;13.17
2021-08-18;4.94;6.44;11.4;12.34;1.62;9.6
2021-08-19;5.5;5.45;9.4;11.16;1.38;10.2
2021-08-20;3.42;13.89;6.9;10.55;5.15;7.78
2021-08-21;2.78;14.27;4.4;11.18;8.57;7.25
2021-08-22;4.21;8.29;8.97;12.04;4.44;9.4
2021-08-23;4.8;12.81;8.5;10.38;6.98;12.92
2021-08-24;10.17;13.21;13.81;11.73;10.27;14.8
2021-08-25;9.53;8.22;14.75;5.62;38.68;10.57
2021-08-26;10.57;5.57;9.72;9.76;57.42;13.47
2021-08-27;10.64;4.42;11.31;8.63;58.77;11.92
2021-08-28;11.41;4.64;8.9;10.44;61.14;10.65
2021-08-29;9.34;3.62;12.36;17.61;30.52;12.82
2021-08-30;8.16;1.7;7.88;15.97;46.53;12.83
2021-08-31;5.35;1.35;8.94;10.66;66.7;11.86
2021-09-01;8.9;4.85;10.57;20.8;3.81;12.15
2021-09-02;5.19;18.22;9.56;17.97;2.76;11.91
2021-09-03;14.82;13.59;11.1;5.46;0.62;24.23
2021-09-04;17.85;14.25;21.42;3.43;3.72;13.66
2021-09-05;10.61;14.22;10.37;12.15;4.3;11.39
2021-09-06;15.57;2.63;12.2;4.93;6.09;31.81
2021-09-07;21.62;1.33;20.72;6.82;1.26;21.88
2021-09-08;9.11;1.07;13.34;4.87;37.32;8.92
2021-09-09;7.55;4.34;8.28;2.37;2.25;7.59
2021-09-10;11.89;4.25;9.56;9.39;12.1;27.38
2021-09-11;9.33;11.67;23.25;14.69;25.33;15.81
2021-09-12;8.51;11.75;8.41;18.21;7.63;18.48
2021-09-13;5.78;5.86;6.7;22.78;2.51;25.66
2021-09-14;5.13;13.19;4.42;23.53;1.82;10.36
2021-09-15;8.56;13.42;7.67;2.76;2.56;21.1
2021-09-16;21.18;9.95;11.82;2.69;1.16;18.42
2021-09-17;13.85;3.55;10.93;3.53;1.27;14.21
2021-09-18;16.97;15.68;19.61;8.33;0.6;36.85
2021-09-19;18.21;10.93;41.06;4.71;1.8;40.44
2021-09-20;6.53;17.61;15.8;18.47;8.08;20.36
2021-09-21;5.48;8.94;14.13;12.82;0.99;21.12
2021-09-22;8.11;11.2;10.18;14.42;0.8;13.31
2021-09-23;10.07;2.48;14.68;21.79;12.07;21.4
2021-09-24;13.15;0.26;12.75;10.52;3.33;36.69
2021-09-25;17.23;2.53;16.14;18.29;4.15;28.11
2021-09-26;16.21;11.63;10.24;4.07;19.32;18.76
2021-09-27;13.05;2.03;16.29;29.21;57.13;28.29
2021-09-28;15.53;4.51;19.32;44.24;44.02;29.02
2021-09-29;15.52;7.11;12.46;30.68;4.87;14.13
2021-09-30;22.4;15.61;17.1;27.6;10.92;46.22
2021-10-01;13.16;16.0;9.69;30.71;8.07;21.76
2021-10-02;20.33;33.34;20.91;3.71;1.52;48.39
2021-10-03;18.88;32.2;25.32;0.98;0.81;48.63
2021-10-04;23.77;11.52;16.86;12.9;0.68;50.77
2021-10-05;23.36;14.79;23.92;4.47;4.33;49.07
2021-10-06;40.03;35.67;35.32;9.32;11.4;56.74
2021-10-07;15.66;4.33;13.91;17.97;2.76;23.39
2021-10-08;10.75;2.79;11.8;42.7;1.24;2.49
2021-10-09;10.61;0.93;9.16;60.3;2.04;4.69
2021-10-10;15.11;2.12;18.42;65.87;1.71;21.96
2021-10-11;11.79;2.66;9.89;65.72;1.19;15.71
2021-10-12;12.14;8.28;11.03;50.97;6.51;24.77
2021-10-13;22.79;1.12;31.37;38.4;0.83;50.68
2021-10-14;60.65;13.34;27.78;73.71;0.69;57.7
2021-10-15;34.02;8.29;25.87;25.63;2.43;77.49
2021-10-16;19.67;3.45;51.55;9.98;2.11;83.54
2021-10-17;6.41;16.22;36.14;1.6;1.3;117.75
2021-10-18;9.28;11.85;43.06;2.0;2.62;41.45
2021-10-19;9.45;2.65;40.23;4.42;15.02;2.67
2021-10-20;14.98;3.22;39.78;10.88;1.87;4.87
2021-10-21;7.8;2.37;59.2;2.19;3.48;5.66
2021-10-22;23.12;1.43;29.67;30.79;2.53;33.33
2021-10-23;17.28;1.0;12.65;11.39;13.07;11.39
2021-10-24;8.82;0.94;15.58;2.86;83.12;73.57
2021-10-25;31.46;0.28;12.24;33.73;85.84;37.81
2021-10-26;16.27;5.68;34.0;7.9;46.95;14.11
2021-10-27;8.59;0.53;10.36;3.5;2.8;64.47
2021-10-28;19.36;2.43;26.12;3.68;1.58;25.26
2021-10-29;23.64;11.33;23.14;3.34;7.47;24.24
2021-10-30;17.93;3.15;13.62;2.09;30.54;15.4
2021-10-31;14.49;3.28;20.37;1.76;19.89;33.92
2021-11-01;9.92;5.64;18.48;1.31;59.86;3.96
2021-11-02;4.75;18.73;19.93;0.7;71.65;4.77
2021-11-03;17.96;46.73;22.41;16.91;68.56;2.43
2021-11-04;5.36;11.54;27.99;1.67;123.86;2.53
2021-11-05;8.23;10.12;24.09;2.84;171.0;52.34
2021-11-06;29.46;4.18;20.87;7.24;159.53;8.83
2021-11-07;30.73;3.97;7.15;6.52;118.19;21.55
2021-11-08;30.06;0.16;5.29;5.19;60.24;30.32
2021-11-09;34.95;0.42;21.34;20.84;4.94;19.34
2021-11-10;37.67;1.47;17.29;30.73;2.93;35.92
2021-11-11;57.79;13.63;17.56;64.49;2.57;56.07
2021-11-12;11.18;2.92;8.69;13.18;2.79;60.9
2021-11-13;12.96;1.04;18.84;15.59;3.0100000000000002;110.06
2021-11-14;12.44;1.99;25.36;5.53;3.2300000000000004;27.05
2021-11-15;18.97;1.95;19.87;8.95;3.4500000000000006;42.88
2021-11-16;5.62;0.95;17.55;1.85;3.670000000000001;32.38
2021-11-17;7.46;2.22;44.57;1.69;3.890000000000001;42.51
2021-11-18;11.68;1.37;19.38;2.88;4.110000000000001;24.15
2021-11-19;8.0;0.27;25.77;10.9;4.330000000000001;4.78
2021-11-20;9.03;2.17;20.93;5.66;4.550000000000001;27.4
2021-11-21;14.74;2.15;33.05;1.7;4.7700000000000005;34.38
2021-11-22;11.32;1.1;41.04;2.19;4.99;57.36
2021-11-23;12.01;1.25;12.22;4.12;5.21;10.21
2021-11-24;13.32;4.6;16.95;2.54;5.43;5.42
2021-11-25;13.14;3.45;15.74;11.74;5.6499999999999995;15.17
2021-11-26;38.61;3.02;25.94;3.73;5.869999999999999;11.94
2021-11-27;77.56;1.28;14.14;0.67;6.089999999999999;74.26
2021-11-28;108.11;6.11;13.16;2.9;6.309999999999999;39.31
2021-11-29;13.72;28.09;24.32;3.36;6.5299999999999985;2.29
2021-11-30;17.72;51.38;11.01;1.78;6.749999999999998;5.72
2021-12-01;14.31;77.81;28.28;2.05;6.969999999999998;18.64
2021-12-02;16.92;1.1;28.26;23.81;7.189999999999998;5.02
2021-12-03;30.32;2.34;13.22;4.16;7.4099999999999975;5.32
2021-12-04;49.27;3.39;14.04;4.01;7.629999999999997;47.12
2021-12-05;55.46;19.63;22.59;2.7;7.849999999999997;11.65
2021-12-06;43.66;16.84;13.55;8.44;8.069999999999997;12.96
2021-12-07;88.0;33.56;8.31;30.78;8.289999999999997;8.88
2021-12-08;157.92;49.93;16.99;92.25;8.509999999999998;28.73
2021-12-09;158.88;35.65;18.22;108.23;8.729999999999999;81.38
2021-12-10;126.13;70.46;16.51;2.06;8.95;156.32
2021-12-11;124.29;139.69;25.51;3.78;9.17;162.25
2021-12-12;35.05;121.58;18.19;4.59;9.39;6.05
2021-12-13;20.87;96.56;33.62;19.69;9.610000000000001;7.99
2021-12-14;20.49;61.91;52.75;17.65;9.830000000000002;18.91
2021-12-15;19.83;3.66;47.19;36.9;10.050000000000002;66.47
2021-12-16;19.169999999999998;4.52;34.8;89.32;10.270000000000003;18.0
2021-12-17;18.509999999999998;2.72;18.13;66.76;10.490000000000004;74.95
2021-12-18;17.849999999999998;2.8600000000000003;20.48;122.81;10.710000000000004;53.15
2021-12-19;17.189999999999998;3.0000000000000004;25.48;177.88;10.930000000000005;18.55
2021-12-20;16.529999999999998;3.1400000000000006;27.67;166.72;11.150000000000006;120.29
2021-12-21;15.869999999999997;3.2800000000000007;22.82;139.85;11.370000000000006;207.06
2021-12-22;15.209999999999997;3.420000000000001;29.63;120.39;11.590000000000007;228.79
2021-12-23;14.549999999999997;3.560000000000001;33.53;9.04;11.810000000000008;185.99
2021-12-24;13.889999999999997;3.700000000000001;47.25;7.19;12.030000000000008;184.53
2021-12-25;13.229999999999997;3.840000000000001;78.44;3.14;12.250000000000009;73.27
2021-12-26;12.569999999999997;3.9800000000000013;79.73;3.54;12.47000000000001;41.29
2021-12-27;11.909999999999997;4.120000000000001;51.43;3.94;12.69000000000001;14.52
2021-12-28;11.249999999999996;4.260000000000001;68.36;4.34;12.91000000000001;24.240000000000002
2021-12-29;10.589999999999996;4.4;79.8;4.74;13.130000000000011;33.96
2021-12-30;9.929999999999996;4.54;31.91;5.140000000000001;13.350000000000012;43.68
2021-12-31;9.32;4.63;13.46;5.57;13.5;53.38
2022-01-01;12.53;1.41;8.7;2.0;1.56;11.76
2022-01-02;12.82;1.95;25.62;3.56;2.42;30.92
2022-01-03;28.17;5.33;37.71;8.37;6.14;81.26
2022-01-04;42.13;2.38;85.46;18.15;7.33;149.24
2022-01-05;22.94;1.75;44.37;3.13;2.11;23.55
2022-01-06;24.57;8.96;19.48;16.27;13.98;60.03
2022-01-07;101.7;72.79;54.62;106.89;101.3;143.76
2022-01-08;91.56;65.15;49.12;73.37;72.79;217.76
2022-01-09;30.11;1.16;95.71;13.35;7.57;81.41
2022-01-10;9.12;2.45;15.8;3.62;1.8;22.4
2022-01-11;10.71;2.05;12.31;3.01;2.7;10.79
2022-01-12;25.16;9.17;16.46;11.47;11.63;35.8
2022-01-13;88.76;59.66;52.55;83.25;85.85;120.3
2022-01-14;149.11;78.66;81.85;153.67;155.38;225.4
2022-01-15;184.31;110.79;80.36;180.34;197.07;244.85
2022-01-16;61.42;18.54;58.04;50.04;43.53;127.96
2022-01-17;26.61;4.32;48.17;11.22;9.32;103.93
2022-01-18;33.59;12.88;29.76;42.16;23.22;97.96
2022-01-19;89.11;60.35;95.22;115.04;118.55;163.4
2022-01-20;118.45;87.01;70.58;160.81;147.66;209.44
2022-01-21;80.64;100.64;59.8;111.55;114.17;180.23
2022-01-22;122.84;96.0;49.91;131.97;127.72;158.68
2022-01-23;112.24;79.78;64.94;149.11;151.57;201.38
2022-01-24;63.9;34.25;47.57;69.99;59.48;99.87
2022-01-25;23.25;8.85;41.03;9.45;8.42;59.19
2022-01-26;70.83;39.47;39.3;54.52;47.38;93.32
2022-01-27;130.71;89.61;86.97;138.73;136.21;166.17
2022-01-28;162.0;97.88;73.48;162.7;154.59;179.24
2022-01-29;175.23;156.79;97.56;187.77;202.87;237.82
2022-01-30;152.57;121.95;85.21;181.96;187.61;241.61
2022-01-31;177.57;166.7;92.3;194.57;209.77;233.86
2022-02-01;176.19;116.95;109.03;241.61;238.45;248.43
2022-02-02;176.05;135.43;95.78;191.66;203.57;248.4
2022-02-03;103.03;46.43;123.0;179.41;116.54;242.15
2022-02-04;23.72;5.99;60.36;30.69;12.27;120.63
2022-02-05;13.3;3.98;20.6;5.56;4.38;9.16
2022-02-06;21.34;3.45;36.02;10.22;5.88;70.09
2022-02-07;17.0;7.35;28.09;14.49;6.77;59.12
2022-02-08;24.32;14.82;33.08;20.13;22.42;57.71
2022-02-09;58.93;31.09;47.67;62.92;37.6;102.52
2022-02-10;101.06;70.76;51.68;111.72;97.44;136.69
2022-02-11;145.3;108.71;79.81;153.51;141.9;179.37
2022-02-12;103.4;73.39;61.39;135.94;119.54;166.2
2022-02-13;102.71;53.07;69.55;105.96;105.77;138.41
2022-02-14;60.2;41.34;40.18;63.44;64.47;72.97
2022-02-15;55.26;53.02;45.14;63.48;57.94;71.32
2022-02-16;56.34;18.7;27.35;30.95;33.94;66.12
2022-02-17;32.28;8.27;54.87;45.9;26.67;118.75
2022-02-18;19.63;2.98;25.42;5.57;5.08;14.45
2022-02-19;52.33;10.7;54.61;52.11;43.43;78.85
2022-02-20;55.74;19.78;73.8;83.21;86.21;112.57
2022-02-21;94.71;103.66;94.78;132.59;130.52;166.45
2022-02-22;26.21;14.97;83.34;47.63;35.53;128.11
2022-02-23;24.9;4.8;26.81;18.75;10.08;60.19
2022-02-24;23.82;4.75;23.09;8.16;6.33;33.8
2022-02-25;12.21;3.48;17.45;5.57;3.66;11.78
2022-02-26;12.73;3.66;18.97;5.0;2.97;19.71
2022-02-27;9.47;1.4;6.67;1.7;1.24;3.6
2022-02-28;14.39;5.26;9.59;6.22;4.64;14.14
2022-03-01;13.11;3.22;16.81;4.73;3.66;25.6
2022-03-02;9.11;3.04;6.56;4.0;2.78;9.82
2022-03-03;10.05;0.98;6.44;1.29;0.93;4.08
2022-03-04;13.36;2.05;12.25;2.95;2.59;14.52
2022-03-05;20.38;6.44;15.91;7.93;5.79;24.11
2022-03-06;18.52;13.2;20.22;13.77;15.7;26.67
2022-03-07;11.01;0.97;13.92;2.69;1.85;18.97
2022-03-08;7.69;1.52;4.41;1.8;1.74;6.65
2022-03-09;13.08;2.36;7.68;3.91;2.38;25.15
2022-03-10;39.98;23.02;35.26;38.61;35.88;74.91
2022-03-11;33.33;15.92;33.57;35.7;27.56;68.87
2022-03-12;47.89;25.71;47.07;43.62;36.8;64.49
2022-03-13;53.83;28.97;43.06;52.84;37.16;70.4
2022-03-14;52.16;18.4;34.15;49.5;44.6;79.2
2022-03-15;55.86;37.74;49.56;68.16;60.77;82.63
2022-03-16;53.98;30.42;44.96;70.5;61.18;103.37
2022-03-17;20.23;2.8;23.01;21.42;5.02;89.6
2022-03-18;18.17;7.25;23.53;19.19;15.88;54.69
2022-03-19;9.03;2.59;11.51;5.24;2.22;11.97
2022-03-20;11.45;2.81;8.14;3.92;3.15;15.9
2022-03-21;19.53;2.49;13.3;8.62;6.18;46.56
2022-03-22;13.71;2.56;11.59;4.64;3.38;24.31
2022-03-23;12.55;2.54;11.14;4.07;2.6;13.09
2022-03-24;13.17;4.37;17.86;10.32;8.06;34.6
2022-03-25;18.16;3.6;14.32;6.13;3.4;34.36
2022-03-26;6.14;1.6;6.24;2.1;1.06;7.66
2022-03-27;12.18;4.8;16.27;15.91;12.42;39.56
2022-03-28;25.05;14.99;33.41;40.79;31.47;60.07
2022-03-29;22.42;25.82;21.03;37.78;34.58;49.53
2022-03-30;9.75;9.9;9.91;12.1;12.77;25.13
2022-03-31;6.75;0.78;3.27;1.15;1.17;2.55
2022-04-01;10.8;3.09;6.26;5.11;4.59;14.23
2022-04-02;7.62;1.79;7.85;3.02;2.23;13.56
2022-04-03;33.36;14.89;18.46;17.2;14.59;30.93
2022-04-04;21.54;11.33;17.12;14.3;12.52;16.86
2022-04-05;14.56;3.43;26.46;5.56;3.91;53.18
2022-04-06;12.25;4.18;20.62;4.69;4.08;23.27
2022-04-07;10.22;2.14;8.27;4.16;1.58;26.26
2022-04-08;20.15;7.06;23.51;19.86;14.54;42.92
2022-04-09;10.33;2.05;10.89;2.61;1.78;22.28
2022-04-10;7.15;2.93;13.74;4.37;2.76;17.36
2022-04-11;3.59;2.54;6.63;4.79;1.92;12.25
