Date;DT1;DT2;DT3
2019-01-01;-1.0867538750000012;2.563396375;1.4766424999999987
2019-01-02;-0.48326125;2.8446352500000014;2.3613740000000014
2019-01-03;0.40189356249999975;1.8052008750000006;2.2070944375000003
2019-01-04;-3.8017369999999993;1.8780594999999956;-1.9236775000000037
2019-01-05;-2.2460157499999998;0.3716124374999996;-1.8744033125000001
2019-01-06;1.5120505625000007;0.9279233749999989;2.4399739374999996
2019-01-07;0.2671925874999994;2.148471625;2.4156642124999994
2019-01-08;2.8673703;3.1337621249999987;6.001132424999999
2019-01-09;0.5367165499999995;2.6601139499999995;3.196830499999999
2019-01-10;4.141526975;3.841968575000001;7.983495550000001
2019-01-11;1.3297237499999994;2.772632875000003;4.102356625000002
2019-01-12;2.4001006250000003;2.3541434999999993;4.754244125
2019-01-13;-3.418542875;0.8349152499999981;-2.583627625000002
2019-01-14;-6.2025447375;2.607555187499999;-3.594989550000001
2019-01-15;-5.121303062499999;0.009963962499999646;-5.1113390999999995
2019-01-16;-0.4556961624999989;2.127616912499999;1.67192075
2019-01-17;1.9287489999999998;1.4266548125000007;3.3554038125000005
2019-01-18;-2.5241466750000017;1.5977783125;-0.9263683625000017
2019-01-19;-3.1932907124999996;1.8646773750000003;-1.3286133374999993
2019-01-20;0.6726225625000009;1.4513016999999993;2.1239242625
2019-01-21;-0.22773746250000038;2.0570867125000003;1.82934925
2019-01-22;2.7796437875000004;2.3345335625;5.11417735
2019-01-23;-0.38638310000000065;2.368842937500001;1.9824598375000004
2019-01-24;-1.2905883374999991;1.6853518874999995;0.3947635500000004
2019-01-25;0.4577523250000013;4.5162578875;4.974010212500001
2019-01-26;2.3964366874999996;3.0633947500000005;5.4598314375
2019-01-27;4.136720362500002;3.4070473749999977;7.5437677375
2019-01-28;4.088239374999997;0.3710272500000009;4.459266624999998
2019-01-29;4.872747375000001;1.0703831249999993;5.9431305000000005
2019-01-30;4.254119687499999;4.428928500000001;8.6830481875
2019-01-31;3.5672040000000003;1.95981175;5.52701575
2019-02-01;0.23205337499999956;-3.9052809999999987;-3.673227624999999
2019-02-02;1.6289198750000011;-0.9276873750000014;0.7012324999999997
2019-02-03;2.1824593750000076;-1.7150477499999965;0.4674116250000111
2019-02-04;0.11429412499999358;-2.1281267499999963;-2.0138326250000027
2019-02-05;-3.6419037499999973;-1.5844366250000057;-5.226340375000003
2019-02-06;-6.199528500000003;-4.958057125;-11.157585625000003
2019-02-07;-6.373829375;-2.5853516249999977;-8.959180999999997
2019-02-08;-4.806013;1.3539771250000001;-3.452035875
2019-02-09;-5.400789249999999;0.8817975000000011;-4.518991749999998
2019-02-10;-8.480703375000001;1.1741752499999976;-7.306528125000003
2019-02-11;-5.1313555000000015;1.2509499999999996;-3.880405500000002
2019-02-12;-1.4629728125000003;2.109417312499998;0.6464444999999976
2019-02-13;0.3420523124999981;3.090925375000001;3.4329776874999993
2019-02-14;0.6701389999999989;3.0312427500000005;3.7013817499999995
2019-02-15;-0.7908669374999997;2.8114013999999994;2.0205344624999997
2019-02-16;0.006950425000000315;2.7767600000000003;2.7837104250000007
2019-02-17;1.1429329;4.048435012500001;5.1913679125000005
2019-02-18;-0.22990029749999996;1.8814240000000004;1.6515237025000005
2019-02-19;2.3506889775;4.845187837499999;7.195876814999999
2019-02-20;-0.6545486462500001;4.31760404;3.6630553937500006
2019-02-21;0.7963142312499999;4.157321799999999;4.953636031249999
2019-02-22;4.4911724;3.7094992500000004;8.20067165
2019-02-23;3.5220713999999997;1.3259315624999992;4.848002962499999
2019-02-24;0.3782119099999999;2.740924975;3.1191368849999996
2019-02-25;2.5266949375000003;4.5805549249999995;7.1072498625
2019-02-26;1.0775106124999994;4.989875700000001;6.0673863125
2019-02-27;1.838661205;4.241809787500001;6.0804709925000004
2019-02-28;2.519241373375;4.776595936250001;7.295837309625001
2019-03-01;2.85291288875;3.8393057749999997;6.69221866375
2019-03-02;2.423622200625;3.8197665375000005;6.243388738125001
2019-03-03;0.8111458125;2.37850537125;3.18965118375
2019-03-04;1.40512842625;3.44839479125;4.8535232175
2019-03-05;1.2285956674999998;4.0332373775;5.2618330449999995
2019-03-06;2.998649665;4.810287075;7.80893674
2019-03-07;2.3669050250000003;4.8999858000000005;7.266890825000001
2019-03-08;2.7378884124999994;3.806262825000001;6.5441512375
2019-03-09;4.3587911;4.7766303125;9.135421412500001
2019-03-10;3.393710849999999;2.802608512500001;6.1963193625
2019-03-11;2.8396721499999997;3.779441649999999;6.619113799999999
2019-03-12;4.4253845993750005;3.291717349999999;7.7171019493749995
2019-03-13;2.44398875;2.58970264;5.0336913899999995
2019-03-14;3.7502517062500003;1.9987526150000001;5.74900432125
2019-03-15;-0.5750007625000002;4.137516115;3.5625153525
2019-03-16;1.6204912500000002;4.70507428125;6.32556553125
2019-03-17;4.493537773749999;5.694324300000002;10.18786207375
2019-03-18;3.9854314625000002;4.722644562499999;8.708076025
2019-03-19;3.8300548;4.977931962499998;8.807986762499997
2019-03-20;3.8746637749999993;4.638813025000001;8.5134768
2019-03-21;2.6687355125;3.4765356499999998;6.1452711625
2019-03-22;1.5626562749999997;3.0522080625;4.6148643375
2019-03-23;3.910556837125;3.3478584;7.258415237125
2019-03-24;3.84999461625;4.211372383750001;8.061367
2019-03-25;4.29348382875;4.756511249999999;9.04999507875
2019-03-26;3.3805084524999995;4.970939250000001;8.3514477025
2019-03-27;1.8421707125;4.5692558375;6.41142655
2019-03-28;2.8411712875;4.6639823625000005;7.5051536500000005
2019-03-29;3.22698985;3.1390493124999996;6.3660391625
2019-03-30;1.6041030537499994;1.800006825;3.4041098787499995
2019-03-31;2.407710951249999;3.725177762875;6.132888714124999
2019-04-01;3.2908783137500004;5.362480215625;8.653358529375001
2019-04-02;3.8750420825;4.7711258675;8.64616795
2019-04-03;4.6375656875;5.387904800000001;10.025470487500002
2019-04-04;4.263981;5.644904587499999;9.908885587499999
2019-04-05;3.3045653675000004;4.5999946375;7.9045600050000004
2019-04-06;2.8383865275;4.2119217475;7.050308275
2019-04-07;4.43564601875;5.365272543750001;9.800918562500001
2019-04-08;4.0068512125;5.410480325;9.417331537499999
2019-04-09;2.1886368212500003;4.96049499625;7.1491318175
2019-04-10;4.348213378750001;5.3462027800000005;9.694416158750002
2019-04-11;5.20813745125;5.1858937625;10.39403121375
2019-04-12;5.2408599625;4.787505900000001;10.028365862500001
2019-04-13;4.5768246875;4.864345799999999;9.441170487499999
2019-04-14;5.3653869725;5.1624983575000005;10.52788533
2019-04-15;5.054763899999999;5.654063737500001;10.7088276375
2019-04-16;4.11187362875;5.6375082249999995;9.74938185375
2019-04-17;3.067935924125;6.087501582500001;9.155437506625
2019-04-18;4.4271125375;5.3416135925;9.768726130000001
2019-04-19;4.8377150250000005;5.978137787499999;10.8158528125
2019-04-20;3.95087799625;5.93384560375;9.884723600000001
2019-04-21;4.9450377875000004;5.669074824999999;10.6141126125
2019-04-22;4.645183487500001;5.762946874999999;10.4081303625
2019-04-23;3.5032390712500012;6.1362419125;9.639480983750001
2019-04-24;2.821354024999999;6.337482340000001;9.158836364999999
2019-04-25;3.3757708375;6.262504507499999;9.638275345
2019-04-26;5.174984325;5.9648970625;11.1398813875
2019-04-27;4.834068238125001;4.820159875;9.654228113125
2019-04-28;4.79999151;6.083675355;10.883666864999999
2019-04-29;1.8346481374999994;2.9784509506250005;4.813099088125
2019-04-30;2.6718139999999995;5.337821812500001;8.009635812500001
2019-05-01;4.498321479999999;5.4749906575;9.973312137499999
2019-05-02;4.9351730246250005;6.285789262499999;11.220962287125
2019-05-03;4.224998637500001;6.0915336625;10.3165323
2019-05-04;3.4400063999999997;6.094978526249999;9.534984926249999
2019-05-05;3.13512025;6.399388025;9.534508275
2019-05-06;4.081306675;5.811661162499999;9.892967837499999
2019-05-07;3.638031099999999;5.874973499999999;9.513004599999999
2019-05-08;4.735656639125002;5.838489773374999;10.574146412500001
2019-05-09;5.29248041625;5.9950328375;11.28751325375
2019-05-10;4.669574871249999;6.17499537875;10.84457025
2019-05-11;5.4067081375;5.849990875;11.2566990125
2019-05-12;4.84824745875;6.06423964125;10.9124871
2019-05-13;4.679965945000001;6.099994742500001;10.779960687500001
2019-05-14;4.52582925075;6.13415152425;10.659980775000001
2019-05-15;4.567695737499999;6.1874886;10.7551843375
2019-05-16;3.97898514625;6.32102590375;10.30001105
2019-05-17;4.2403986375;6.4111023000000005;10.6515009375
2019-05-18;3.8411791749999997;6.46242135375;10.30360052875
2019-05-19;2.789554624999999;6.5141451;9.303699725
2019-05-20;3.9080696249999995;5.5928459375;9.5009155625
2019-05-21;4.0889355625;5.3124777375;9.4014133
2019-05-22;4.7862592625;6.051219875;10.8374791375
2019-05-23;4.487491912500002;5.96798695875;10.455478871250001
2019-05-24;3.9412575624999997;6.2962303875;10.23748795
2019-05-25;2.9875029999999985;5.8624878875;8.849990887499999
2019-05-26;4.715286262499999;4.632282499999999;9.347568762499998
2019-05-27;4.993282712500001;6.43867495;11.4319576625
2019-05-28;4.626740012500001;5.83751289625;10.464252908750002
2019-05-29;3.03228;6.30503485;9.33731485
2019-05-30;4.650962875000001;5.933063375;10.58402625
2019-05-31;5.3075791875;6.08799776375;11.39557695125
2019-06-01;5.06373598375;6.07468416625;11.13842015
2019-06-02;4.312504012500001;5.3750151675;9.68751918
2019-06-03;4.0012285875;6.19297038625;10.19419897375
2019-06-04;3.762523249999999;6.495411625;10.257934875
2019-06-05;3.228931687500001;6.5210419375;9.749973625
2019-06-06;3.078029500000003;6.148452749999999;9.226482250000002
2019-06-07;3.8419988749999945;5.819854875000004;9.661853749999999
2019-06-08;3.639243875000002;6.150768124999999;9.790012
2019-06-09;4.662509874999998;6.175003125;10.837512999999998
2019-06-10;4.373451062499999;6.058505875000002;10.4319569375
2019-06-11;4.624179562499998;5.5999799;10.224159462499998
2019-06-12;3.8034209999999966;6.075004625;9.878425624999997
2019-06-13;3.1165387499999966;6.3867990000000034;9.50333775
2019-06-14;4.232997874999999;5.467006875000001;9.70000475
2019-06-15;4.318100062500001;3.4469376250000003;7.765037687500001
2019-06-16;3.33412925;4.114402812500003;7.4485320625000035
2019-06-17;4.0051840625;5.737522712500001;9.742706775
2019-06-18;2.75070575;4.808117062500001;7.558822812500001
2019-06-19;3.3073922499999995;5.1805610125;8.4879532625
2019-06-20;4.160648;5.8907856249999995;10.051433625
2019-06-21;3.2996331250000033;5.738471999999998;9.038105125000001
2019-06-22;2.8601497500000015;6.096282749999997;8.956432499999998
2019-06-23;3.0831794999999964;5.524994062500003;8.6081735625
2019-06-24;4.343238937499997;4.165394112500001;8.508633049999998
2019-06-25;3.532882924999999;2.1241150750000006;5.656998
2019-06-26;2.513885437500001;3.9296948749999974;6.443580312499998
2019-06-27;3.270130250000001;4.692859624999997;7.962989874999998
2019-06-28;3.313869125;5.8720588750000005;9.185928
2019-06-29;2.9864007500000014;5.3860969999999995;8.37249775
2019-06-30;4.7681577499999985;-0.10737974999999977;4.660777999999999
2019-07-01;3.2816733125000006;0.6328163124999993;3.914489625
2019-07-02;4.0187378124999995;2.0000038124999993;6.018741624999999
2019-07-03;3.580238125000001;4.5019761250000006;8.082214250000002
2019-07-04;3.5854909999999975;4.565723250000001;8.151214249999999
2019-07-05;3.010715375;4.688514687499998;7.699230062499998
2019-07-06;3.89232625;5.309364500000001;9.201690750000001
2019-07-07;2.8111191249999976;5.948284250000002;8.759403375
2019-07-08;4.377250875000001;5.065692750000002;9.442943625000003
2019-07-09;2.9902573750000023;5.989799374999999;8.980056750000001
2019-07-10;3.1682471250000006;5.351970749999998;8.520217874999998
2019-07-11;4.304198937499999;5.850010187499999;10.154209124999998
2019-07-12;3.394656812500001;6.1143649374999995;9.50902175
2019-07-13;3.0349158749999994;5.597526374999999;8.632442249999999
2019-07-14;3.295963624999999;5.789100500000002;9.085064125
2019-07-15;4.43730925;4.181392875;8.618702125
2019-07-16;3.863330812499999;4.486541625000001;8.3498724375
2019-07-17;3.7555962500000035;4.56885525;8.324451500000004
2019-07-18;3.6097716250000005;5.619255187500002;9.229026812500003
2019-07-19;4.364032750000003;4.236156562499996;8.6001893125
2019-07-20;4.9524766250000045;4.191910049999997;9.144386675000002
2019-07-21;3.4492532124999986;4.283817387500001;7.7330706
2019-07-22;3.3404847500000017;5.3049700125;8.645454762500002
2019-07-23;3.7912215000000007;4.277110625000002;8.068332125000003
2019-07-24;4.088065624999999;3.9354858750000012;8.0235515
2019-07-25;3.7570911250000005;5.191841125000002;8.948932250000002
2019-07-26;3.7240258750000024;6.1867407499999985;9.910766625
2019-07-27;4.203830750000002;5.970726062499999;10.1745568125
2019-07-28;3.6610452500000026;6.1872941125;9.848339362500003
2019-07-29;3.107860500000001;6.112506874999999;9.220367375
2019-07-30;2.453201374999999;4.754356125000001;7.2075575
2019-07-31;3.1391184999999986;5.448238000000002;8.5873565
2019-08-01;2.979393375000001;6.37702925;9.356422625
2019-08-02;2.8749848750000027;4.2739065000000025;7.148891375000005
2019-08-03;3.2500038749999973;5.157683875000004;8.407687750000001
2019-08-04;2.999168625000003;5.286475874999997;8.2856445
2019-08-05;3.8584897500000004;2.478355374999996;6.336845124999996
2019-08-06;4.292022624999998;3.041656437500002;7.3336790625
2019-08-07;3.6732257500000003;4.852748562499999;8.525974312499999
2019-08-08;3.643032250000001;5.050143937499998;8.693176187499999
2019-08-09;4.548019374999999;4.924324374999999;9.472343749999999
2019-08-10;4.4581603749999985;5.9021495;10.360309874999999
2019-08-11;3.9808235000000014;5.8999945;9.880818000000001
2019-08-12;3.561462500000001;5.65631145;9.217773950000002
2019-08-13;4.293445437500001;5.6989562125;9.992401650000001
2019-08-14;4.117187750000001;5.274971375;9.392159125000001
2019-08-15;2.830035875;4.553947375;7.38398325
2019-08-16;3.0047531250000006;4.628177375;7.6329305000000005
2019-08-17;3.036838562499998;5.310386500000002;8.3472250625
2019-08-18;3.1390953749999984;5.448486375;8.587581749999998
2019-08-19;3.1841774375000007;6.1080015625;9.292179
2019-08-20;3.314102124999998;5.4483870625;8.762489187499998
2019-08-21;3.930816374999999;5.2658505875;9.1966669625
2019-08-22;2.887500812500001;5.099998375;7.987499187500001
2019-08-23;4.291858874999999;1.5625037499999994;5.8543626249999985
2019-08-24;3.957363375;3.3307993500000013;7.288162725000001
2019-08-25;2.747902;5.214790375;7.962692375
2019-08-26;3.2419433125;5.407581574999999;8.6495248875
2019-08-27;1.5033565625000058;3.7156946874999974;5.219051250000003
2019-08-28;2.4408798124999986;4.7976986875000005;7.238578499999999
2019-08-29;2.628330250000001;4.717582912499999;7.3459131625000005
2019-08-30;0.6828423125;3.439067999999999;4.121910312499999
2019-08-31;2.3875083749999995;5.105201812500001;7.4927101875
2019-09-01;2.9125060000000005;4.686539025;7.599045025000001
2019-09-02;2.8479119999999956;5.68875935;8.536671349999995
2019-09-03;3.341751125;4.33199725;7.673748375
2019-09-04;3.5472219375;5.435112525000001;8.9823344625
2019-09-05;3.0249939999999995;5.667980525000001;8.692974525
2019-09-06;3.1974602749999974;5.6036836375;8.801143912499997
2019-09-07;2.650756874999999;4.681885187500001;7.3326420625
2019-09-08;2.1713142124999987;4.501278200000001;6.672592412499999
2019-09-09;1.9201999375000014;4.977307012500002;6.897506950000003
2019-09-10;3.137492999999999;4.3390967625000005;7.4765897625
2019-09-11;4.7272457375000005;4.4771919;9.2044376375
2019-09-12;5.099964088749999;5.00659192375;10.1065560125
2019-09-13;3.8262519015;4.633628886;8.4598807875
2019-09-14;4.200015888125;4.852607846250001;9.052623734375
2019-09-15;3.8453104374999985;3.0513344500000006;6.896644887499999
2019-09-16;2.8572347749999993;2.6375011375;5.4947359124999995
2019-09-17;1.5698313749999997;5.3551755624999995;6.925006937499999
2019-09-18;3.1146621875000005;4.4886286875;7.603290875000001
2019-09-19;0.963363750000001;5.18505085;6.148414600000001
2019-09-20;1.7625005625000014;4.7861787499999995;6.548679312500001
2019-09-21;3.4802591874999997;5.559951925;9.0402111125
2019-09-22;0.840084062499999;3.8708155374999986;4.710899599999998
2019-09-23;1.0468407500000012;2.569007974999998;3.6158487249999993
2019-09-24;2.7312315624999997;4.896923462500001;7.628155025000001
2019-09-25;3.2140924374999997;5.260902612500001;8.47499505
2019-09-26;4.03530125375;5.97854994625;10.0138512
2019-09-27;2.8696404481250006;5.914524014375;8.784164462500001
2019-09-28;2.756778700000001;4.163848906249999;6.92062760625
2019-09-29;3.9360999237500014;5.56982426375;9.505924187500002
2019-09-30;4.7104567374999995;4.9375114625;9.6479682
2019-10-01;3.77234647375;4.591976225;8.36432269875
2019-10-02;3.00002281625;5.2454682425;8.24549105875
2019-10-03;1.3789484124999998;3.906768665;5.2857170775
2019-10-04;1.7133410875;3.7241591993750007;5.437500286875
2019-10-05;4.7124903375;4.16006838375;8.87255872125
2019-10-06;3.023021999999999;3.7255401375000003;6.7485621375
2019-10-07;2.473312562500004;3.8463253875000003;6.319637950000004
2019-10-08;4.697559415000001;4.3383560349999994;9.035915450000001
2019-10-09;4.4103088375;5.251888349999999;9.662197187499999
2019-10-10;3.8234635299999997;2.5669935749999997;6.390457104999999
2019-10-11;1.9083633375;0.7287178375000001;2.637081175
2019-10-12;-0.619873055;-0.60610578;-1.225978835
2019-10-13;-3.486751649375;2.2198640249999997;-1.2668876243750002
2019-10-14;-3.7516519375;4.2805026250000004;0.5288506875000003
2019-10-15;-1.6784135000000013;4.995971787500002;3.3175582875000007
2019-10-16;3.6320499374999997;5.90847018;9.5405201175
2019-10-17;4.3696407625;5.528144770000001;9.8977855325
2019-10-18;4.966564115;4.52166351;9.488227625
2019-10-19;4.6279908375;4.7335888;9.361579637499998
2019-10-20;4.76157325;4.3625909375;9.1241641875
2019-10-21;4.483890387499999;2.227706874999999;6.711597262499998
2019-10-22;3.8524893249999996;1.7513121749999998;5.603801499999999
2019-10-23;2.8399124075;4.027221675;6.8671340825
2019-10-24;4.384933412500001;4.689544812499999;9.074478225
2019-10-25;4.343116675;4.6435546875;8.986671362500001
2019-10-26;4.827079806625;4.368258837499999;9.195338644124998
2019-10-27;4.2400091375;3.47816062625;7.718169763750001
2019-10-28;3.9782603500000002;4.587173387499999;8.5654337375
2019-10-29;4.3749887875;5.613346108749999;9.988334896249999
2019-10-30;4.0101967625;4.08680718625;8.09700394875
2019-10-31;2.16833880875;1.3672790125;3.5356178212500002
2019-11-01;0.9098816874999995;1.5692636125;2.4791452999999994
2019-11-02;4.660843245000001;5.626312175;10.287155420000001
2019-11-03;5.4740179875;5.048461412499998;10.522479399999998
2019-11-04;3.991176600000001;0.37410723749999875;4.3652838375
2019-11-05;2.5069542124999997;1.015899450000001;3.5228536625000006
2019-11-06;3.90835955;4.132522612500001;8.0408821625
2019-11-07;4.373477906;3.1497193189999995;7.523197225
2019-11-08;4.6436461;3.8559875999999997;8.4996337
2019-11-09;5.244178650000001;3.921615599999999;9.165794250000001
2019-11-10;5.542904187500003;3.209407749999997;8.7523119375
2019-11-11;5.548477125000005;3.868972999999997;9.417450125000002
2019-11-12;4.875633125;1.6052437499999996;6.480876875
2019-11-13;4.7461830875;4.2691195624999985;9.015302649999999
2019-11-14;4.800645749999999;3.010797125;7.811442874999999
2019-11-15;5.3398705;3.7054783749999984;9.045348874999998
2019-11-16;4.483949625000001;1.3884392500000011;5.872388875000002
2019-11-17;4.125352874999999;1.185508750000002;5.310861625000001
2019-11-18;2.748519537499999;2.901295000000001;5.6498145375
2019-11-19;3.2421645124999996;4.309897925;7.552062437499999
2019-11-20;4.200262374999999;0.7425058749999991;4.9427682499999985
2019-11-21;5.007330124999999;-0.85237725;4.154952874999999
2019-11-22;5.103361374999999;2.466922499999999;7.570283874999998
2019-11-23;4.839477562499997;0.14661043750000147;4.986087999999999
2019-11-24;4.75492075;2.098459250000001;6.853380000000001
2019-11-25;2.2963275000000003;1.34495175;3.64127925
2019-11-26;-2.4467465624999996;2.4218785;-0.02486806249999951
2019-11-27;-1.461612500000001;2.9756697500000016;1.5140572500000005
2019-11-28;1.928462999999999;2.814983250000001;4.74344625
2019-11-29;4.0667344750000005;2.0665608125000023;6.133295287500003
2019-11-30;3.206109874999999;2.273945124999999;5.480054999999998
2019-12-01;3.4940791375;-3.5325886124999997;-0.03850947499999968
2019-12-02;-4.4690128875;1.1359214999999994;-3.3330913875000006
2019-12-03;-6.232711417500001;2.7132911925000003;-3.519420225
2019-12-04;-1.7422141125000001;1.3661309625000007;-0.3760831499999995
2019-12-05;-4.570636918;-0.4043806070000002;-4.975017525
2019-12-06;-3.0393715162500006;0.8688354312500001;-2.1705360850000006
2019-12-07;4.196948987500001;4.622298849999998;8.819247837499999
2019-12-08;4.16051114875;4.1060177499999995;8.26652889875
2019-12-09;2.351978112500001;3.6308475624999987;5.982825675
2019-12-10;1.8808288374999993;4.0226666375;5.903495475
2019-12-11;3.6229894875000004;1.6977079875000003;5.320697475000001
2019-12-12;-0.5451278774999997;2.2655829150000004;1.7204550375000007
2019-12-13;0.1627578500000002;2.6189727375;2.7817305875000002
2019-12-14;3.460365174999999;3.303607787499999;6.763972962499998
2019-12-15;2.2920989999999968;2.1322021250000027;4.4243011249999995
2019-12-16;1.5649259999999998;3.909526875000001;5.474452875000001
2019-12-17;3.354041875;0.8447666250000001;4.1988085
2019-12-18;2.600219512499999;2.2541390000000003;4.854358512499999
2019-12-19;1.304999875;3.0403364874999994;4.345336362499999
2019-12-20;1.4322775499999993;2.0572276625000008;3.4895052125
2019-12-21;-2.489013625000002;0.4815787500000006;-2.0074348750000013
2019-12-22;-5.253921500000001;-0.2664491249999994;-5.520370625
2019-12-23;-1.9579961249999993;3.133258562500002;1.1752624375000025
2019-12-24;0.22692481250000007;4.451290125;4.6782149375
2019-12-25;4.069541687499999;4.327069999999999;8.396611687499998
2019-12-26;4.139829374999998;0.2896117500000024;4.429441125
2019-12-27;-0.12281612499999994;-1.1590441250000012;-1.2818602500000011
2019-12-28;-5.744030125000005;0.029113875000000178;-5.714916250000005
2019-12-29;-6.0776270000000014;-2.079155;-8.156782000000002
2019-12-30;-0.07731993750000044;-2.0420036874999994;-2.119323625
2019-12-31;0.7875554250000008;2.8449669125000003;3.632522337500001
2020-01-01;1.4484748125000007;3.8309285125;5.2794033250000005
2020-01-02;4.337951775875001;3.9941894499999986;8.332141225874999
2020-01-03;3.18390661875;2.9073983000000005;6.091304918750001
2020-01-04;1.3284110250000012;3.6375156874999988;4.9659267125
2020-01-05;1.4329568999999998;3.2206109750000005;4.653567875
2020-01-06;0.629467075;3.1618345625;3.7913016375
2020-01-07;-2.2438544625;-0.1593093999999997;-2.4031638624999996
2020-01-08;1.5575635625000004;0.7411920624999997;2.298755625
2020-01-09;1.898933249999999;2.5013810625;4.400314312499999
2020-01-10;-1.0805319375;3.046596250000002;1.9660643125000021
2020-01-11;-3.6501753125;1.503665999999999;-2.146509312500001
2020-01-12;-4.314025812500001;2.133342562500001;-2.1806832499999995
2020-01-13;-2.3861578124999987;2.634853312499999;0.24869550000000018
2020-01-14;0.8852273124999996;3.700183687499999;4.585410999999999
2020-01-15;1.7825125500000008;4.313235962499998;6.095748512499998
2020-01-16;1.8002431999999988;4.902812712500001;6.7030559125
2020-01-17;3.7936056500000017;4.3731229375;8.166728587500002
2020-01-18;2.7011774125;3.354276412499999;6.055453824999999
2020-01-19;1.5537775375000002;2.391044812499999;3.944822349999999
2020-01-20;4.3589818125000015;2.5541326249999976;6.913114437499999
2020-01-21;3.370124937499998;1.3476086249999994;4.717733562499998
2020-01-22;-2.316904250000004;1.0761413750000024;-1.2407628750000015
2020-01-23;0.7665747375000009;4.208137499999999;4.9747122375
2020-01-24;4.1460343075;4.384742600000001;8.530776907500002
2020-01-25;1.4315757662500002;4.2120476374999996;5.64362340375
2020-01-26;2.2135199499999993;4.781516762500001;6.9950367125
2020-01-27;-1.8612670750000007;3.3635900000000003;1.5023229249999996
2020-01-28;-0.6512832;4.369266274999999;3.7179830749999994
2020-01-29;3.528606387499999;4.110936825000001;7.6395432125000005
2020-01-30;2.646930749999999;2.7188625;5.365793249999999
2020-01-31;2.4765037499999956;1.1856208750000015;3.662124624999997
2020-02-01;-0.24777800000000028;2.0133282500000007;1.7655502500000004
2020-02-02;-3.6876548749999998;1.615820375000002;-2.071834499999998
2020-02-03;-7.387229837500001;-1.2936666624999997;-8.680896500000001
2020-02-04;-0.4856909500000004;2.541751575000001;2.0560606250000006
2020-02-05;0.31807680000000005;2.822982775;3.141059575
2020-02-06;-2.2155455962499997;2.4407615462499996;0.22521594999999994
2020-02-07;2.6768341375;4.707900475000001;7.384734612500001
2020-02-08;3.0896415160000004;3.8534315649999997;6.943073081
2020-02-09;3.88390718;3.7708283450000004;7.654735525
2020-02-10;3.8510342250000003;2.7652280625000003;6.616262287500001
2020-02-11;0.6855161249999995;1.3843747499999992;2.0698908749999987
2020-02-12;3.6356391875000007;1.6996745625000003;5.335313750000001
2020-02-13;-0.037742562500000076;-1.774532175000001;-1.812274737500001
2020-02-14;-3.6477429875;-0.5219917999999995;-4.1697347874999995
2020-02-15;-1.2352369750000003;1.6764827750000002;0.4412457999999999
2020-02-16;-1.7823903874999996;2.1049724875000004;0.32258210000000087
2020-02-17;-2.147807974999999;1.8625105000000008;-0.28529747499999836
2020-02-18;1.7326507375000002;3.4463152249999993;5.1789659624999995
2020-02-19;3.162387475;3.819061187499999;6.981448662499999
2020-02-20;3.4543492249999996;3.490283787500001;6.944633012500001
2020-02-21;4.120529250000001;4.760440362500001;8.880969612500001
2020-02-22;3.2947613125000004;3.8677863125;7.162547625
2020-02-23;2.0334699374999996;2.0156745624999974;4.049144499999997
2020-02-24;1.5840985624999977;1.4372861875000016;3.0213847499999993
2020-02-25;1.630958575000001;0.37660968750000023;2.0075682625000013
2020-02-26;1.8905296875000008;1.7967720624999988;3.6873017499999996
2020-02-27;0.012492874999997738;0.4922485000000023;0.504741375
2020-02-28;3.3249891999999996;4.010261237500001;7.335250437500001
2020-02-29;3.6855542375;4.4282871749999995;8.1138414125
2020-03-01;2.0149723124999994;1.0062751250000002;3.0212474374999996
2020-03-02;-2.9439466649999995;-2.2859192349999997;-5.229865899999999
2020-03-03;1.2781028754999992;2.017875460000001;3.2959783355
2020-03-04;3.381244775;2.175010137500001;5.556254912500001
2020-03-05;4.255992967875;3.6335863249999996;7.889579292874999
2020-03-06;2.8411332499999986;4.498645625;7.339778874999999
2020-03-07;1.4109287500000036;0.8001154999999969;2.2110442500000005
2020-03-08;4.432510350000001;1.2707211249999997;5.703231475000001
2020-03-09;4.4600138750000005;2.6134720875;7.0734859625
2020-03-10;4.083129637500001;4.505237437499998;8.588367074999999
2020-03-11;3.0298381374999996;0.2718468750000014;3.301685012500001
2020-03-12;4.266204849999999;1.7886385749999993;6.054843425
2020-03-13;1.2259369974999994;-0.7913247224999995;0.434612275
2020-03-14;0.1547393324999999;1.8099250650000003;1.9646643975000002
2020-03-15;4.1895256087499995;4.662509903749999;8.852035512499999
2020-03-16;4.1544343249999995;4.3250007225;8.479435047499999
2020-03-17;3.2207794125;3.363681699999999;6.5844611125
2020-03-18;3.2828598025;3.5642775;6.8471373025
2020-03-19;4.1584244875000005;5.062514499999999;9.220938987499999
2020-03-20;4.2941323525;4.1179693125;8.412101665
2020-03-21;2.09058377125;3.9213180662500005;6.0119018375
2020-03-22;2.2001038125000005;4.094676862499999;6.294780675
2020-03-23;4.802352650000001;4.808315437500001;9.610668087500002
2020-03-24;4.135532562499998;4.081235875000001;8.216768437499999
2020-03-25;4.149543337499999;2.0017014999999994;6.151244837499998
2020-03-26;3.6874501499999996;2.20148075;5.8889309
2020-03-27;3.7249908678750003;3.2625082608750002;6.987499128750001
2020-03-28;4.323093439999999;4.8319545125;9.1550479525
2020-03-29;4.1705476543749995;4.690860300000001;8.861407954375
2020-03-30;4.65791325;3.0790061499999997;7.7369194
2020-03-31;4.164672803749999;2.95158007125;7.116252875
2020-04-01;0.9653435199999998;3.3096732925000003;4.2750168125000005
2020-04-02;-1.50688148375;2.3434907375;0.8366092537499998
2020-04-03;2.21668645;3.7958068125;6.0124932625000005
2020-04-04;3.5416871125;4.8250120249999995;8.3666991375
2020-04-05;3.30003352625;3.3608665250000005;6.6609000512500005
2020-04-06;1.8374824875;0.7995147262499998;2.63699721375
2020-04-07;2.0968706;3.6749915125;5.7718621125
2020-04-08;2.466079733749999;2.4170420662500014;4.8831218000000005
2020-04-09;3.66249472875;2.5439986874999994;6.20649341625
2020-04-10;3.74554063625;4.8549153;8.60045593625
2020-04-11;2.958568495;5.887451205;8.8460197
2020-04-12;3.5325431075000004;4.5549508175;8.087493925
2020-04-13;3.4654544625;1.7125128962500002;5.17796735875
2020-04-14;2.279857787500001;2.8499911125000006;5.129848900000002
2020-04-15;2.3875005625000014;5.1221738125;7.509674375000001
2020-04-16;4.969967137499999;4.8827019125;9.85266905
2020-04-17;4.042064572625;5.378936814875;9.421001387499999
2020-04-18;4.179809509625;4.825981177875;9.0057906875
2020-04-19;4.13885120875;0.3175354574999999;4.45638666625
2020-04-20;2.4993632000000003;-0.2045554875000004;2.2948077125
2020-04-21;0.9494211374999999;3.4961778;4.4455989375
2020-04-22;1.2653960000000009;5.294815499999999;6.560211499999999
2020-04-23;0.6341206250000013;5.272975875;5.9070965000000015
2020-04-24;0.7844541250000034;5.382659875000002;6.167114000000005
2020-04-25;3.425464625;4.3260764875;7.7515411125
2020-04-26;4.8400996875;5.9018403118750005;10.741939999375
2020-04-27;3.6572877250000015;6.259823087500001;9.917110812500002
2020-04-28;3.1976736874999983;6.1948857875000005;9.392559474999999
2020-04-29;3.4735526875;4.0994875625;7.57304025
2020-04-30;4.041843312499999;6.191391375;10.2332346875
2020-05-01;4.957752737500001;5.64545431;10.6032070475
2020-05-02;4.715111375;5.103099733750001;9.81821110875
2020-05-03;3.7430954999999972;5.325985050000002;9.069080549999999
2020-05-04;3.38821025;5.2604333625000015;8.648643612500003
2020-05-05;4.88700091325;4.45740899925;9.3444099125
2020-05-06;5.388790298749999;5.5886535962499995;10.977443895
2020-05-07;5.0005764374999995;4.935882475;9.9364589125
2020-05-08;4.537483275;6.03749842125;10.57498169625
2020-05-09;2.8759689374999997;5.8494722249999995;8.7254411625
2020-05-10;2.51339325;5.5457000625;8.0590933125
2020-05-11;2.5326917500000015;6.091068187500001;8.623759937500003
2020-05-12;3.1935269999999996;5.9835473125000025;9.177074312500002
2020-05-13;4.6456795;5.4877243124999975;10.133403812499997
2020-05-14;4.3414347;4.757419625000001;9.098854325
2020-05-15;3.7467731750000004;5.74613957875;9.492912753750002
2020-05-16;3.3516466250000008;3.6588821750000005;7.010528800000001
2020-05-17;4.111725;6.2000046875;10.3117296875
2020-05-18;3.852088625000004;6.155979500000001;10.008068125000005
2020-05-19;4.1156693125000015;6.1680871124999985;10.283756425
2020-05-20;3.3999556250000005;6.400051125000001;9.800006750000001
2020-05-21;3.9540711249999987;6.175522000000001;10.129593125
2020-05-22;3.0733226249999994;6.531345062500002;9.604667687500001
2020-05-23;2.990966750000002;6.175086812499998;9.1660535625
2020-05-24;4.385311250000001;5.149997749999999;9.535309
2020-05-25;5.162830437500002;4.787193575;9.950024012500002
2020-05-26;5.015140687500001;4.1625024875;9.177643175
2020-05-27;5.500007924375;5.3304710631250005;10.8304789875
2020-05-28;4.507606687500001;6.2874944875;10.795101175000001
2020-05-29;3.5754510250000022;6.152137928749998;9.72758895375
2020-05-30;4.090053699999995;3.9913217125000005;8.081375412499995
2020-05-31;4.544609487500001;5.099998637499999;9.644608125
2020-06-01;4.4393963124999996;5.71861643;10.158012742499999
2020-06-02;4.3228759875;4.060177187499999;8.383053174999999
2020-06-03;4.487468800000001;5.563293825;10.050762625
2020-06-04;4.336056000000001;5.83818078;10.174236780000001
2020-06-05;4.26844825;4.6455842;8.91403245
2020-06-06;3.430233099999999;4.473133337500001;7.9033664375
2020-06-07;3.6311570249999985;5.285141350000001;8.916298375
2020-06-08;4.111591500000001;5.1715510999999985;9.2831426
2020-06-09;4.9313889625;4.70756913625;9.63895809875
2020-06-10;3.5729983124999993;3.6624946987500007;7.23549301125
2020-06-11;3.453334937500001;4.722878012499999;8.17621295
2020-06-12;3.879192374999999;5.5433615624999995;9.422553937499998
2020-06-13;3.117709874999999;5.607288625000001;8.7249985
2020-06-14;4.272377062500006;5.419578812499999;9.691955875000005
2020-06-15;4.53877275;5.491768287499999;10.030541037499999
2020-06-16;4.595172999999999;5.9255069625;10.5206799625
2020-06-17;4.0650750625;4.3463593625;8.411434425
2020-06-18;4.274295875;3.1872749999999996;7.461570875
2020-06-19;4.554413;4.483680625;9.038093625
2020-06-20;4.346771149999999;1.4077112500000002;5.754482399999999
2020-06-21;4.516281449999999;1.9161646;6.432446049999999
2020-06-22;3.8624877499999997;3.502517687500001;7.365005437500001
2020-06-23;3.3800201875000013;4.3357048124999995;7.715725000000001
2020-06-24;3.199207625000003;5.1602742500000005;8.359481875000004
2020-06-25;3.1459388750000024;5.077968624999999;8.223907500000001
2020-06-26;4.0963899999999995;5.2600668125;9.3564568125
2020-06-27;3.8010862499999973;3.960884187500003;7.7619704375000005
2020-06-28;3.707164749999997;4.864818500000002;8.571983249999999
2020-06-29;4.480316250000001;3.36701575;7.8473320000000015
2020-06-30;3.5918465625000007;4.400009062500001;7.991855625000001
2020-07-01;3.239303249999999;4.729270937500001;7.9685741875
2020-07-02;3.4486002499999984;4.063125500000002;7.51172575
2020-07-03;4.23210525;3.9364511250000014;8.168556375000001
2020-07-04;4.384105625;5.282215437500001;9.666321062500002
2020-07-05;2.912498750000001;4.412879937499998;7.325378687499999
2020-07-06;3.947761500000002;5.0250091874999985;8.9727706875
2020-07-07;3.4807282499999985;5.7365224999999995;9.217250749999998
2020-07-08;3.1250075624999987;6.04999175;9.174999312499999
2020-07-09;3.637477875000002;4.58912275;8.226600625000001
2020-07-10;3.890670625000002;2.9634742124999978;6.8541448375
2020-07-11;4.294319250000001;5.480522575;9.774841825000001
2020-07-12;3.7077673124999997;5.886287874999999;9.594055187499999
2020-07-13;3.8291169374999967;5.430797500000002;9.259914437499999
2020-07-14;4.096892875000002;5.403984562499998;9.5008774375
2020-07-15;5.226718625000002;5.7240071;10.950725725000002
2020-07-16;3.9809683125000017;5.1548427499999985;9.1358110625
2020-07-17;4.6492650000000015;5.4395335875;10.088798587500001
2020-07-18;4.298053937500001;6.0746426625000005;10.372696600000001
2020-07-19;3.671260874999998;5.674549237500001;9.345810112499999
2020-07-20;3.187256125000001;5.1459312499999985;8.333187375
2020-07-21;4.051292499999999;4.7294081875000025;8.780700687500001
2020-07-22;4.3385123750000005;4.4368020874999985;8.775314462499999
2020-07-23;4.300479749999999;5.6706318625;9.9711116125
2020-07-24;3.9662970625000007;5.9413075625000005;9.907604625000001
2020-07-25;2.5487857499999986;3.5026285625;6.051414312499999
2020-07-26;4.5624653125000005;3.511673250000001;8.074138562500002
2020-07-27;3.8259011874999977;4.72563525;8.551536437499998
2020-07-28;3.1396521874999976;5.537525250000002;8.6771774375
2020-07-29;2.5878409999999974;5.0218352500000005;7.609676249999998
2020-07-30;3.702037875000002;4.457126562500003;8.159164437500005
2020-07-31;4.405567249999999;4.674996000000002;9.08056325
2020-08-01;3.6081658124999993;2.9285546875;6.5367204999999995
2020-08-02;3.9970932500000025;3.4588432499999993;7.455936500000002
2020-08-03;3.4923628750000013;5.307125124999995;8.799487999999997
2020-08-04;3.1324765000000028;5.33680725;8.469283750000002
2020-08-05;3.7806777500000024;4.9368668125;8.717544562500002
2020-08-06;3.7856945000000035;4.8840635625;8.669758062500003
2020-08-07;2.3999901875000003;3.5525015;5.9524916875
2020-08-08;2.722686437500002;4.634448999999998;7.3571354375
2020-08-09;2.785080124999997;5.896961000000005;8.682041125000001
2020-08-10;2.342655375000003;5.8195413125;8.162196687500003
2020-08-11;2.450008499999999;4.901473812500004;7.3514823125000035
2020-08-12;2.2152976250000016;4.934711499999999;7.150009125
2020-08-13;2.0255282500000007;4.520412312500001;6.545940562500002
2020-08-14;2.575000750000001;5.533614999999999;8.10861575
2020-08-15;3.4880597500000015;4.8389095;8.326969250000001
2020-08-16;3.774978749999999;4.4800415625;8.2550203125
2020-08-17;2.518539562499999;2.224742937500002;4.743282500000001
2020-08-18;2.5267029999999977;3.8482703750000002;6.374973374999998
2020-08-19;2.4388428750000006;3.752002750000001;6.1908456250000015
2020-08-20;2.055919750000001;5.636810125;7.692729875000001
2020-08-21;2.5230521249999995;3.3015328124999996;5.824584937499999
2020-08-22;3.369083250000001;5.070019;8.439102250000001
2020-08-23;3.101928625000001;5.71037675;8.812305375000001
2020-08-24;3.4748073124999994;4.4353411000000005;7.9101484125
2020-08-25;3.096603375000001;5.0643731249999995;8.1609765
2020-08-26;3.240890562499999;4.1096761875;7.350566749999999
2020-08-27;2.6306917500000004;4.6751328999999995;7.30582465
2020-08-28;3.168815437500003;4.9302674374999995;8.099082875000002
2020-08-29;3.3453979999999994;5.649395550000001;8.99479355
2020-08-30;3.0410538124999995;4.729725325000001;7.770779137500001
2020-08-31;3.4617425000000015;4.84272045;8.304462950000001
2020-09-01;3.504795125000001;4.164359937499999;7.6691550625
2020-09-02;4.171325687500001;4.6151586249999985;8.7864843125
2020-09-03;2.844978375;3.3639793750000013;6.2089577500000015
2020-09-04;3.4026413750000017;4.100937237499998;7.5035786125
2020-09-05;4.350002424999999;5.2548827425;9.604885167499999
2020-09-06;2.838005075;4.8610385675000005;7.6990436425
2020-09-07;3.7244150000000005;4.6217427749999995;8.346157775
2020-09-08;2.9861069999999987;5.722885600000001;8.708992599999998
2020-09-09;3.4844591124999997;5.47056588375;8.95502499625
2020-09-10;3.5124933625000008;5.32884589575;8.84133925825
2020-09-11;3.3031504875;5.65000145;8.9531519375
2020-09-12;3.4031528125;5.638164519999999;9.0413173325
2020-09-13;3.1222344374999995;5.44573995;8.5679743875
2020-09-14;2.886665624999999;5.6082996000000005;8.494965225
2020-09-15;2.3338810625000015;5.193516362499999;7.527397425
2020-09-16;0.322315500000002;4.0942454999999995;4.4165610000000015
2020-09-17;0.11332325000000054;5.026619;5.139942250000001
2020-09-18;3.975402749999999;5.4599804875;9.435383237499998
2020-09-19;4.790092874999999;4.9057961375;9.695889012499999
2020-09-20;2.7769701875;3.7895052499999995;6.566475437499999
2020-09-21;0.38656993749999913;3.1484108749999997;3.534980812499999
2020-09-22;2.5144196250000004;3.9965934999999995;6.511013125
2020-09-23;4.2901843249999985;4.058441462499999;8.348625787499998
2020-09-24;2.9342156875;4.3171426625;7.25135835
2020-09-25;4.429809875000002;3.6145361554999997;8.044346030500002
2020-09-26;4.2633858625;4.4111937125;8.674579575
2020-09-27;3.5910720874999997;4.5638236625;8.15489575
2020-09-28;2.8910563;5.0964316725;7.987487972499999
2020-09-29;3.20858004775;4.507999234125;7.716579281875
2020-09-30;4.3509827;5.5794980125;9.9304807125
2020-10-01;4.35065089125;4.537494412500001;8.888145303750001
2020-10-02;3.8475341525;5.19699859;9.0445327425
2020-10-03;1.2874908450000002;3.75601194125;5.04350278625
2020-10-04;1.0063706750000003;3.8362083750000004;4.842579050000001
2020-10-05;3.1566737937500013;4.159694633749999;7.3163684275000005
2020-10-06;4.08228692375;4.5496936;8.63198052375
2020-10-07;4.7036972975;4.6733548625;9.37705216
2020-10-08;4.5108720625;4.512522925;9.0233949875
2020-10-09;4.740799051875;4.59722065;9.338019701875
2020-10-10;4.638759715000001;4.673404124999999;9.31216384
2020-10-11;3.850105325;4.0514368125;7.9015421375
2020-10-12;2.4946594624999996;3.3332862875000004;5.8279457500000005
2020-10-13;3.26382056;3.7668305275000002;7.030651087500001
2020-10-14;3.9156645500000002;3.990879125;7.906543675
2020-10-15;4.603180103750001;3.664470658125;8.267650761875
2020-10-16;2.7397614312500003;1.9270019662499993;4.6667633975
2020-10-17;2.349414962500001;3.460948975;5.810363937500001
2020-10-18;4.25670621625;4.6999894;8.95669561625
2020-10-19;5.26847846125;5.241298;10.50977646125
2020-10-20;4.3053742037500005;4.0542754500000004;8.359649653750001
2020-10-21;-0.11536052499999983;3.0827983125;2.9674377875
2020-10-22;1.7883760375000026;2.5591811049999986;4.347557142500001
2020-10-23;4.495860960000001;4.573558915;9.069419875000001
2020-10-24;4.807670625;5.189758125;9.997428750000001
2020-10-25;4.9137573125;5.1994776625;10.113234975
2020-10-26;4.150527915;3.0439758724999995;7.1945037874999995
2020-10-27;0.07628634999999928;3.22999185;3.3062781999999995
2020-10-28;2.3133696262500005;3.7643508774999996;6.07772050375
2020-10-29;5.167736011250001;5.362495137499997;10.530231148749998
2020-10-30;4.39560706;4.4743953874999995;8.8700024475
2020-10-31;4.512477724999999;2.7782131125000014;7.290690837500001
2020-11-01;2.39490512875;2.2580299637500003;4.6529350925
2020-11-02;2.96173479;3.1828916937500003;6.144626483750001
2020-11-03;4.75148401375;3.3055111749999995;8.05699518875
2020-11-04;4.938201934375;4.931136625;9.869338559374999
2020-11-05;4.41772854125;4.736388825000001;9.15411736625
2020-11-06;2.8051296000000003;3.0736275374999993;5.878757137499999
2020-11-07;0.5312576125000004;2.6726913150000002;3.203948927500001
2020-11-08;-4.122715437499999;2.3585896374999997;-1.7641257999999995
2020-11-09;1.2880933781249992;4.0480729462500005;5.336166324375
2020-11-10;4.31781378025;5.301071282250001;9.6188850625
2020-11-11;2.5527763668125;4.6799201175;7.2326964843125
2020-11-12;3.52959828375;3.2802391349999995;6.80983741875
2020-11-13;3.9074247375;5.2822909875;9.189715725
2020-11-14;2.7740741625000016;5.144336437499998;7.9184106
2020-11-15;2.4086832625000003;3.8705559999999988;6.279239262499999
2020-11-16;2.342234962500002;3.043125374999999;5.385360337500001
2020-11-17;3.793460725000001;3.1106529374999976;6.904113662499999
2020-11-18;4.943424374999999;3.584581375000001;8.52800575
2020-11-19;5.054927875000002;1.060922625;6.115850500000002
2020-11-20;4.651263875;-1.5334895;3.1177743749999998
2020-11-21;4.1486852375;1.3615339624999994;5.510219199999999
2020-11-22;3.4505537125000005;-1.0442999250000016;2.406253787499999
2020-11-23;2.310886375000001;0.6558224374999995;2.9667088125000003
2020-11-24;0.060630937500000925;0.5362394999999989;0.5968704374999998
2020-11-25;-1.24557875;0.08528525000000009;-1.1602934999999999
2020-11-26;-3.791320775000001;0.3722227750000009;-3.419098
2020-11-27;-6.368724375000001;1.4982522500000002;-4.870472125000001
2020-11-28;-6.478679124999999;1.687591124999999;-4.791088
2020-11-29;-5.9341847250000015;2.024657724999999;-3.9095270000000024
2020-11-30;-3.5939824;0.7540014624999998;-2.8399809375
2020-12-01;2.54636;-0.743636875;1.802723125
2020-12-02;0.5663907499999983;0.034920000000001394;0.6013107499999997
2020-12-03;-3.526008625000001;2.2384491875000023;-1.2875594374999988
2020-12-04;0.15372106249999895;-0.9268954374999989;-0.773174375
2020-12-05;-2.1460799999999995;0.3031689999999987;-1.8429110000000009
2020-12-06;0.8092954375000012;0.7034189374999986;1.5127143749999998
2020-12-07;3.544589799999999;0.6196211875;4.164210987499999
2020-12-08;4.660327875;2.2693368125000006;6.929664687500001
2020-12-09;2.8215868749999977;0.3776930000000007;3.1992798749999984
2020-12-10;0.9357946250000015;3.6122113749999976;4.548005999999999
2020-12-11;3.937986562500001;2.4522017500000004;6.390188312500001
2020-12-12;1.3935624999999945;3.400667250000005;4.7942297499999995
2020-12-13;3.577373624999998;4.161071875000005;7.738445500000003
2020-12-14;4.526760125000001;0.05344400000000071;4.580204125000002
2020-12-15;4.67821075;4.741661062499999;9.419871812499998
2020-12-16;0.80668425;3.096982999999998;3.903667249999998
2020-12-17;2.001571125;2.3512917499999997;4.352862875
2020-12-18;3.6596524125000016;1.4198645999999986;5.0795170125
2020-12-19;4.2475776375;4.262332712499999;8.509910349999998
2020-12-20;3.1578136624999997;2.2126655625;5.3704792249999995
2020-12-21;4.477115412500002;4.795084124999999;9.2721995375
2020-12-22;4.475734375000004;4.783060249999998;9.258794625000002
2020-12-23;2.6699005000000042;3.7680916249999967;6.437992125000001
2020-12-24;3.4702569374999985;3.8595046874999994;7.329761624999998
2020-12-25;4.173741937500001;1.2325898749999986;5.4063318124999995
2020-12-26;3.205957374999997;-5.205334125;-1.9993767500000033
2020-12-27;-2.447438500000004;-3.7810142499999984;-6.228452750000002
2020-12-28;-6.912981250000001;0.4102973750000025;-6.502683874999999
2020-12-29;-12.830306874999998;1.0002362500000004;-11.830070624999998
2020-12-30;-6.959900250000004;-1.5839004375000005;-8.543800687500005
2020-12-31;-0.3672200624999995;2.0177861250000007;1.6505660625000012
2021-01-01;-3.2936572499999954;1.1100176249999976;-2.183639624999998
2021-01-02;-5.556846499999999;1.0690841249999998;-4.487762374999999
2021-01-03;-1.4847661250000002;-1.7821347499999973;-3.2669008749999975
2021-01-04;3.7063941250000028;-0.585143875;3.121250250000003
2021-01-05;-4.356916375000001;-2.1440756249999993;-6.500992
2021-01-06;-5.022917;-1.6907213750000025;-6.713638375000002
2021-01-07;-7.673726999999998;-0.9300996250000004;-8.603826624999998
2021-01-08;-9.9891679375;0.9935454999999997;-8.9956224375
2021-01-09;-1.6282787500000033;-0.31352799999999803;-1.9418067500000014
2021-01-10;4.5235479375;4.037904749999999;8.5614526875
2021-01-11;3.9701959375000015;3.219316124999999;7.1895120625
2021-01-12;-0.9307116249999972;-1.6414930000000005;-2.5722046249999977
2021-01-13;-2.5104082499999976;-0.5596545000000006;-3.070062749999998
2021-01-14;3.2517815;-2.0026590000000013;1.2491224999999986
2021-01-15;2.7456548749999996;-2.6968631249999966;0.04879175000000302
2021-01-16;-0.4244652500000008;0.9958419999999997;0.5713767499999989
2021-01-17;-1.5480497;0.2401388149999999;-1.307910885
2021-01-18;2.3769684374999995;2.6678904125000003;5.04485885
2021-01-19;3.9595795624999983;4.584674625000002;8.5442541875
2021-01-20;1.565463874999999;0.08701325000000182;1.6524771250000008
2021-01-21;-4.3156658750000005;-1.2572883124999965;-5.572954187499997
2021-01-22;1.311281375;0.4790018749999998;1.7902832499999999
2021-01-23;3.1917667499999993;2.4659709999999997;5.657737749999999
2021-01-24;2.944193000000002;4.137578999999999;7.081772000000001
2021-01-25;2.582805999999998;0.9074258750000013;3.490231874999999
2021-01-26;-0.8422435000000021;1.745402875000007;0.9031593750000049
2021-01-27;-0.13314225000000235;0.12485312500000134;-0.008289125000001007
2021-01-28;1.269006749999999;-3.6114008749999975;-2.3423941249999984
2021-01-29;0.5875908874999993;3.7369500624999983;4.324540949999998
2021-01-30;3.4800569999999986;-2.06079175;1.4192652499999987
2021-01-31;-7.982643875000001;-3.409816750000001;-11.392460625000002
2021-02-01;-11.2952655;-2.025420875;-13.320686375
2021-02-02;-7.050727750000002;-1.433269525;-8.483997275000002
2021-02-03;1.9547193625000006;2.996692424999999;4.9514117875
2021-02-04;3.4458310874999984;3.810592937500001;7.256424024999999
2021-02-05;1.6139219375000007;2.6742573749999963;4.288179312499997
2021-02-06;-0.9784012000000004;2.9996183624999997;2.0212171624999993
2021-02-07;-2.5004616250000002;3.3141365937500002;0.81367496875
2021-02-08;1.098705359375;3.153842730000001;4.252548089375001
2021-02-09;3.0649830500000004;4.6786385;7.74362155
2021-02-10;3.763084687500001;5.614807374999998;9.377892062499999
2021-02-11;3.8255574999999986;2.881171000000002;6.7067285000000005
2021-02-12;0.48461712499999976;1.569425625000001;2.0540427500000007
2021-02-13;1.2907731249999976;0.2190402500000026;1.5098133750000002
2021-02-14;2.8549289999999985;1.7306559999999998;4.585584999999998
2021-02-15;-1.0454022499999986;0.12318427499999807;-0.9222179750000006
2021-02-16;2.60533145;2.9683990625000014;5.573730512500001
2021-02-17;4.2532424625;3.8267743375;8.0800168
2021-02-18;3.3131408749999984;1.1736469375000027;4.486787812500001
2021-02-19;2.108136850000001;-1.9115312125;0.19660563750000115
2021-02-20;4.438986000000003;2.6244602499999985;7.063446250000002
2021-02-21;0.5535851250000015;2.17622725;2.7298123750000016
2021-02-22;3.0963899374999997;4.398882062500002;7.495272000000002
2021-02-23;2.1402303750000016;3.0439797499999983;5.184210125
2021-02-24;0.4937554999999989;-2.099435875000001;-1.6056803750000022
2021-02-25;1.638938337499999;2.5282272500000005;4.1671655874999995
2021-02-26;3.964645499999996;5.6035576250000005;9.568203124999997
2021-02-27;4.237281624999998;5.110803875000002;9.3480855
2021-02-28;2.849031374999999;3.852562125000002;6.701593500000001
2021-03-01;0.6249125000000006;-0.7748623750000014;-0.1499498750000008
2021-03-02;3.154398125;-3.712911749999998;-0.558513624999998
2021-03-03;-0.5457670000000014;-0.2850721874999991;-0.8308391875000005
2021-03-04;1.4926983000000025;4.048415999999998;5.5411143
2021-03-05;2.2422333391250002;3.8616252375;6.103858576625001
2021-03-06;4.1324576875000005;5.122714774999999;9.2551724625
2021-03-07;3.5387534500000006;4.277221449999999;7.8159749
2021-03-08;0.7868384912499993;2.197872213750001;2.9847107050000004
2021-03-09;2.91328808125;5.223289299999999;8.13657738125
2021-03-10;-0.3986547700000007;3.939994505;3.5413397349999993
2021-03-11;1.0238113125;3.6047666499999997;4.6285779625
2021-03-12;2.18935795375;3.4472805749999997;5.63663852875
2021-03-13;3.774434937499999;2.8935450624999994;6.667979999999998
2021-03-14;2.4311291875;1.4239750624999967;3.8551042499999966
2021-03-15;1.9487873749999984;1.4378166250000035;3.386604000000002
2021-03-16;2.9418142874999997;3.1473159999999982;6.089130287499998
2021-03-17;1.6314772125;4.037273375;5.6687505875
2021-03-18;2.6662253499999995;4.179374812500001;6.8456001625
2021-03-19;2.2323642875000003;2.0287970625000007;4.261161350000001
2021-03-20;-1.8510589195000002;1.1629639075000004;-0.6880950119999998
2021-03-21;2.2233962279375;2.5279503720625005;4.751346600000001
2021-03-22;2.78224187125;4.800308187499999;7.58255005875
2021-03-23;2.1510315;4.677394625000002;6.828426125000001
2021-03-24;1.79661189;1.601615823125;3.3982277131250003
2021-03-25;2.94898993875;4.9778818;7.92687173875
2021-03-26;2.8646202450000007;4.3492808125;7.213901057500001
2021-03-27;2.1539879400000004;4.328983175;6.482971115000001
2021-03-28;2.27779386975;3.786399914624999;6.064193784374999
2021-03-29;2.7848319625;4.2933159625;7.078147925000001
2021-03-30;4.49011219875;5.057181812499999;9.547294011249999
2021-03-31;4.63735185;5.0094867625;9.6468386125
2021-04-01;4.08865755;4.2732770124999995;8.3619345625
2021-04-02;3.32115174625;3.5119057000000002;6.833057446250001
2021-04-03;4.75278095;3.8087576625;8.5615386125
2021-04-04;3.42195508;2.3834763687500002;5.805431448749999
2021-04-05;-1.3643646375;1.7445373000000002;0.38017266250000015
2021-04-06;-2.5936621562499997;3.6839218000000002;1.0902596437500005
2021-04-07;3.47697448;4.540172715000001;8.017147195
2021-04-08;3.9356232662500004;4.729102975;8.66472624125
2021-04-09;3.8770943774999997;4.633750737500001;8.510845115
2021-04-10;3.24930961125;4.4040982374999995;7.65340784875
2021-04-11;2.4715614625;1.8245505875000005;4.2961120500000005
2021-04-12;2.86016839375;2.2955361874999998;5.155704581249999
2021-04-13;4.7772484408125;4.478580324999999;9.255828765812499
2021-04-14;4.8516769475;4.495841824999999;9.347518772499999
2021-04-15;4.2669333875;4.397884175000001;8.664817562500001
2021-04-16;4.161205650000001;3.28636928375;7.447574933750001
2021-04-17;4.08368679375;4.949676187500001;9.03336298125
2021-04-18;2.9280853162500002;4.979354689999999;7.90744000625
2021-04-19;4.804794045;5.0192526925;9.824046737500002
2021-04-20;4.821552024999998;5.001753000000003;9.823305025
2021-04-21;3.8173408074999995;5.983405787500001;9.800746595
2021-04-22;4.3088989625;5.9031252375;10.2120242
2021-04-23;3.67744827675;5.8001706875;9.47761896425
2021-04-24;4.42661664875;4.855232305;9.28184895375
2021-04-25;4.00849149375;4.81489183375;8.8233833275
2021-04-26;2.6065902375000003;4.2508774250000005;6.8574676625
2021-04-27;1.4825134625000005;5.1141089625;6.5966224250000005
2021-04-28;3.762085299999999;3.7407760000000003;7.502861299999999
2021-04-29;3.6655692625000005;3.9913864675;7.65695573
2021-04-30;2.0437167;4.9969404412500005;7.0406571412500005
2021-05-01;1.7372057625000004;6.107448474999999;7.8446542374999995
2021-05-02;4.5374220675000005;4.7079621075;9.245384175000002
2021-05-03;1.8333474374999987;4.2863464;6.119693837499999
2021-05-04;4.10298153;4.216385095;8.319366625
2021-05-05;4.2560808025000005;4.7078857975;8.963966600000001
2021-05-06;2.6328547500000017;4.463111987499999;7.0959667375
2021-05-07;3.155094250000001;3.5579567249999995;6.713050975000001
2021-05-08;5.2706722375;5.7231712012500005;10.99384343875
2021-05-09;5.312423625687501;4.6949806993125;10.007404325
2021-05-10;3.9462473749999996;5.506290487499999;9.4525378625
2021-05-11;3.6375428749999994;5.6516766249999995;9.289219499999998
2021-05-12;4.434257612500001;4.96018619625;9.394443808750001
2021-05-13;3.585086950000001;5.664581553125;9.249668503125001
2021-05-14;2.932491462499999;4.802852762500001;7.7353442249999995
2021-05-15;5.138103362500001;4.8626866262499995;10.00078998875
2021-05-16;3.4968913375;2.561145823750001;6.058037161250001
2021-05-17;4.259003;5.14595025125;9.40495325125
2021-05-18;3.057373275;3.5625190562499998;6.61989233125
2021-05-19;4.000130024999999;5.422080875000001;9.4222109
2021-05-20;4.065876241250001;4.98770130875;9.053577550000002
2021-05-21;3.90857725;5.856800037499999;9.7653772875
2021-05-22;4.674904075;5.672153424999999;10.3470575
2021-05-23;2.9655114125000015;1.9091033149999994;4.874614727500001
2021-05-24;4.625549525;4.670269200000002;9.295818725000002
2021-05-25;5.118713637499999;4.3512613875;9.469975025
2021-05-26;4.521938500000001;5.520801837499999;10.0427403375
2021-05-27;2.3248025000000005;3.1479950624999997;5.4727975625
2021-05-28;4.868312937500001;4.8170853625;9.6853983
2021-05-29;5.2617761525;5.70391096;10.9656871125
2021-05-30;4.4300081250000005;6.18357853125;10.61358665625
2021-05-31;3.8304520250000014;5.111080257499999;8.9415322825
2021-06-01;2.20403675;4.182170987499999;6.3862077374999995
2021-06-02;1.6707078750000015;6.170856437499998;7.841564312499999
2021-06-03;3.9043996874999998;4.9552231875;8.859622875
2021-06-04;4.5369454375;1.5676195375000006;6.104564975000001
2021-06-05;3.2306483125000005;4.296649978749999;7.527298291249999
2021-06-06;3.9370119624999997;4.454872325;8.3918842875
2021-06-07;3.765678000000001;3.524387662499998;7.290065662499999
2021-06-08;2.67084925;5.0064393875;7.6772886375
2021-06-09;5.020629800000002;3.9802631625;9.000892962500002
2021-06-10;4.5048639625;5.86851865425;10.37338261675
2021-06-11;3.8028908;5.96946351875;9.77235431875
2021-06-12;3.3214225624999987;5.8942723125;9.215694874999999
2021-06-13;4.342067687499998;4.826405062500003;9.168472750000001
2021-06-14;4.0479011374999985;5.685200150000001;9.733101287499998
2021-06-15;4.073077999999999;5.824459550000001;9.89753755
2021-06-16;4.0354727499999985;4.3885804875000005;8.424053237499999
2021-06-17;2.9845623749999994;5.427459375;8.41202175
2021-06-18;2.4060094999999997;4.872325812499998;7.278335312499998
2021-06-19;2.570079875000001;5.136096624999999;7.7061765
2021-06-20;4.524883187499999;3.0315019250000006;7.556385112499999
2021-06-21;3.7223284624999984;4.5574113275000006;8.279739789999999
2021-06-22;3.6214103750000035;4.389831837499997;8.011242212500001
2021-06-23;3.3789099999999994;4.347095974999999;7.726005974999999
2021-06-24;3.6897240625;5.332000737500001;9.021724800000001
2021-06-25;3.733005437500001;5.011101312499999;8.74410675
2021-06-26;4.286373187500001;4.7082868;8.9946599875
2021-06-27;3.7392846250000016;5.436416937499999;9.1757015625
2021-06-28;3.943157000000003;4.6498381375;8.592995137500003
2021-06-29;3.547145875;4.8902628625;8.4374087375
2021-06-30;3.7075158749999986;5.62805185;9.335567724999999
2021-07-01;3.5391195;5.4947782;9.0338977
2021-07-02;2.8199425624999996;5.951194862500001;8.771137425000001
2021-07-03;2.536346375000001;5.668018437499999;8.2043648125
2021-07-04;3.1600990000000024;5.133297124999999;8.293396125000001
2021-07-05;3.1103706250000016;5.312168;8.422538625000001
2021-07-06;3.2582506250000023;5.236278624999997;8.49452925
2021-07-07;4.952640624999999;2.1600798374999997;7.112720462499999
2021-07-08;4.0690235375;6.008148374999999;10.077171912499999
2021-07-09;3.4691198750000023;5.828106199999999;9.297226075000001
2021-07-10;3.015113624999998;5.690201000000002;8.705314625
2021-07-11;3.199421000000001;5.711181375000001;8.910602375000002
2021-07-12;3.0216557500000008;5.906215875000001;8.927871625000002
2021-07-13;3.048290125000001;5.217681750000001;8.265971875000002
2021-07-14;2.957202875;5.133324;8.090526875
2021-07-15;2.606540374999998;4.872902;7.479442374999998
2021-07-16;3.53576275;4.060383125000001;7.596145875000001
2021-07-17;4.213817375000001;5.31297685;9.526794225000002
2021-07-18;2.9810182500000018;5.9044115625;8.885429812500002
2021-07-19;3.4748421249999986;5.7587736875000015;9.2336158125
2021-07-20;3.732494375;5.419902625000001;9.152397
2021-07-21;3.2313918749999964;5.206955250000002;8.438347124999998
2021-07-22;3.2863198750000002;5.982150750000001;9.268470625
2021-07-23;2.8782616250000004;4.9283945;7.806656125
2021-07-24;3.289585250000002;3.310886124999996;6.600471374999998
2021-07-25;3.1485445;4.003719124999996;7.152263624999996
2021-07-26;2.9494586249999983;4.915641875000002;7.8651005000000005
2021-07-27;4.184028562499996;4.372287937500003;8.5563165
2021-07-28;4.539401937499999;5.0020224125;9.54142435
2021-07-29;3.8281402500000006;6.158344549999999;9.9864848
2021-07-30;3.1636121249999984;6.054306125;9.217918249999999
2021-07-31;3.129554875;5.629078;8.758632875
2021-08-01;2.740673187499997;5.508548562500003;8.24922175
2021-08-02;3.007564249999998;5.363308250000001;8.370872499999999
2021-08-03;3.1261483749999996;5.3248940625;8.4510424375
2021-08-04;3.246127874999999;5.277508125000001;8.523636
2021-08-05;3.5032845624999993;4.8187829375;8.3220675
2021-08-06;3.354743750000001;4.722820375000001;8.077564125000002
2021-08-07;3.1039203750000013;5.602474124999997;8.706394499999998
2021-08-08;2.7300147499999987;5.847477;8.577491749999998
2021-08-09;2.8826026250000005;5.7557145;8.638317125
2021-08-10;2.9112477499999976;4.982837437500001;7.894085187499998
2021-08-11;2.9393654999999974;3.173526750000004;6.112892250000002
2021-08-12;3.497673125000002;5.135913875;8.633587000000002
2021-08-13;3.089141999999999;4.68285;7.771991999999999
2021-08-14;3.166556999999999;3.7690013249999996;6.935558324999999
2021-08-15;3.726032374999999;5.877433825000001;9.6034662
2021-08-16;2.776619250000003;5.81184;8.588459250000003
2021-08-17;3.074908875000002;5.8534700625;8.928378937500002
2021-08-18;2.685172937499999;6.061138312500001;8.74631125
2021-08-19;3.147170750000001;5.14100655;8.288177300000001
2021-08-20;4.3780288125;5.3336032375;9.71163205
2021-08-21;4.560119937500001;5.006183987499999;9.566303925
2021-08-22;3.361034375000001;5.9964184875;9.3574528625
2021-08-23;2.5602570625;6.23486735;8.7951244125
2021-08-24;2.872684249999999;5.2609904125;8.133674662499999
2021-08-25;2.922954562500001;5.621017624999999;8.5439721875
2021-08-26;2.8392599999999995;4.836204500000001;7.6754645
2021-08-27;1.8541565624999983;4.994060500000002;6.8482170625
2021-08-28;1.8240623750000005;3.937305562499999;5.761367937499999
2021-08-29;2.564170875000002;4.936664374999998;7.50083525
2021-08-30;1.953983375;5.520954124999999;7.474937499999999
2021-08-31;4.447425687500001;5.0687871625;9.51621285
2021-09-01;4.025120000000001;4.899216037499999;8.9243360375
2021-09-02;4.14593505;5.828182425;9.974117475
2021-09-03;3.4770739749999997;6.157512700000001;9.634586675000001
2021-09-04;2.3081015875000013;5.505546837499999;7.813648425
2021-09-05;2.1128273374999997;3.948776525000001;6.0616038625
2021-09-06;1.6910323875;2.105705499999999;3.796737887499999
2021-09-07;2.085151612499999;3.3548893375000004;5.440040949999999
2021-09-08;2.4048232500000015;1.9942552624999994;4.399078512500001
2021-09-09;2.4732895499999987;3.977955024999998;6.451244574999997
2021-09-10;2.790863187500001;5.852756687499999;8.643619875
2021-09-11;2.3025400000000005;5.6953167125;7.997856712500001
2021-09-12;4.732929374999998;5.292042087500001;10.024971462499998
2021-09-13;3.6383557499999997;6.06251515125;9.700870901250001
2021-09-14;4.482814925;5.67140578;10.154220705
2021-09-15;3.6035997999999996;4.2294845345;7.8330843345
2021-09-16;2.0788617125;1.9557268250000002;4.0345885375
2021-09-17;0.9851456249999995;5.493042325000001;6.478187950000001
2021-09-18;1.537079125;4.7338944125;6.2709735375
2021-09-19;2.762817499999999;5.505443962500001;8.2682614625
2021-09-20;3.274509499999999;5.44419485;8.71870435
2021-09-21;4.7809371725;5.002166840000001;9.7831040125
2021-09-22;4.63226305375;3.9345093587499997;8.5667724125
2021-09-23;4.0338515175;4.263732995000001;8.2975845125
2021-09-24;3.6899298575;5.0031205299999995;8.6930503875
2021-09-25;3.60538472125;5.31515515375;8.920539875
2021-09-26;3.4249153999999993;5.6850204625;9.109935862499999
2021-09-27;3.93181985125;4.94316108625;8.8749809375
2021-09-28;4.294692952875;4.869430609625001;9.1641235625
2021-09-29;3.2486876862500003;3.5565643825;6.805252068750001
2021-09-30;2.6092760875000005;4.541961514375;7.151237601875001
2021-10-01;4.24182503425;3.2754212157500002;7.5172462499999995
2021-10-02;3.8316954450000003;5.0162850925;8.8479805375
2021-10-03;3.8835601250000003;5.4092751625;9.2928352875
2021-10-04;3.1476287037499997;5.5163422749999995;8.66397097875
2021-10-05;2.70436092675;3.80857859625;6.512939523
2021-10-06;2.90775674725;3.9608728087500005;6.868629556
2021-10-07;4.17621990875;3.4803582037500007;7.6565781125
2021-10-08;3.96286768125;2.48194515625;6.444812837500001
2021-10-09;4.83693706875;3.5141983225000004;8.35113539125
2021-10-10;4.9352759825;4.573932667499999;9.50920865
2021-10-11;4.87881094875;2.8636664875000006;7.742477436250001
2021-10-12;4.899616212500001;2.944694049999999;7.8443102625
2021-10-13;4.925186121249999;5.596301562500001;10.52148768375
2021-10-14;4.0927656;4.588867025000001;8.681632625
2021-10-15;0.5315437037499999;1.1794738599999999;1.7110175637499998
2021-10-16;-1.2614859912500003;1.8313674050000002;0.5698814137499999
2021-10-17;-1.54442968;2.1387709499999996;0.5943412699999997
2021-10-18;0.32563412499999966;3.3580130275;3.6836471525
2021-10-19;0.6520882950000004;4.18452829375;4.83661658875
2021-10-20;-1.1083985875;3.026497175000001;1.9180985875000012
2021-10-21;-2.2392578999999992;2.798187487499999;0.5589295874999998
2021-10-22;0.5593908688250009;3.736820618674999;4.2962114875
2021-10-23;5.34083167625;5.41578308625;10.7566147625
2021-10-24;4.854526410625;3.075809526875;7.930335937500001
2021-10-25;4.687988649999999;4.154445593749999;8.842434243749999
2021-10-26;3.4479446000000005;3.3154566462500004;6.763401246250001
2021-10-27;5.30651481625;5.415725387500001;10.722240203750001
2021-10-28;3.9344101750000005;4.927512850000001;8.861923025000001
2021-10-29;1.9523695975000002;3.0476036275;4.999973225
2021-10-30;5.01723865625;4.6282958125;9.64553446875
2021-10-31;4.53698729125;4.58019638375;9.117183675
2021-11-01;5.197673887500001;5.1388545125;10.3365284
2021-11-02;5.042926634999999;4.615447887500001;9.6583745225
2021-11-03;5.377433687500002;4.944198374999999;10.3216320625
2021-11-04;5.336517499999999;1.7413348749999997;7.077852374999999
2021-11-05;4.493972600000001;0.5662002499999996;5.060172850000001
2021-11-06;5.011829225;1.5630794874999996;6.574908712499999
2021-11-07;4.675819475;0.5817449874999996;5.2575644624999995
2021-11-08;4.32558816375;0.6587524549999999;4.98434061875
2021-11-09;2.24495325875;3.3669395375000004;5.61189279625
2021-11-10;-0.6057663362499999;3.0110969508750003;2.405330614625
2021-11-11;4.414749177875;4.301788334625;8.7165375125
2021-11-12;3.6547433125;4.201518649999999;7.856261962499999
2021-11-13;4.55206304625;4.34004975;8.89211279625
2021-11-14;3.44442380375;4.4286801124999995;7.87310391625
2021-11-15;2.7169799750000005;5.320297125;8.0372771
2021-11-16;3.7977865249999985;3.657561975000002;7.4553485
2021-11-17;1.8722683624999998;4.292385000000001;6.164653362500001
2021-11-18;2.8131904325;4.2163179;7.0295083325
2021-11-19;4.230863375;5.322172250000001;9.553035625000001
2021-11-20;4.915481624999998;4.79372025;9.709201874999998
2021-11-21;1.0250585;2.371032574999999;3.3960910749999993
2021-11-22;-3.0297241611250003;0.9184418023749998;-2.1112823587500005
2021-11-23;4.14345172;4.325584300000001;8.46903602
2021-11-24;4.0105057212499995;5.009005912500001;9.01951163375
2021-11-25;3.077140783750001;2.452583074999999;5.52972385875
2021-11-26;4.287105275;2.5627287499999998;6.849834025
2021-11-27;4.228370462499999;3.3456783125000022;7.574048775000001
2021-11-28;4.733813724999999;2.9536209999999983;7.6874347249999975
2021-11-29;3.0091131499999992;1.29582965;4.304942799999999
2021-11-30;0.258392325;0.9229164374999996;1.1813087624999996
2021-12-01;1.686363212499999;0.4107857499999996;2.0971489624999986
2021-12-02;-2.9809761362500002;0.8560141962500001;-2.1249619400000004
2021-12-03;-4.734680175;1.5776595875000006;-3.1570205875
2021-12-04;4.7335738625;5.2721822;10.0057560625
2021-12-05;2.8268432249999997;2.1281088749999997;4.9549521
2021-12-06;0.10142517999999989;2.1055298225;2.2069550025
2021-12-07;3.9859429;3.6494446500000004;7.635387550000001
2021-12-08;4.560361437500001;1.631311687500002;6.191673125000003
2021-12-09;5.1969490625;1.4440478750000025;6.640996937500002
2021-12-10;4.6808411875000004;0.3510021249999973;5.031843312499998
2021-12-11;0.17033772500000133;0.5816498374999988;0.7519875625000001
2021-12-12;4.653797075;3.0499343749999994;7.703731449999999
2021-12-13;4.391378312499999;2.633972250000003;7.025350562500002
2021-12-14;4.4814205000000005;3.5299053749999985;8.011325874999999
2021-12-15;-0.5824375624999973;2.259054062499999;1.6766165000000015
2021-12-16;1.5747849375000023;2.7751198749999997;4.349904812500002
2021-12-17;4.420497649999999;3.9617803375000005;8.3822779875
2021-12-18;4.353660487499999;4.943828300000001;9.2974887875
2021-12-19;2.9267041250000005;2.6681498749999992;5.594854
2021-12-20;-0.5962642500000008;-6.730190124999998;-7.326454374999999
2021-12-21;-3.9511603125000008;-3.5700263749999976;-7.521186687499998
2021-12-22;-10.7401828125;-1.7333141875000013;-12.473497000000002
2021-12-23;-13.2325708125;-4.9680628375;-18.20063365
2021-12-24;-16.6500584625;-1.1250190875000001;-17.77507755
2021-12-25;-12.2618613625;0.1440429124999998;-12.117818450000001
2021-12-26;-5.548337762500001;-3.257224624999999;-8.8055623875
2021-12-27;-5.8994596874999985;-0.9826201875000002;-6.882079874999999
2021-12-28;0.11505119999999813;2.323112375000001;2.438163574999999
2021-12-29;-3.675361324999999;3.2024073124999983;-0.4729540125000007
2021-12-30;2.894491024999999;3.6762562500000016;6.570747275
2021-12-31;4.897089125000001;2.8270642499999994;7.724153375
2022-01-01;2.1764221875;1.8844700625000002;4.06089225
2022-01-02;-0.8588523749999997;2.732376125;1.8735237500000004
2022-01-03;1.0406530500000004;2.114314862499999;3.154967912499999
2022-01-04;-6.7431980849999995;1.04792024125;-5.695277843749999
2022-01-05;-3.8262520349999996;3.0718383475;-0.7544136874999996
2022-01-06;0.9947031249999991;1.988441625;2.9831447499999992
2022-01-07;-5.058050374999999;1.2090474375000007;-3.849002937499998
2022-01-08;-10.275390075;1.9548491625000004;-8.3205409125
2022-01-09;-4.1266136625;1.5924529625000003;-2.5341606999999993
2022-01-10;3.4812331499999996;3.1032298750000002;6.584463025
2022-01-11;1.1228906250000001;3.6884764374999985;4.811367062499999
2022-01-12;4.0663413125000005;2.359752562499997;6.426093874999998
2022-01-13;-0.26677324999999996;1.5027693749999997;1.2359961249999998
2022-01-14;-6.462009375000001;1.7619150000000001;-4.700094375000001
2022-01-15;-10.104617043226689;1.6061925514960427;-8.498424491730646
2022-01-16;-4.7262798875000005;1.5000189500000012;-3.2262609374999993
2022-01-17;-1.7092056462500007;2.3072662375000004;0.5980605912499994
2022-01-18;1.0730514874999981;3.6466290624999997;4.719680549999998
2022-01-19;-4.182171049999999;3.4633752499999986;-0.7187958000000005
2022-01-20;-5.927198500000001;1.5544360000000008;-4.3727625
2022-01-21;-3.18853;-0.3655050624999987;-3.554035062499999
2022-01-22;-5.751987875000001;-0.1964491250000009;-5.948437000000002
2022-01-23;-5.333326124999999;0.4185637499999988;-4.9147623750000005
2022-01-24;0.3331145625000005;-0.3190153124999995;0.014099250000001007
2022-01-25;1.3659321874999986;2.4513301875000018;3.8172623750000003
2022-01-26;0.5321885625;3.2322958125000003;3.7644843750000003
2022-01-27;-1.8988171874999988;3.2632600000000007;1.3644428125000019
2022-01-28;-4.884721750000001;2.8735275000000016;-2.011194249999999
2022-01-29;-4.736745687500001;2.633468625000001;-2.1032770625
2022-01-30;-4.3120584932266866;2.1387777639960426;-2.173280729230644
2022-01-31;-8.050552499999998;0.5185662499999992;-7.531986249999999
2022-02-01;-6.5488015;1.158817375;-5.389984125
2022-02-02;-2.6136729932266833;2.3340137014960414;-0.27965929173064197
2022-02-03;-4.75986475;1.6649016250000006;-3.0949631249999996
2022-02-04;-4.429397374999999;2.7343025;-1.6950948749999988
2022-02-05;-0.5307500875000004;1.4388158000000004;0.9080657125
2022-02-06;-2.879455225000001;0.2542610750000014;-2.6251941499999996
2022-02-07;0.6101951874999987;1.9322815125000012;2.5424767
2022-02-08;2.242652875000001;2.084539249999999;4.327192125
2022-02-09;-0.08700749999999857;-2.985319125;-3.0723266249999988
2022-02-10;-5.542222875;-0.9748916250000015;-6.517114500000002
2022-02-11;-5.492137749999998;-0.036741125000002484;-5.528878875
2022-02-12;-5.870441375000002;-1.5943144999999994;-7.464755875000002
2022-02-13;-3.596626624999999;-3.08543375;-6.682060374999999
2022-02-14;-4.449516250000002;0.2935066250000009;-4.156009625000001
2022-02-15;-2.2444746875000003;2.0599024375;-0.18457225000000044
2022-02-16;1.7319410625000007;3.079267624999998;4.811208687499999
2022-02-17;-0.4972841250000002;3.534874124999998;3.037589999999998
2022-02-18;3.832084212499998;3.763336250000002;7.5954204625
2022-02-19;1.6644479125;2.8282659999999993;4.492713912499999
2022-02-20;-2.7550352875;0.9302595875000002;-1.8247757
2022-02-21;-6.112395912499999;0.6562233749999988;-5.4561725375000005
2022-02-22;-5.100574087499999;2.2004432874999997;-2.9001307999999995
2022-02-23;0.9845849425000002;3.5109634124999998;4.495548355
2022-02-24;3.201453925000002;3.792751199999998;6.994205125
2022-02-25;3.0931892350000005;3.835891275;6.92908051
2022-02-26;3.875838849999999;3.7591511875000005;7.6349900375
2022-02-27;4.2142445875000005;0.24398799999999987;4.4582325875
2022-02-28;4.034198375;2.601287749999999;6.635486124999999
2022-03-01;2.9370231875000004;3.726195999999999;6.663219187499999
2022-03-02;4.6995617875;5.196584749999998;9.896146537499998
2022-03-03;4.874896762499999;4.953527437500004;9.828424200000002
2022-03-04;3.569782149999999;3.2741392875000006;6.8439214375
2022-03-05;4.053436275000001;4.486655662499999;8.5400919375
2022-03-06;3.11804576625;3.3910140012500003;6.5090597675
2022-03-07;3.6366766925;4.912788395;8.5494650875
2022-03-08;3.9716035287500002;5.312248029999999;9.28385155875
2022-03-09;4.700326750000002;4.619976124999997;9.320302875
2022-03-10;2.2471942499999997;2.2659151249999994;4.513109374999999
2022-03-11;3.1804598749999986;2.4357682500000024;5.616228125000001
2022-03-12;1.5642813750000037;2.3490869999999973;3.913368375000001
2022-03-13;-0.21294568749999954;1.8944452500000004;1.6814995625000009
2022-03-14;-0.26321031250000004;2.619453374999999;2.356243062499999
2022-03-15;-2.2456035624999995;0.7235164375000007;-1.5220871249999988
2022-03-16;-1.9048387500000015;3.580623687500001;1.6757849374999996
2022-03-17;1.1779539999999997;4.769664625000001;5.9476186250000005
2022-03-18;2.4453885250000003;5.025074;7.470462525
2022-03-19;2.9106366999999977;4.192651500000004;7.1032882000000015
2022-03-20;2.3354376749999988;3.2356794875000006;5.571117162499999
2022-03-21;-0.22649748749999965;4.869349925;4.6428524375
2022-03-22;2.1971474249999994;5.298446112500001;7.4955935375
2022-03-23;3.1660803774999997;5.226302825;8.3923832025
2022-03-24;3.335796275;5.192371024999998;8.528167299999998
2022-03-25;2.0119705350000006;5.213752099999999;7.2257226349999994
2022-03-26;4.3672141125;4.464911999999999;8.8321261125
2022-03-27;2.6141088875000005;4.552120125000002;7.166229012500002
2022-03-28;-0.017505587499999642;3.1970174125;3.1795118250000005
2022-03-29;-0.8334615662500005;4.311954325;3.47849275875
2022-03-30;2.1087340892500004;4.9599074750000005;7.068641564250001
2022-03-31;4.855415356875;4.338794668125001;9.194210025
2022-04-01;3.664936008749999;4.11895756625;7.783893574999999
2022-04-02;2.75750740625;4.5502355325;7.30774293875
2022-04-03;2.629997274999999;4.495708125;7.125705399999999
2022-04-04;1.7548562306250002;1.87747945;3.6323356806250002
2022-04-05;-3.5771220374999997;2.4618304249999996;-1.1152916125
2022-04-06;-0.8289148125000008;2.840156725;2.011241912499999
2022-04-07;4.29540240875;4.598651975;8.894054383750001
2022-04-08;3.15359109;5.12032708125;8.27391817125
2022-04-09;4.183048187500001;4.815608924999999;8.9986571125
2022-04-10;5.080757215;4.5294604750000005;9.61021769
2022-04-11;5.123744851250001;5.534473212500001;10.65821806375
2022-04-12;4.717063962499999;4.6801562125;9.397220175
2022-04-13;3.1560479125;4.914008825;8.0700567375
2022-04-14;1.2384872100000002;3.48495867125;4.72344588125
2022-04-15;0.18693934499999987;1.9488029375000004;2.1357422825000003
2022-04-16;0.0076102749999993335;3.098888587500001;3.1064988625000005
2022-04-17;0.019229750000000934;3.8138773000000006;3.8331070500000015
2022-04-18;4.492630050000001;4.5912780875;9.0839081375
2022-04-19;5.1028748125;5.651500350000001;10.7543751625
2022-04-20;4.1077003012499995;5.486686786250001;9.5943870875
2022-04-21;4.0197447895;5.1930198855;9.212764674999999
2022-04-22;4.359855433750001;3.8439408537499995;8.203796287500001
2022-04-23;4.647956425000001;5.886924749999999;10.534881174999999
2022-04-24;4.3022307175000005;5.811191225;10.1134219425
2022-04-25;3.1848754550000002;5.5694692450000005;8.7543447
2022-04-26;2.46135721625;5.949394337499999;8.41075155375
2022-04-27;0.9846763250000001;4.3876342775;5.372310602500001
2022-04-28;-2.1330832749999997;6.070961134124999;3.937877859124999
2022-04-29;1.3405037499999999;4.991714537499998;6.332218287499998
2022-04-30;0.8480567499999978;6.0266684999999995;6.874725249999997
2022-05-01;3.4969676375;-0.8992462624999993;2.5977213750000008
2022-05-02;4.553364237499997;1.0148656287500017;5.5682298662499985
2022-05-03;5.4984054675;5.1374206575;10.635826125
2022-05-04;4.6415366787500005;5.673759621249999;10.3152963
2022-05-05;3.1199874750000003;5.7581866625;8.8781741375
2022-05-06;2.480632625;6.0200698125;8.5007024375
2022-05-07;4.87942501825;5.7396624242500005;10.6190874425
2022-05-08;5.3887330137500005;6.125647899999999;11.51438091375
2022-05-09;5.233600687499999;5.746722999999999;10.9803236875
2022-05-10;4.878543815;6.088546711250001;10.96709052625
2022-05-11;3.75816369125;5.77428819875;9.53245189
2022-05-12;2.6594390249999993;5.796253575000001;8.455692599999999
2022-05-13;2.2656785;6.143631187499999;8.409309687499999
2022-05-14;1.6426503125000025;6.471149562499999;8.113799875000002
2022-05-15;2.0087815000000013;5.952087437500001;7.960868937500003
2022-05-16;4.0660743749999995;5.904804374999999;9.970878749999999
2022-05-17;2.773769625;6.348243437500001;9.1220130625
2022-05-18;2.475429500000004;6.463291375000001;8.938720875000005
2022-05-19;2.3867036250000027;5.250515124999998;7.637218750000001
2022-05-20;4.286136687499999;5.714183874999998;10.000320562499997
2022-05-21;4.268390750000002;5.951389374999998;10.219780125
2022-05-22;4.460251124999999;4.4514006875;8.911651812499999
2022-05-23;4.201092062500001;3.202278175000002;7.403370237500003
2022-05-24;4.166457999999999;4.576751937500001;8.7432099375
2022-05-25;4.0354195;4.907928625;8.943348125
2022-05-26;4.684280500000002;5.7086911125;10.392971612500002
2022-05-27;4.0641517625;5.539436575;9.6035883375
2022-05-28;3.890785274999999;5.661800700000001;9.552585975
2022-05-29;3.881614624999999;5.814819674999999;9.696434299999998
2022-05-30;4.484768125000002;5.2381788125;9.722946937500001
2022-05-31;4.428196187500003;6.0532497124999995;10.481445900000002
2022-06-01;3.6487653750000018;4.795765025;8.444530400000001
2022-06-02;4.7362826375;5.07974265;9.8160252875
2022-06-03;4.9379655625;5.573162106250001;10.51112766875
2022-06-04;4.140449456250001;3.8865584687499997;8.027007925
2022-06-05;4.3693811625;5.0196191625;9.389000325
2022-06-06;4.823848849999999;3.4776459287500003;8.30149477875
2022-06-07;3.879314625;5.8154487975;9.6947634225
2022-06-08;3.6088298625000004;5.2503548;8.8591846625
2022-06-09;3.8368797124999983;4.81835979775;8.655239510249999
2022-06-10;2.1307908750000006;4.7136039375;6.844394812500001
2022-06-11;1.2524336250000019;4.238132499999999;5.490566125000001
2022-06-12;1.0784493750000017;3.7422597499999988;4.8207091250000005
2022-06-13;2.3185271249999992;6.062793624999999;8.381320749999999
2022-06-14;2.4594419999999992;5.823219624999997;8.282661624999996
2022-06-15;3.2613524999999974;5.143303000000003;8.4046555
2022-06-16;3.794776875;4.748500849999999;8.543277725
2022-06-17;3.379363937499999;5.906810937500003;9.286174875000002
2022-06-18;3.8373261874999987;5.3416138125;9.178939999999999
2022-06-19;3.6393126250000005;5.747585312500002;9.386897937500002
2022-06-20;3.2935868750000044;5.4339482499999985;8.727535125000003
2022-06-21;3.0893784999999987;5.2076910625;8.297069562499999
2022-06-22;3.0109291250000005;5.146366062500002;8.157295187500003
2022-06-23;3.5050616249999997;4.524738562500003;8.029800187500003
2022-06-24;4.306396749999999;5.393875124999999;9.700271874999999
2022-06-25;3.952857999999999;5.302642749999999;9.255500749999998
2022-06-26;2.6136817500000014;5.235344000000001;7.849025750000003
2022-06-27;2.3090972500000007;2.991695374999999;5.300792625
2022-06-28;4.12908925;4.8655931875;8.9946824375
2022-06-29;3.2183838750000042;5.3553085;8.573692375000004
2022-06-30;2.8053282499999987;4.566951812500005;7.372280062500003
2022-07-01;3.429580875000001;4.797256625000001;8.226837500000002
2022-07-02;3.7731171874999987;5.124695062500001;8.89781225
2022-07-03;4.193264124999999;5.664566437500003;9.857830562500002
2022-07-04;3.6495362500000006;5.796505149999998;9.446041399999999
2022-07-05;3.2479171875000006;4.3749768125;7.6228940000000005
2022-07-06;3.388221624999998;3.642578375000001;7.030799999999999
2022-07-07;2.7408982500000025;4.333133625;7.074031875000003
2022-07-08;3.285777624999998;5.3889659375;8.674743562499998
2022-07-09;3.6426657500000026;5.726562624999998;9.369228375
2022-07-10;2.6443249999999985;5.019027874999999;7.6633528749999975
2022-07-11;3.5620267499999976;4.832817250000003;8.394844
2022-07-12;4.222606375;5.3640447125;9.5866510875
2022-07-13;3.973277874999999;5.345738012500001;9.3190158875
2022-07-14;3.683872375;5.713303149999999;9.397175524999998
2022-07-15;4.0453834375;6.01968435;10.0650677875
2022-07-16;3.3628426250000008;5.664554712500001;9.027397337500002
2022-07-17;3.1282078124999977;4.837723062500002;7.965930875
2022-07-18;5.073597124999999;5.271797575;10.3453947
2022-07-19;4.120082812500005;3.9868698999999994;8.106952712500004
2022-07-20;3.624317249999999;5.192188125000001;8.816505375
2022-07-21;2.9157104999999994;6.034080687500001;8.9497911875
2022-07-22;3.1024319999999967;5.331180625000002;8.433612624999999
2022-07-23;3.4792367499999983;5.520874062499999;9.000110812499997
2022-07-24;3.037818875000001;4.851165624999998;7.888984499999999
2022-07-25;4.358246000000001;4.7637637874999985;9.1220097875
2022-07-26;3.6405028749999992;4.739147774999999;8.379650649999999
2022-07-27;2.9873618750000013;5.515198099999999;8.502559975
2022-07-28;2.8545913124999984;5.433445250000002;8.2880365625
2022-07-29;2.9835359999999973;5.218749875000002;8.202285875
2022-07-30;2.7420501249999987;4.051090125;6.793140249999999
2022-07-31;3.1542815000000033;5.472259500000002;8.626541000000005
2022-08-01;3.8371237499999964;4.359604062499999;8.196727812499995
2022-08-02;4.381320875;5.2294469875;9.610767862500001
2022-08-03;4.161105749999999;5.8441702;10.005275949999998
2022-08-04;4.634109562499999;4.9326862;9.5667957625
2022-08-05;4.5167313;5.3843540249999995;9.901085325
2022-08-06;3.478000749999998;5.761040024999999;9.239040774999996
2022-08-07;2.5558089999999964;6.113918375000004;8.669727375
2022-08-08;2.4679641250000017;6.082942937499999;8.5509070625
2022-08-09;2.835186;5.698924937499999;8.5341109375
2022-08-10;3.3550415000000022;5.76379425;9.118835750000002
2022-08-11;3.5869943749999997;5.546500937499999;9.1334953125
2022-08-12;3.4101106250000015;5.4485855;8.858696125000002
2022-08-13;2.748149750000003;5.2611884374999995;8.009338187500003
2022-08-14;4.336845625000002;4.999855174999999;9.336700800000001
2022-08-15;5.2150116375;5.4217457375;10.636757375
2022-08-16;4.5021711374999995;3.0994339125000003;7.60160505
2022-08-17;4.021530524999999;4.671668950000001;8.693199475
2022-08-18;3.939346512500002;5.60939815;9.548744662500003
2022-08-19;3.9630361625;3.9375152499999992;7.900551412499999
2022-08-20;2.8380928375000014;4.094188987499999;6.9322818250000005
2022-08-21;2.745154570319939;3.741432966988127;6.486587537308067
2022-08-22;4.186565762500001;5.1173707749999995;9.3039365375
2022-08-23;3.8688051625;5.970169025000001;9.8389741875
2022-08-24;3.0091176500000003;4.1357041875;7.1448218375
2022-08-25;2.052780125;5.0171128750000005;7.069893
2022-08-26;2.5191993749999995;4.707119325000001;7.2263187
2022-08-27;3.849147737500001;4.746158937499999;8.595306675
2022-08-28;5.1272053;5.005725765;10.132931065000001
2022-08-29;4.20672615;3.757065;7.96379115
2022-08-30;2.4143334375;4.3157656125;6.73009905
2022-08-31;3.1540718749999996;5.313922874999999;8.467994749999999
2022-09-01;2.8491938124999994;3.0319864375000005;5.88118025
2022-09-02;3.340141375;3.9534912124999986;7.2936325874999985
2022-09-03;3.6686633625000002;4.72007357625;8.38873693875
2022-09-04;1.301597749999999;1.5724030249999998;2.874000774999999
2022-09-05;3.7268297500000003;5.282623599999999;9.00945335
2022-09-06;2.8259126125;3.2529871749999995;6.078899787499999
2022-09-07;-0.23346300000000042;1.365649874999999;1.1321868749999986
2022-09-08;4.6048736875;6.0534212875;10.658294975
2022-09-09;3.144752725;5.760623837500001;8.9053765625
2022-09-10;1.8463403625000012;6.164459449999999;8.0107998125
2022-09-11;1.8148421249999984;5.4497418875;7.2645840124999985
2022-09-12;4.439781175;4.6561473499999995;9.095928525
2022-09-13;3.8189966625;6.2457275875;10.064724250000001
2022-09-14;3.216942037499998;5.62262717;8.839569207499999
2022-09-15;3.794895499999999;5.949130960000001;9.74402646
2022-09-16;3.8956035125;6.18639364625;10.08199715875
2022-09-17;3.640373662499999;6.301772993750001;9.94214665625
2022-09-18;1.8579980624999983;5.850879807500001;7.708877869999999
2022-09-19;2.7757261374999995;5.0371364750000005;7.8128626125
2022-09-20;4.518104925;4.8256873625;9.343792287500001
2022-09-21;2.8703422125000007;4.320675175;7.1910173875000005
2022-09-22;2.2778205000000007;3.929569387499999;6.2073898875
2022-09-23;3.719051799999999;5.5135687425;9.2326205425
2022-09-24;4.371448662500001;5.8971290875;10.26857775
2022-09-25;4.133758443750001;3.20858391375;7.3423423575
2022-09-26;4.4632720125;4.1114807375;8.57475275
2022-09-27;4.374286564375001;3.0811081475;7.455394711875001
2022-09-28;4.33468621125;2.675079357;7.00976556825
2022-09-29;4.947326655;4.7201309575;9.6674576125
2022-09-30;3.7882157462499997;5.4150462125;9.20326195875
2022-10-01;4.70084774625;5.078257899999999;9.779105646249999
2022-10-02;3.7971306250000003;5.199603525;8.99673415
2022-10-03;3.42406085;4.681541125;8.105601975
2022-10-04;2.0342635895;3.1826400912499997;5.21690368075
2022-10-05;3.50524136;3.6595001425;7.1647415025
2022-10-06;4.193042865;4.28083025;8.473873115
2022-10-07;3.6551513937499998;4.376235738749999;8.031387132499999
2022-10-08;0.0011331874999997993;-0.12755592499999935;-0.12642273749999955
2022-10-09;-2.835132925;2.6959115250000014;-0.1392213999999985
2022-10-10;4.424625725;5.04999155875;9.47461728375
2022-10-11;5.1813813;4.59704205;9.778423349999999
2022-10-12;4.78915018125;4.47891999375;9.268070175
2022-10-13;4.969192462500001;4.507248000000001;9.476440462500001
2022-10-14;4.67060476125;4.5573078625;9.22791262375
2022-10-15;1.2301712455000002;0.30999751749999993;1.5401687630000003
2022-10-16;-1.5588719399999995;0.3740385874999994;-1.1848333525
2022-10-17;0.4007417249999996;2.441463400000001;2.8422051250000004
2022-10-18;4.2664183625;4.2002221125000005;8.466640475
2022-10-19;5.151554045;4.375675267499999;9.5272293125
2022-10-20;3.091403935;4.3349724525;7.4263763874999995
2022-10-21;3.49871818125;4.48019806875;7.978916249999999
2022-10-22;3.0052150625000014;3.9573096757499995;6.962524738250001
2022-10-23;3.4672548250000004;4.70198063875;8.16923546375
2022-10-24;5.216575724999999;5.322166025000001;10.53874175
2022-10-25;2.8444328687500002;2.6822813762499997;5.526714245
2022-10-26;0.9845618885000001;2.1563338945;3.140895783
2022-10-27;-1.3511925000000002;3.6716079268750006;2.320415426875
2022-10-28;4.298301625000001;4.5494230912499996;8.84772471625
2022-10-29;5.6248894499999995;4.7060619;10.33095135
2022-10-30;4.421890299999999;4.4263035;8.8481938
2022-10-31;2.2256317012499998;-0.30198659999999933;1.9236451012500004
2022-11-01;1.3431434162500002;2.7976838749999993;4.14082729125
2022-11-02;1.5810851968749997;2.9761887425;4.557273939375
2022-11-03;0.7221336155;2.4593316432500005;3.1814652587500003
2022-11-04;3.2145920375;2.946094525;6.1606865625000005
2022-11-05;1.1108817975000003;1.5246315362499998;2.63551333375
2022-11-06;1.9111098287500001;3.8824311;5.79354092875
2022-11-07;4.44623953375;5.2265620875;9.672801621249999
2022-11-08;2.2635612925000004;4.578784337499999;6.84234563
2022-11-09;2.9777260249999995;3.8195146500000003;6.797240674999999
2022-11-10;4.952461315000001;4.5718950375;9.5243563525
2022-11-11;4.676029311000001;4.495330324999999;9.171359636
2022-11-12;4.32049950875;4.70978505;9.03028455875
2022-11-13;4.591644262500001;4.4688912;9.0605354625
2022-11-14;4.310539215;4.659637485;8.9701767
2022-11-15;3.9934385796250007;3.9102669203750002;7.903705500000001
2022-11-16;4.508346475;4.658332875;9.16667935
2022-11-17;4.52653102;4.7772827;9.30381372
2022-11-18;4.1790350375;5.048814500000001;9.227849537500001
2022-11-19;1.5527571999999985;4.403053312500001;5.955810512499999
2022-11-20;4.359538649999999;4.353845875000001;8.713384525
2022-11-21;5.220851875000001;4.878183374999999;10.09903525
2022-11-22;2.9466323500000007;3.5911290499999993;6.5377614
2022-11-23;5.2252352;4.932420499999999;10.1576557
2022-11-24;5.300145874999998;2.902668249999998;8.202814124999996
2022-11-25;4.985996374999999;3.6872500000000024;8.673246375000002
2022-11-26;4.505172374999997;0.5388431250000032;5.0440155
2022-11-27;3.910591374999999;-0.4573671250000011;3.453224249999998
2022-11-28;3.9432142500000005;-0.7279947500000006;3.2152195
2022-11-29;3.3015783749999983;-0.262199374999998;3.0393790000000003
2022-11-30;0.5054933750000004;-0.7373847500000004;-0.231891375
2022-12-01;1.5746231249999987;-1.3737848749999984;0.20083825000000033
2022-12-02;-0.36331912499999675;-1.2439461250000008;-1.6072652499999975
2022-12-03;-0.2721347499999993;-1.2588195000000013;-1.5309542500000006
2022-12-04;-3.067880625000001;0.8404597499999991;-2.2274208750000017
2022-12-05;-4.071176625000001;-0.7868918750000002;-4.858068500000002
2022-12-06;1.7237720000000003;-1.8410645000000017;-0.11729250000000135
2022-12-07;4.661127250000002;-0.48693075000000263;4.174196499999999
2022-12-08;3.716066062500003;0.08951387499999797;3.805579937500001
2022-12-09;-1.4574508749999993;1.7752149999999993;0.31776412500000006
2022-12-10;3.8789958749999975;3.2372685625000024;7.1162644375
2022-12-11;4.43541325;3.023140125000001;7.458553375000001
2022-12-12;-2.5017908749999975;-0.3772028750000018;-2.8789937499999994
2022-12-13;-0.9435193749999993;2.263114875000001;1.319595500000002
2022-12-14;-1.3399849999999986;1.4042168749999995;0.06423187500000083
2022-12-15;-0.632524624999995;-0.19041975000000377;-0.8229443749999987
2022-12-16;-3.952569750000002;-1.445221;-5.397790750000002
2022-12-17;-9.1334130875;-0.5219075625;-9.65532065
2022-12-18;-1.2793368750000003;0.12003128750000158;-1.1593055874999987
2022-12-19;3.417854187499998;1.453245250000002;4.8710994375
2022-12-20;0.29837050000000076;2.2578006750000004;2.556171175000001
2022-12-21;-2.706550655;3.4513283050000005;0.7447776500000005
2022-12-22;2.262073299999999;4.7316914375;6.993764737499999
2022-12-23;-0.2521401249999986;4.744571624999999;4.4924315
2022-12-24;-1.5042628750000002;3.5949209999999994;2.090658124999999
2022-12-25;-0.5829049999999985;2.7515640625;2.1686590625000015
2022-12-26;-0.5942648750000004;1.898868375000001;1.3046035000000007
2022-12-27;-2.8084370124999998;1.2129322875000002;-1.5955047249999996
2022-12-28;-1.8630931932266872;1.798937838996042;-0.06415535423064522
2022-12-29;1.9400101250000006;1.533575124999997;3.4735852499999975
2022-12-30;-3.246518874999998;1.6503657500000006;-1.5961531249999972
2022-12-31;-7.8107910625;2.2647438125000026;-5.546047249999997
2023-01-01;-6.1669955125;3.4217333875;-2.745262125
2023-01-02;-4.0011025;4.4602163125;0.45911381250000005
2023-01-03;-6.104160374999999;2.063877249999999;-4.040283125
2023-01-04;-5.847461425;0.5916672375000003;-5.255794187499999
2023-01-05;2.1145516625000003;3.30360765;5.4181593125
2023-01-06;3.3724783125;3.3019598125;6.674438125
2023-01-07;0.10848630000000092;1.4528616999999997;1.5613480000000006
2023-01-08;-1.2774085075000001;3.8734815525000004;2.5960730450000002
2023-01-09;4.1076030375000006;4.104680774999999;8.212283812499999
2023-01-10;3.487342499999997;2.361980625000001;5.849323124999998
2023-01-11;4.635518999999995;3.3213376250000053;7.956856625
2023-01-12;0.24048774999999623;2.101343374999999;2.3418311249999952
2023-01-13;4.1588040000000035;4.143850249999996;8.30265425
2023-01-14;4.902132;3.8912890000000004;8.793421
2023-01-15;4.78193675;5.188874937500001;9.970811687500001
2023-01-16;4.755592249999999;2.973461125;7.7290533749999994
2023-01-17;4.686925749999997;2.8518450000000044;7.538770750000001
2023-01-18;-2.2683050000000016;-1.5358731249999984;-3.804178125
2023-01-19;2.1644439999999996;3.7768901250000013;5.941334125000001
2023-01-20;3.749378374999999;1.528249374999998;5.277627749999997
2023-01-21;-2.445594625000009;-4.046983999999998;-6.492578625000007
2023-01-22;-6.0940481250000005;-0.10938287499999433;-6.203430999999995
2023-01-23;0.507347124999999;0.6738243749999988;1.1811714999999978
2023-01-24;3.4461058750000007;2.7115133749999973;6.157619249999998
2023-01-25;2.052370312500001;3.981590312499998;6.033960624999999
2023-01-26;4.1772610375;2.7652661875;6.942527225
2023-01-27;4.654357450000001;4.134944874999999;8.789302325
2023-01-28;4.360679225;3.729393;8.090072225
2023-01-29;4.501117525;4.426557200000001;8.927674725000001
2023-01-30;2.286359749999999;4.050145999999998;6.336505749999997
2023-01-31;-1.6436291249999986;2.671730125;1.0281010000000013
2023-02-01;-3.316469125000001;1.8336105625000023;-1.4828585624999988
2023-02-02;-6.520500174999999;0.10816567499999863;-6.4123345
2023-02-03;-5.9431227374999995;1.3757589874999994;-4.56736375
2023-02-04;-2.7320788124999993;1.1905174375000005;-1.5415613749999988
2023-02-05;-4.036497187499998;1.506080625000001;-2.5304165624999975
2023-02-06;-6.788493912500002;1.0371321625000007;-5.751361750000001
2023-02-07;-4.599593812499999;2.8023259000000005;-1.7972679124999988
2023-02-08;1.0535201;3.246086374999999;4.299606474999999
2023-02-09;2.5236415625000017;1.8154128749999963;4.339054437499998
2023-02-10;-2.6349487499999995;0.9471643749999998;-1.6877843749999997
2023-02-11;-4.789731875000001;0.7996178124999993;-3.990114062500002
2023-02-12;-7.602908850000002;0.421062225;-7.181846625000002
2023-02-13;-2.0412864375;0.6544761499999989;-1.3868102875000012
2023-02-14;3.499622499999999;1.5026051250000005;5.002227625
2023-02-15;-3.039241875;1.17024625;-1.8689956250000002
2023-02-16;-3.074439937500001;1.4792401875000003;-1.5951997500000008
2023-02-17;3.02219395;-0.23423012499999984;2.7879638250000003
2023-02-18;1.1007956499999985;-1.2128179999999986;-0.11202235000000016
2023-02-19;-2.3926427875;3.429435325;1.0367925375000002
2023-02-20;1.7882116499999992;3.8725050000000003;5.6607166499999995
2023-02-21;-1.4403953124999997;2.821655012499999;1.3812596999999993
2023-02-22;-4.9004818125;2.7223546;-2.1781272124999997
2023-02-23;-8.1238495625;1.2127914999999998;-6.9110580625
2023-02-24;-5.0845756125;2.9241065400000004;-2.1604690724999998
2023-02-25;3.0672796124999993;3.2879868125;6.355266424999999
2023-02-26;4.4847179624999995;4.02729025;8.5120082125
2023-02-27;3.666106825;4.6748983750000015;8.341005200000001
2023-02-28;3.2266960553749997;2.549766508375;5.77646256375
2023-03-01;4.51085663;4.261432682500001;8.7722893125
2023-03-02;3.8516578;3.6781502375;7.5298080375000005
2023-03-03;3.7781065962500002;3.90383925375;7.68194585
2023-03-04;4.951514749999999;5.270065150000001;10.2215799
2023-03-05;2.4667358000000004;4.930587512499999;7.397323312499999
2023-03-06;1.7372551375;3.5182795749999993;5.255534712499999
2023-03-07;4.2611275625000005;4.1506801625000005;8.411807725000001
2023-03-08;2.6868515258750003;3.010143235375;5.69699476125
2023-03-09;4.382160250000004;3.802993499999996;8.18515375
2023-03-10;0.12229931249999915;1.7178589375000008;1.84015825
2023-03-11;-3.3993529125;0.7070313200000001;-2.6923215925
2023-03-12;3.075454585;4.2689590399999995;7.344413625
2023-03-13;4.9917141874999995;3.6733129375000004;8.665027125
2023-03-14;3.1254156;0.19111648750000043;3.3165320875000006
2023-03-15;-1.5354878274999995;-1.538814565000001;-3.0743023925000004
2023-03-16;-4.02104564675;-0.2249259812499999;-4.2459716279999995
2023-03-17;2.1726302750000004;-1.5295066841250002;0.643123590875
2023-03-18;0.3672637875000002;-0.2509918437500001;0.11627194375000008
2023-03-19;3.8628158949999998;2.889409967499999;6.752225862499999
2023-03-20;4.2723787500000014;4.344545499999999;8.61692425
2023-03-21;2.3792041249999993;5.529617250000001;7.9088213750000005
2023-03-22;-0.07491704999999982;5.38853825;5.3136212
2023-03-23;-1.3461379749999995;4.102550087499999;2.7564121124999996
2023-03-24;2.578205175;4.87851685;7.4567220249999995
2023-03-25;3.98925018375;3.8206405787500004;7.8098907625
2023-03-26;3.54047772875;2.2215575475;5.76203527625
2023-03-27;4.136032046666666;3.4778951199999995;7.613927166666666
