Date;Березовка;Черемушки;Кировский;Кубеково;Покровка;Северный;Солнечный;Свердловский;Ветлужанка
2019-01-01;;;;147.7;88.4;;;;
2019-01-02;;;;72.19;33.99;;;;
2019-01-03;;;;51.42;9.36;;;;
2019-01-04;;;;48.01;44.34;;;;
2019-01-05;;;;106.53;62.41;;;;
2019-01-06;;;;54.12;25.36;;;;
2019-01-07;;;;46.0;13.49;;;;
2019-01-08;;;;21.52;10.79;;;;
2019-01-09;;;;43.07;15.92;;;;
2019-01-10;;;;16.18;10.92;;;;12.98
2019-01-11;;;;35.6;26.79;;;;55.41
2019-01-12;103.0;46.55;;;30.01;45.23;;;94.58
2019-01-13;183.5;32.7;;;47.38;38.26;;;56.12
2019-01-14;64.76;71.01;;;16.53;6.8;;;14.77
2019-01-15;118.05;76.26;;656.5;15.33;100.42;;;25.96
2019-01-16;58.96;30.51;;;7.03;11.25;;;8.33
2019-01-17;53.3;26.58;;41.76;16.95;25.86;;;30.74
2019-01-18;53.62;36.79;;32.1;13.34;39.36;;;15.75
2019-01-19;54.96;20.97;;57.27;6.71;22.12;;;7.37
2019-01-20;24.7;9.38;;27.68;6.88;7.23;;;9.16
2019-01-21;47.88;25.38;;31.05;31.82;29.67;;;38.4
2019-01-22;32.7;27.22;;33.21;16.56;22.81;;;35.97
2019-01-23;46.48;;;30.21;41.64;50.07;;;62.63
2019-01-24;55.88;;;101.74;60.6;85.45;;;140.89
2019-01-25;;;;137.44;35.97;109.55;;;110.48
2019-01-26;;;;37.86;9.45;13.93;;;9.05
2019-01-27;;;;18.49;12.4;12.66;;;8.9
2019-01-28;;;;29.85;11.45;12.08;;;12.45
2019-01-29;;;;15.32;5.44;6.5;;;8.07
2019-01-30;;;;10.74;3.78;2.5;;;6.63
2019-01-31;;;;13.78;23.19;;;;15.04
2019-02-01;;;;14.29;26.9;;;;15.3
2019-02-02;;;;;;;;;
2019-02-03;;;;;;;;;
2019-02-04;;;;;;;;;
2019-02-05;;;;;;;;;
2019-02-06;;;;;;;;;
2019-02-07;;;;;;;;;
2019-02-08;;;;;;;;;
2019-02-09;;;;;;;;;
2019-02-10;;;;;;;;;
2019-02-11;;;;;;;;;
2019-02-12;;;;;121.47;;;;
2019-02-13;;;;;29.68;;;;13.15
2019-02-14;;;;58.69;21.97;;;;37.05
2019-02-15;;;;71.53;15.78;;;;50.63
2019-02-16;;;;61.14;7.75;;;;9.1
2019-02-17;;;;31.85;7.93;;;;12.0
2019-02-18;;;;43.26;6.23;;;;7.64
2019-02-19;;;;16.73;7.42;;;;7.93
2019-02-20;;;;37.73;10.55;;;16.5;23.97
2019-02-21;;;33.23;44.08;11.41;;;45.18;20.01
2019-02-22;;;10.37;16.53;8.32;;;8.16;10.41
2019-02-23;;;9.54;13.37;7.52;;;7.01;8.67
2019-02-24;;;14.48;17.38;8.15;;;9.81;9.22
2019-02-25;;;12.99;20.52;10.1;;;8.82;16.78
2019-02-26;;23.38;31.76;43.48;18.18;;;11.79;44.18
2019-02-27;20.67;28.34;21.42;35.58;16.25;11.97;;12.51;15.62
2019-02-28;21.88;14.65;20.7;19.08;17.51;24.29;;13.66;17.99
2019-03-01;33.47;30.77;27.88;19.99;16.33;31.93;21.0;19.52;50.04
2019-03-02;36.95;22.67;27.39;21.58;31.7;89.96;19.34;18.84;27.62
2019-03-03;53.89;43.47;50.38;39.48;47.77;61.22;28.64;48.97;50.64
2019-03-04;40.58;33.47;47.53;45.33;23.05;44.88;22.81;24.62;44.22
2019-03-05;33.6;32.74;26.25;22.34;13.85;12.36;12.12;19.48;38.64
2019-03-06;25.75;18.52;12.73;15.3;15.84;10.89;7.05;11.77;10.24
2019-03-07;35.42;21.73;17.74;22.3;12.16;19.71;11.21;12.81;20.23
2019-03-08;14.52;11.1;11.27;20.89;9.71;14.62;10.77;10.49;11.0
2019-03-09;13.6;10.05;7.93;14.9;8.7;10.95;16.77;8.38;9.59
2019-03-10;20.64;9.3;6.56;17.92;7.95;9.77;7.52;7.36;8.66
2019-03-11;23.12;17.34;10.79;17.19;7.25;15.4;5.36;6.3;10.48
2019-03-12;16.82;12.84;10.86;20.74;10.07;13.07;10.81;11.49;12.26
2019-03-13;22.95;11.49;10.33;22.19;6.81;10.95;8.53;7.6;9.44
2019-03-14;11.49;8.67;9.01;18.52;7.78;10.53;7.05;8.85;9.74
2019-03-15;27.99;20.73;21.95;23.12;10.08;33.92;9.66;11.67;20.0
2019-03-16;22.38;24.15;31.74;26.75;8.73;28.63;9.74;12.36;23.21
2019-03-17;13.05;11.25;7.88;10.64;10.07;10.49;7.89;8.49;10.88
2019-03-18;12.53;10.72;7.34;8.89;9.6;8.23;6.36;7.45;9.48
2019-03-19;15.49;10.77;7.86;14.42;7.75;11.51;6.92;8.57;9.47
2019-03-20;15.7;12.29;8.74;14.71;9.05;13.81;7.6;9.38;11.34
2019-03-21;23.08;14.86;13.84;18.49;10.4;20.75;10.07;10.82;16.81
2019-03-22;22.79;19.03;23.53;22.55;9.6;29.79;11.82;10.84;21.85
2019-03-23;24.66;15.67;12.52;19.32;13.3;14.37;11.23;13.62;13.88
2019-03-24;32.95;29.4;26.64;22.99;30.99;27.14;16.23;20.6;26.64
2019-03-25;23.99;17.81;14.67;13.49;21.27;14.15;10.37;15.79;16.85
2019-03-26;33.03;19.73;21.47;12.34;21.78;30.75;12.67;18.56;24.32
2019-03-27;27.23;17.6;17.1;14.92;21.29;33.23;19.64;17.19;35.66
2019-03-28;18.85;15.22;22.0;15.36;15.37;24.36;12.52;12.16;26.55
2019-03-29;17.44;16.41;17.21;14.38;19.36;21.52;9.1;16.33;18.23
2019-03-30;14.37;12.51;18.15;13.95;19.63;18.67;14.93;23.93;26.7
2019-03-31;18.97;13.45;;12.29;15.48;13.93;7.51;;10.56
2019-04-01;28.96;18.32;;14.34;10.49;23.3;10.03;;
2019-04-02;16.29;17.23;;17.36;7.77;19.59;8.59;;11.62
2019-04-03;12.19;8.21;;5.68;5.62;6.71;4.12;;7.78
2019-04-04;24.79;15.22;17.1;7.07;25.51;15.92;5.68;12.56;20.25
2019-04-05;18.75;15.3;25.7;16.47;25.08;25.27;18.89;15.27;31.41
2019-04-06;27.11;21.96;40.04;14.88;34.81;28.84;8.88;23.14;31.32
2019-04-07;16.6;11.81;14.63;15.48;17.45;20.22;7.85;9.08;23.32
2019-04-08;17.14;12.96;8.0;7.75;7.49;8.38;5.58;7.16;9.34
2019-04-09;27.14;21.67;19.07;20.55;9.9;21.75;8.05;9.7;19.67
2019-04-10;36.38;15.34;12.29;39.96;14.34;19.63;7.9;9.89;27.07
2019-04-11;11.63;9.59;4.64;;5.3;9.77;4.59;5.96;6.99
2019-04-12;10.74;9.01;6.79;;8.9;8.66;7.63;8.74;9.97
2019-04-13;28.05;24.59;25.99;;25.01;24.22;22.0;26.05;22.67
2019-04-14;8.1;8.23;6.99;;9.4;8.11;5.22;8.03;9.74
2019-04-15;13.26;8.53;7.47;10.7;14.26;8.97;6.88;7.74;10.84
2019-04-16;17.01;17.97;19.44;13.55;22.11;15.89;7.67;16.49;15.31
2019-04-17;20.03;18.34;20.07;20.62;9.18;24.48;14.25;13.09;27.06
2019-04-18;9.96;8.55;6.45;17.4;7.41;10.64;9.68;;8.16
2019-04-19;17.36;8.95;4.51;9.88;6.16;7.07;8.56;;7.74
2019-04-20;25.15;18.6;15.59;19.81;11.08;21.34;10.6;;17.44
2019-04-21;16.53;13.79;7.79;17.77;11.15;16.07;8.18;;16.53
2019-04-22;13.6;9.0;6.7;8.95;6.33;8.68;5.37;;10.07
2019-04-23;22.08;18.32;14.47;24.51;15.33;22.56;10.16;;37.1
2019-04-24;24.41;22.51;20.32;19.89;16.19;29.41;22.7;;33.67
2019-04-25;26.18;29.97;27.16;32.96;18.42;27.6;18.52;;32.12
2019-04-26;14.47;11.79;10.81;18.23;9.14;12.3;9.27;;11.64
2019-04-27;16.93;9.52;7.51;10.45;9.1;7.99;5.3;;9.25
2019-04-28;17.11;11.14;8.15;12.99;9.86;10.47;8.67;;14.04
2019-04-29;18.63;16.25;17.27;11.05;19.3;16.84;11.93;;20.48
2019-04-30;11.03;8.27;9.78;18.19;8.56;11.1;7.68;;9.6
2019-05-01;9.1;13.85;8.33;11.14;7.45;12.03;7.16;;9.1
2019-05-02;10.84;9.58;7.84;12.19;7.73;12.82;6.51;;12.37
2019-05-03;20.56;16.27;18.88;19.12;9.27;23.38;14.85;;29.38
2019-05-04;28.04;22.42;20.55;23.58;10.97;30.11;16.92;;36.47
2019-05-05;23.32;18.34;16.73;41.19;14.59;31.29;15.77;;33.81
2019-05-06;25.38;21.22;18.47;40.87;19.03;26.56;22.16;;26.85
2019-05-07;25.07;18.92;20.25;23.66;21.41;20.48;14.04;;18.11
2019-05-08;24.81;19.81;20.42;31.34;21.22;26.05;24.92;;23.05
2019-05-09;16.56;6.27;3.77;7.93;7.89;7.93;5.53;;8.52
2019-05-10;15.48;12.55;8.14;14.08;11.08;11.92;8.34;;10.89
2019-05-11;22.79;18.63;16.68;22.88;17.38;21.45;18.26;;17.79
2019-05-12;10.56;9.08;8.22;10.52;8.63;9.99;6.45;;11.84
2019-05-13;14.32;7.71;;5.9;7.84;7.37;4.51;;8.81
2019-05-14;17.32;12.16;;11.32;9.92;13.1;8.86;;15.07
2019-05-15;17.73;16.88;;23.56;19.77;23.21;11.48;;19.77
2019-05-16;17.67;8.56;;10.11;10.01;7.9;6.07;;11.73
2019-05-17;18.41;15.37;;20.63;18.42;15.58;9.56;;19.9
2019-05-18;16.25;13.99;;30.81;14.51;19.53;10.9;;15.86
2019-05-19;26.92;10.89;;18.93;9.37;18.36;12.82;;24.73
2019-05-20;11.27;9.38;;16.55;8.33;12.37;9.3;;8.82
2019-05-21;14.4;11.82;;13.25;7.56;11.15;7.14;;10.25
2019-05-22;11.08;7.55;;6.0;6.73;7.01;5.21;;10.19
2019-05-23;11.26;7.03;;7.42;8.32;8.47;5.23;;10.49
2019-05-24;10.21;6.11;;9.96;4.9;8.3;5.77;;8.33
2019-05-25;12.16;10.38;;13.58;7.12;12.66;8.67;;11.1
2019-05-26;10.52;11.49;;12.15;12.55;12.42;14.89;;15.21
2019-05-27;8.04;6.74;;4.81;7.22;7.07;5.9;;6.72
2019-05-28;12.34;9.48;;12.53;6.47;9.82;8.88;13.67;12.98
2019-05-29;15.63;12.45;;15.95;10.89;13.64;11.07;;9.86
2019-05-30;16.22;15.52;;15.85;10.51;15.27;10.62;;9.49
2019-05-31;9.88;6.05;;8.95;7.66;8.16;10.56;;7.32
2019-06-01;7.85;6.25;;8.62;8.14;6.56;8.37;;7.53
2019-06-02;17.34;8.22;;14.31;12.84;8.26;7.64;;11.84
2019-06-03;13.1;7.53;;5.76;6.41;13.3;6.77;;7.32
2019-06-04;12.44;12.85;;10.77;10.56;12.33;10.82;;16.26
2019-06-05;17.95;14.53;;15.68;14.63;31.73;14.9;;14.89
2019-06-06;16.14;16.27;;18.11;17.4;20.96;27.14;;18.67
2019-06-07;21.44;18.11;;15.1;17.37;17.04;21.62;;17.11
2019-06-08;15.56;9.86;;10.29;6.93;9.47;9.0;;9.73
2019-06-09;12.55;13.49;;;7.12;11.62;;;13.27
2019-06-10;10.95;8.38;;8.14;7.52;8.84;;11.82;9.04
2019-06-11;11.93;10.16;;9.62;8.86;10.52;15.32;8.0;9.01
2019-06-12;10.56;29.42;;12.19;9.53;8.97;9.55;8.14;8.88
2019-06-13;14.45;30.49;;12.51;8.92;12.21;10.53;9.07;11.97
2019-06-14;34.32;25.08;;13.14;9.23;11.77;9.67;;10.0
2019-06-15;18.86;23.26;;7.76;11.37;10.92;12.01;;19.49
2019-06-16;15.15;12.93;;;12.04;12.59;13.11;;22.99
2019-06-17;11.78;8.59;;;6.47;9.95;5.47;8.33;9.27
2019-06-18;16.14;8.48;;;16.0;16.89;9.25;9.58;9.33
2019-06-19;12.55;10.05;;;33.32;15.07;9.53;12.34;10.18
2019-06-20;21.42;17.97;;;10.42;16.47;11.9;10.63;14.1
2019-06-21;14.21;15.32;;;62.96;14.74;16.38;17.67;15.33
2019-06-22;16.85;25.6;;;69.7;17.05;21.49;18.0;
2019-06-23;15.28;19.78;;;16.58;16.27;14.07;14.89;
2019-06-24;10.41;7.9;;;8.97;8.79;6.42;7.29;
2019-06-25;8.34;6.49;8.25;;5.61;7.21;5.74;6.88;
2019-06-26;11.66;10.86;9.79;;8.63;10.03;7.04;10.0;
2019-06-27;19.59;18.0;17.82;;13.42;14.45;12.71;14.23;
2019-06-28;25.73;25.04;27.21;;27.14;27.74;36.77;23.3;
2019-06-29;19.34;19.79;22.6;;24.59;23.77;24.66;20.05;
2019-06-30;12.92;14.74;16.12;;17.22;13.53;12.29;11.78;
2019-07-01;6.78;5.22;6.48;;3.59;4.93;4.16;6.04;
2019-07-02;7.99;6.0;7.56;;5.92;6.55;5.27;6.75;
2019-07-03;10.34;9.26;13.97;;6.19;7.18;7.29;7.05;
2019-07-04;25.26;22.99;27.58;;20.67;24.27;19.92;19.14;
2019-07-05;15.56;13.47;15.73;;12.84;13.85;13.34;12.77;
2019-07-06;9.78;9.7;11.33;;6.62;7.22;8.0;8.67;
2019-07-07;14.53;13.42;15.73;;13.43;13.52;12.75;12.74;
2019-07-08;11.82;11.77;11.45;;9.56;12.23;7.68;11.29;
2019-07-09;10.95;9.77;10.97;;10.94;15.07;20.89;10.42;
2019-07-10;14.12;13.45;16.11;;13.45;16.1;19.0;15.79;
2019-07-11;9.95;9.12;9.14;;8.4;8.15;5.81;10.03;
2019-07-12;9.73;10.7;9.66;;9.25;11.33;7.78;11.9;
2019-07-13;52.22;53.99;54.94;;53.95;66.07;56.67;41.73;
2019-07-14;69.23;68.9;68.84;;66.19;65.08;63.32;;
2019-07-15;58.05;53.19;57.37;;59.49;58.12;57.4;68.79;
2019-07-16;68.95;70.49;76.94;;132.75;74.45;63.36;44.3;
2019-07-17;24.18;23.38;25.66;;;26.52;22.47;26.22;
2019-07-18;16.81;15.51;19.82;;;18.96;16.38;17.56;
2019-07-19;19.05;17.63;25.4;;;17.25;14.23;18.15;
2019-07-20;59.08;62.07;64.55;;;68.62;65.59;52.82;
2019-07-21;58.81;55.88;60.7;;;61.71;57.14;;
2019-07-22;43.58;41.95;47.47;;;45.81;47.86;57.38;
2019-07-23;69.92;66.37;72.62;;;69.04;65.22;65.07;
2019-07-24;81.12;79.36;81.64;;;78.08;72.44;83.66;
2019-07-25;71.73;69.33;72.72;;;71.92;68.41;84.59;
2019-07-26;54.96;54.64;55.4;;;52.99;47.29;55.13;
2019-07-27;53.05;49.4;51.21;;;53.88;51.3;;
2019-07-28;29.42;26.01;30.42;;;26.19;21.05;;
2019-07-29;20.77;21.18;25.01;;;24.73;27.4;22.17;
2019-07-30;16.89;16.81;20.32;;;20.36;18.74;21.37;
2019-07-31;16.79;16.7;19.66;;;18.99;16.19;15.78;
2019-08-01;13.97;13.49;14.4;;;14.08;10.82;14.14;
2019-08-02;12.85;14.29;18.01;;;17.25;14.14;14.14;
2019-08-03;26.27;24.44;26.77;;;26.21;29.22;18.05;
2019-08-04;24.66;20.89;24.67;;;21.04;20.64;17.85;
2019-08-05;19.6;18.15;25.44;;;21.99;22.9;19.71;
2019-08-06;11.4;9.41;10.78;;;9.96;8.7;10.74;
2019-08-07;26.04;28.19;37.52;;;27.99;24.92;31.71;
2019-08-08;29.19;25.38;29.34;;;27.52;24.41;30.35;
2019-08-09;16.47;17.9;21.74;;;16.86;17.97;19.21;
2019-08-10;9.14;8.74;7.68;;;8.62;7.08;7.52;
2019-08-11;8.9;8.73;9.88;;;8.12;5.44;7.93;
2019-08-12;7.95;6.23;7.03;;;6.97;4.53;6.56;
2019-08-13;6.79;6.75;6.05;;;6.47;4.63;5.82;
2019-08-14;6.7;7.1;9.11;;;10.08;6.41;11.82;
2019-08-15;8.47;10.1;11.05;;;9.15;8.62;9.97;
2019-08-16;10.99;10.67;12.89;;;15.08;11.25;13.93;
2019-08-17;60.45;57.99;62.62;;;65.12;59.38;56.55;
2019-08-18;40.82;35.48;42.14;;;35.79;30.04;;
2019-08-19;29.33;26.26;29.44;;;31.58;27.36;32.75;
2019-08-20;23.95;24.16;27.97;;;30.15;26.86;27.64;
2019-08-21;11.23;8.47;9.62;;;9.1;6.37;9.88;
2019-08-22;9.27;9.33;11.21;;;11.64;12.38;10.62;
2019-08-23;9.84;9.92;12.64;;;10.34;10.92;9.53;
2019-08-24;5.19;4.96;5.96;;;6.81;4.56;4.64;
2019-08-25;19.89;17.53;22.12;;;18.53;16.63;17.34;
2019-08-26;13.92;13.4;16.34;;;13.45;8.47;13.53;
2019-08-27;13.32;11.3;16.51;;;14.15;12.89;15.81;
2019-08-28;12.99;12.38;17.07;;;12.29;9.93;10.01;
2019-08-29;9.01;9.99;20.22;;;15.34;18.9;16.26;
2019-08-30;11.68;11.03;19.54;;;14.9;20.7;21.05;
2019-08-31;16.37;;24.75;;;18.71;13.64;16.92;
2019-09-01;14.73;;17.81;;;12.62;9.18;12.41;
2019-09-02;9.56;;12.95;;;13.51;12.9;13.48;
2019-09-03;11.36;13.86;11.68;;;12.26;12.04;11.62;
2019-09-04;9.32;10.03;9.27;;;8.96;6.92;8.12;
2019-09-05;13.73;12.42;11.48;;;10.73;7.71;8.55;
2019-09-06;11.26;12.74;8.92;;;11.47;7.89;11.89;
2019-09-07;12.1;13.73;;;;14.41;10.42;11.86;
2019-09-08;9.79;10.74;;;;15.33;5.82;;
2019-09-09;13.12;14.27;27.63;;;18.53;16.84;;
2019-09-10;12.82;12.73;13.47;;;14.21;9.37;;
2019-09-11;8.96;8.03;8.03;;;5.33;4.32;8.07;
2019-09-12;5.77;4.7;3.73;;;4.96;3.71;4.33;
2019-09-13;6.45;4.78;5.45;;;4.29;3.99;4.29;
2019-09-14;8.79;5.64;4.74;;;4.79;3.9;4.39;
2019-09-15;7.56;5.79;6.23;;;5.85;4.18;6.52;
2019-09-16;11.11;12.68;18.36;;;16.51;14.42;19.06;
2019-09-17;27.07;20.92;26.17;;;28.19;16.58;17.92;
2019-09-18;12.37;10.64;15.21;;;8.81;7.52;8.89;
2019-09-19;14.55;13.9;18.97;;;13.0;9.92;11.36;
2019-09-20;14.36;16.84;16.85;;;16.82;11.59;14.49;
2019-09-21;16.75;13.41;12.13;;;12.22;8.62;13.79;
2019-09-22;16.03;17.45;18.37;;;15.73;12.18;17.77;
2019-09-23;10.75;16.44;17.08;;;14.63;17.4;23.23;
2019-09-24;12.03;10.42;10.52;;;12.36;6.95;10.01;
2019-09-25;13.97;15.1;17.03;;;18.49;8.27;12.9;
2019-09-26;14.59;11.67;9.94;;;9.03;7.03;10.2;
2019-09-27;11.56;13.63;13.94;;;15.77;11.85;16.15;
2019-09-28;9.03;14.16;13.03;;;12.11;13.47;;
2019-09-29;13.9;10.0;11.71;;;10.64;9.93;;
2019-09-30;12.47;7.93;7.66;;;8.04;6.03;5.93;
2019-10-01;10.74;7.01;3.92;;;7.21;4.56;3.28;
2019-10-02;15.86;12.18;11.56;;;9.51;5.75;7.49;
2019-10-03;13.9;9.84;16.03;;;26.37;7.88;9.21;
2019-10-04;16.52;10.1;15.16;;;17.81;6.52;9.01;
2019-10-05;10.1;8.12;7.73;;;9.03;7.27;7.75;
2019-10-06;12.63;18.08;18.67;;;13.7;6.81;19.07;
2019-10-07;24.32;24.4;31.62;;;21.11;10.29;15.88;
2019-10-08;12.52;9.73;9.3;;;9.71;9.41;10.66;
2019-10-09;12.74;12.93;7.86;;;8.16;7.63;11.6;
2019-10-10;15.63;11.42;12.31;;;18.15;6.56;18.6;
2019-10-11;10.46;7.71;12.26;;;9.42;8.92;18.07;
2019-10-12;6.6;9.25;13.94;;;11.0;9.38;19.21;
2019-10-13;30.82;32.64;47.56;;;29.86;12.68;;
2019-10-14;24.34;29.7;53.48;;;48.51;8.84;15.13;
2019-10-15;20.82;19.29;20.53;;;28.86;8.22;10.44;
2019-10-16;16.07;13.88;13.55;;;20.85;8.59;10.32;
2019-10-17;12.37;7.59;7.67;;;10.26;7.12;5.77;
2019-10-18;8.01;5.01;4.44;;;5.51;3.77;4.14;
2019-10-19;13.19;9.37;7.73;;;11.23;7.6;7.28;
2019-10-20;5.56;5.07;5.57;;;6.1;4.11;;
2019-10-21;10.25;8.82;5.17;;;6.38;4.23;7.73;
2019-10-22;13.32;7.95;9.0;;;8.56;6.95;6.0;
2019-10-23;11.42;6.52;7.3;;;6.86;5.32;4.7;
2019-10-24;9.84;5.29;6.15;;;6.58;5.34;4.63;
2019-10-25;6.32;5.03;5.33;;;5.38;3.68;4.36;
2019-10-26;7.01;4.86;6.04;;;6.77;4.81;4.75;
2019-10-27;7.01;4.82;4.7;;;4.47;4.67;3.5;
2019-10-28;8.44;6.37;6.08;;;5.6;4.73;4.88;
2019-10-29;6.16;4.53;5.11;;;5.4;4.32;3.96;
2019-10-30;7.74;6.67;9.5;;;12.84;7.68;10.31;
2019-10-31;16.96;21.42;19.31;;;18.67;10.6;20.55;
2019-11-01;10.1;17.29;12.72;;;21.99;10.22;16.92;
2019-11-02;9.49;8.21;7.44;;;7.75;7.08;8.62;
2019-11-03;13.7;9.55;5.33;;;8.12;5.0;6.94;
2019-11-04;12.85;9.07;;;;26.63;9.3;15.89;
2019-11-05;26.11;27.77;46.38;;;32.88;15.47;44.16;
2019-11-06;15.71;16.73;20.81;;;18.05;9.07;11.52;
2019-11-07;6.12;6.41;5.95;;;6.05;5.38;3.77;
2019-11-08;6.56;5.04;5.49;;;5.86;4.14;11.96;
2019-11-09;5.96;6.19;4.45;;;4.96;3.81;3.86;
2019-11-10;12.7;10.82;7.92;;;8.47;7.07;5.96;
2019-11-11;13.96;9.75;6.91;;;6.95;5.6;7.98;
2019-11-12;7.42;4.36;5.47;;;6.49;5.66;4.27;
2019-11-13;11.59;10.75;8.64;;;10.49;7.88;8.29;
2019-11-14;13.53;9.89;6.92;;;10.08;5.53;6.64;
2019-11-15;10.38;9.51;6.79;;;9.37;5.08;8.34;
2019-11-16;8.19;7.82;6.3;;;7.42;4.9;4.1;
2019-11-17;;5.32;;;;6.05;6.37;;
2019-11-18;5.14;7.42;12.5;;;16.96;9.9;7.09;
2019-11-19;11.41;9.79;12.33;;;24.84;13.38;9.92;
2019-11-20;13.92;11.34;8.93;;;8.41;5.72;12.54;
2019-11-21;13.18;8.86;7.72;;;7.22;;7.58;
2019-11-22;14.18;12.97;12.19;;;11.05;;11.0;
2019-11-23;11.07;6.19;5.86;;;4.77;;5.27;
2019-11-24;7.84;5.88;4.06;;;4.01;;3.71;
2019-11-25;31.38;18.81;25.28;;;16.58;;12.48;
2019-11-26;65.0;64.34;111.33;;;100.56;;92.03;
2019-11-27;41.86;73.38;99.7;;;91.89;129.84;129.19;
2019-11-28;72.21;70.74;70.06;;;69.86;43.03;26.23;
2019-11-29;24.26;19.78;31.81;;;40.05;12.93;10.39;
2019-11-30;11.33;14.49;10.02;;;20.73;9.99;10.27;
2019-12-01;;10.08;;;;18.05;7.45;;
2019-12-02;36.58;22.77;31.15;;;19.02;5.44;9.12;
2019-12-03;68.34;44.04;70.78;;;88.75;19.04;35.33;
2019-12-04;48.75;65.5;59.63;;;73.12;7.6;21.93;
2019-12-05;12.79;19.7;28.31;;;19.97;12.37;35.82;
2019-12-06;7.5;46.48;47.24;;;40.86;8.75;23.86;
2019-12-07;;6.03;5.64;;;5.84;4.05;4.99;
2019-12-08;;4.26;5.24;;;3.73;2.99;3.29;
2019-12-09;;14.53;35.29;;;9.99;5.75;15.09;
2019-12-10;15.97;32.82;28.06;;;21.31;14.51;28.1;
2019-12-11;15.36;8.11;5.03;;;6.44;4.95;;
2019-12-12;19.4;9.84;;;;7.12;7.1;;
2019-12-13;33.4;14.73;;;;7.56;4.92;;
2019-12-14;19.58;12.85;;;;9.49;8.16;;
2019-12-15;11.85;11.93;;;;6.77;4.81;;
2019-12-16;42.88;22.42;;;;18.01;7.05;;
2019-12-17;22.1;13.01;;;;11.52;10.22;;
2019-12-18;21.71;13.38;;;;9.44;9.11;;
2019-12-19;35.62;21.64;;;11.83;10.19;8.25;;
2019-12-20;51.73;35.11;;;32.71;23.16;17.23;;
2019-12-21;30.49;35.16;;;73.48;41.44;31.58;;
2019-12-22;16.04;25.21;;;61.26;23.37;20.6;;
2019-12-23;33.78;51.79;;;83.11;45.11;37.97;;
2019-12-24;75.36;83.62;;;40.26;95.25;21.86;;
2019-12-25;21.4;12.82;;;11.16;7.71;9.07;;
2019-12-26;16.45;12.38;;;21.14;9.07;8.38;;
2019-12-27;30.38;16.21;;;51.08;12.4;7.57;;
2019-12-28;76.0;44.6;;;53.78;40.44;23.22;;
2019-12-29;76.47;88.85;;;;56.27;49.58;;
2019-12-30;48.84;80.11;;;134.93;52.74;70.9;;
2019-12-31;95.74;105.55;;;68.21;69.85;22.99;;
2020-01-01;42.82;51.32;;;18.48;56.85;12.7;;
2020-01-02;10.29;5.01;;;8.27;5.48;4.74;;
2020-01-03;7.23;5.49;;;9.36;4.4;4.75;;
2020-01-04;25.41;9.41;;;12.89;7.59;5.86;;
2020-01-05;16.63;6.73;;;7.77;6.4;5.14;;
2020-01-06;21.96;7.21;;;8.62;5.95;6.48;;
2020-01-07;76.9;40.03;;;14.04;47.37;8.44;;
2020-01-08;59.1;24.4;;;26.15;18.79;11.62;;
2020-01-09;89.45;42.58;;;55.81;59.47;26.52;;
2020-01-10;87.7;69.51;;;93.68;99.68;61.78;;
2020-01-11;81.74;105.0;;;114.41;114.26;66.68;;
2020-01-12;102.6;121.26;;;69.1;113.84;40.68;;
2020-01-13;92.92;83.96;;;10.71;87.0;7.87;;
2020-01-14;68.46;31.81;;;13.1;17.37;11.6;;
2020-01-15;24.59;11.26;;;11.96;10.26;11.12;;
2020-01-16;15.38;8.58;;;9.64;8.11;7.22;;
2020-01-17;10.59;6.78;;;8.31;4.67;5.78;;
2020-01-18;7.78;5.84;;;8.37;4.0;3.84;;
2020-01-19;8.97;5.22;;;9.36;8.7;7.64;;
2020-01-20;8.3;5.77;;;7.63;4.37;3.99;;
2020-01-21;10.11;5.74;;;8.47;4.95;3.55;;
2020-01-22;65.75;28.47;65.2;;47.11;44.79;16.15;62.85;
2020-01-23;79.85;66.74;116.62;;34.23;74.38;20.08;25.19;
2020-01-24;13.21;8.55;6.3;;8.77;8.89;5.21;5.12;
2020-01-25;13.01;6.59;6.42;;8.08;5.44;5.93;5.0;
2020-01-26;23.64;13.63;9.45;;19.41;9.48;7.32;8.81;
2020-01-27;16.47;36.53;34.9;;26.63;43.36;18.26;23.84;
2020-01-28;42.38;36.51;31.67;;17.56;46.25;23.9;23.89;
2020-01-29;15.72;13.58;11.22;;16.58;15.84;9.32;7.64;
2020-01-30;;15.19;14.96;;14.29;13.7;10.66;11.66;
2020-01-31;;26.15;22.11;;37.12;33.6;18.04;16.27;
2020-02-01;;40.86;41.51;;63.26;59.75;34.68;23.34;
2020-02-02;;44.81;50.05;;92.49;40.51;28.3;57.73;
2020-02-03;;43.01;61.32;;68.38;34.11;31.26;47.55;
2020-02-04;;88.56;109.32;;47.12;74.23;25.93;81.99;
2020-02-05;;43.74;45.44;;23.59;39.59;26.01;21.47;
2020-02-06;;104.52;129.53;;70.12;134.42;46.14;91.38;
2020-02-07;;40.33;41.22;;12.36;24.08;8.7;16.55;
2020-02-08;;11.89;10.48;;13.27;17.96;12.66;12.4;
2020-02-09;;9.38;9.29;;14.26;7.58;7.53;8.7;
2020-02-10;;9.82;7.44;;20.26;6.56;5.07;9.22;
2020-02-11;;15.07;11.53;;13.38;23.21;6.84;8.1;
2020-02-12;;6.59;3.96;;6.4;7.29;4.34;2.56;
2020-02-13;;12.78;17.22;;36.92;24.42;14.53;12.14;
2020-02-14;;64.48;85.37;;32.36;57.23;27.23;29.52;
2020-02-15;;48.44;72.03;;64.34;78.97;55.81;37.53;
2020-02-16;;83.51;135.41;;111.14;135.38;131.58;68.6;
2020-02-17;;125.97;163.51;;144.07;150.05;125.81;109.05;
2020-02-18;;99.34;153.85;;100.84;127.49;63.68;89.04;
2020-02-19;;23.97;37.85;;12.56;12.99;10.82;8.93;
2020-02-20;;9.51;8.27;;9.6;7.19;7.19;5.37;
2020-02-21;;7.73;8.68;;9.27;5.41;5.66;4.45;
2020-02-22;;15.01;10.78;;26.21;9.81;9.27;11.49;
2020-02-23;;21.45;20.82;;53.18;19.44;13.59;21.4;
2020-02-24;;26.84;25.23;;46.86;24.03;22.25;30.68;
2020-02-25;;27.93;29.15;;60.38;36.14;16.66;26.97;
2020-02-26;;36.53;43.53;;42.22;54.75;15.04;18.1;
2020-02-27;;37.67;47.77;;50.95;43.73;40.26;38.24;
2020-02-28;;20.41;19.26;;18.19;19.86;9.26;17.16;
2020-02-29;;10.52;8.84;;12.41;8.05;7.33;8.32;
2020-03-01;;14.25;17.53;;33.4;12.19;6.97;11.34;
2020-03-02;;18.92;35.89;;31.44;16.9;12.21;22.38;
2020-03-03;;21.51;25.05;;18.36;18.92;11.12;14.33;
2020-03-04;;27.0;24.58;;34.81;24.45;15.35;21.29;
2020-03-05;;8.99;7.32;;10.52;7.78;8.16;7.14;
2020-03-06;;15.05;8.9;;17.1;7.32;4.7;7.1;
2020-03-07;;12.51;7.68;;17.77;11.58;6.41;7.03;
2020-03-08;;6.52;5.01;;8.21;5.9;3.85;4.75;
2020-03-09;;8.16;6.96;;9.58;6.62;6.23;5.84;
2020-03-10;;10.75;7.71;;11.78;7.42;5.71;8.05;
2020-03-11;;8.56;6.01;;7.27;4.0;3.71;3.99;
2020-03-12;;7.92;5.32;;8.11;5.48;5.14;4.47;
2020-03-13;;9.67;6.74;;8.58;7.01;5.89;5.22;
2020-03-14;;17.16;14.16;;12.3;21.04;7.44;7.03;
2020-03-15;;8.25;6.97;;8.6;6.07;5.7;5.92;
2020-03-16;;8.45;7.33;;8.93;7.51;6.16;5.67;
2020-03-17;;6.62;6.93;;13.47;7.51;5.63;2.66;
2020-03-18;;7.11;10.66;;17.1;10.38;8.86;;
2020-03-19;;6.89;4.68;;6.36;5.53;3.89;;
2020-03-20;;7.3;7.23;;8.7;6.41;5.6;;
2020-03-21;;7.33;7.14;;8.86;9.44;5.96;;
2020-03-22;;7.85;7.33;;7.29;15.32;5.3;;
2020-03-23;;5.11;5.14;;9.49;2.47;3.92;;
2020-03-24;;6.6;5.18;;13.14;3.34;3.36;;
2020-03-25;;6.55;6.58;;8.85;5.34;5.21;;
2020-03-26;;6.74;5.41;;7.48;5.11;5.04;;
2020-03-27;;4.89;5.77;;6.3;4.41;4.92;;
2020-03-28;;6.12;5.78;;8.11;5.95;5.08;;
2020-03-29;;3.47;3.49;;6.48;2.55;2.7;;
2020-03-30;;5.44;5.36;;7.1;3.48;4.63;;
2020-03-31;;6.97;6.3;;9.4;5.81;4.58;;
2020-04-01;;13.05;10.52;;10.71;15.73;8.22;;
2020-04-02;;25.59;25.68;;12.37;31.68;19.67;;
2020-04-03;;20.14;13.73;;11.97;21.23;11.63;;
2020-04-04;;11.96;11.4;;17.78;9.4;6.62;;
2020-04-05;;12.9;18.99;;21.49;15.68;3.6;;
2020-04-06;;13.03;18.19;;19.62;12.05;8.68;;
2020-04-07;;21.45;21.99;;20.04;28.15;16.08;;
2020-04-08;;25.15;18.63;;22.64;31.81;29.33;;
2020-04-09;;8.99;6.67;;11.97;7.1;7.99;;
2020-04-10;;12.32;9.51;;10.86;9.27;7.79;;
2020-04-11;;17.18;23.25;;19.58;15.3;9.66;;
2020-04-12;;15.21;16.49;;25.11;15.08;10.19;;
2020-04-13;;15.21;19.36;;19.71;18.53;13.04;;
2020-04-14;;15.96;17.77;;19.27;20.74;17.62;;
2020-04-15;;25.96;18.41;;30.86;36.21;32.6;;
2020-04-16;;15.55;8.68;;11.51;11.36;9.89;;
2020-04-17;;12.44;9.74;;14.96;9.07;7.78;;
2020-04-18;;16.15;11.03;;20.97;8.85;5.78;;
2020-04-19;;7.23;8.48;;12.42;11.86;5.88;;
2020-04-20;;9.36;9.89;;8.65;11.64;11.38;;
2020-04-21;;20.42;21.19;;;24.52;22.14;;36.43
2020-04-22;27.6;35.97;24.67;;16.79;36.01;25.11;;41.51
2020-04-23;26.8;32.3;23.37;;16.19;28.7;19.58;;36.27
2020-04-24;29.4;29.51;19.05;;17.95;25.07;18.23;;18.44
2020-04-25;25.96;28.67;21.27;;21.96;35.47;29.49;;20.89
2020-04-26;17.36;15.37;12.38;;12.26;14.08;14.45;;15.37
2020-04-27;24.51;23.36;18.9;;27.3;31.86;28.51;;36.63
2020-04-28;40.34;36.99;28.0;;30.41;41.05;38.32;;35.38
2020-04-29;26.11;23.37;20.58;;20.99;21.9;20.07;;22.0
2020-04-30;9.81;9.52;9.1;;13.19;8.73;8.11;;10.49
2020-05-01;14.18;13.01;11.86;;11.32;10.67;9.01;;11.74
2020-05-02;7.45;5.67;4.04;;5.49;3.75;4.25;;6.97
2020-05-03;8.21;7.33;6.66;;7.22;6.47;5.53;;9.62
2020-05-04;12.45;11.23;11.23;;11.78;9.84;15.59;;17.22
2020-05-05;7.16;5.21;5.44;;5.37;2.97;5.14;;6.7
2020-05-06;9.48;8.47;7.64;;8.88;7.37;9.22;;8.71
2020-05-07;6.23;5.88;4.59;;6.41;4.25;4.62;;7.16
2020-05-08;8.26;5.99;5.45;;6.47;4.3;2.47;;9.85
2020-05-09;15.12;10.32;10.26;;6.34;14.52;16.52;;16.59
2020-05-10;20.4;17.07;12.08;;10.56;9.47;7.03;;12.11
2020-05-11;24.58;21.3;16.53;;20.77;24.07;26.75;;27.33
2020-05-12;20.44;19.47;15.49;;16.68;18.51;45.67;;22.22
2020-05-13;11.41;10.05;8.78;;10.62;8.1;27.36;;11.18
2020-05-14;11.39;11.78;11.14;;13.86;10.51;10.93;;11.78
2020-05-15;8.99;10.51;13.36;;16.23;10.96;15.29;;10.82
2020-05-16;6.21;7.33;8.92;;12.88;7.96;16.03;;11.78
2020-05-17;12.99;16.27;13.37;;12.21;11.67;12.51;;15.42
2020-05-18;14.21;13.04;9.64;;18.21;8.27;15.14;;13.48
2020-05-19;11.95;12.63;13.45;;16.27;16.83;16.27;;13.45
2020-05-20;13.79;20.3;14.29;;18.74;18.92;26.97;;18.32
2020-05-21;8.9;9.67;9.4;;12.9;9.7;15.6;;16.47
2020-05-22;10.14;17.48;11.01;;17.75;17.63;23.47;;16.62
2020-05-23;15.59;16.79;13.56;;21.88;17.58;19.34;;32.56
2020-05-24;16.97;13.53;12.47;;15.64;12.25;11.71;;23.59
2020-05-25;9.62;10.36;7.67;;10.07;9.71;8.27;;10.74
2020-05-26;11.32;11.16;9.74;;11.3;8.38;9.03;;19.15
2020-05-27;4.52;4.14;2.08;;6.37;1.96;2.94;;5.78
2020-05-28;7.15;5.81;4.55;;6.11;4.36;4.19;;7.79
2020-05-29;8.73;6.3;5.34;;6.44;5.07;4.41;;8.63
2020-05-30;8.78;10.89;5.53;;6.45;7.64;5.95;;8.08
2020-05-31;5.34;3.81;3.47;;4.08;2.77;2.37;;5.88
2020-06-01;7.01;5.4;7.82;;5.44;5.38;3.18;;6.97
2020-06-02;7.19;8.52;7.95;;8.44;10.77;6.33;;7.92
2020-06-03;7.11;5.29;8.53;;6.41;4.0;3.27;;6.55
2020-06-04;8.68;10.55;11.74;;8.45;8.4;6.51;;9.12
2020-06-05;9.34;12.23;9.22;;10.62;11.96;6.32;;8.42
2020-06-06;6.59;6.74;5.59;;8.66;4.74;3.53;;7.92
2020-06-07;7.96;5.75;3.88;;5.85;4.0;3.59;;6.4
2020-06-08;6.22;8.15;4.6;;6.74;6.68;5.14;;7.81
2020-06-09;6.7;6.56;6.47;;7.21;4.64;5.15;;8.49
2020-06-10;7.47;6.49;5.15;;5.9;4.75;3.25;;7.67
2020-06-11;11.68;12.36;7.64;;6.34;6.33;5.16;;8.53
2020-06-12;10.82;9.45;7.42;;9.27;7.25;8.41;;24.36
2020-06-13;13.4;13.14;11.38;;11.77;11.16;11.38;;14.05
2020-06-14;13.03;12.74;10.67;;13.99;11.48;14.21;;15.67
2020-06-15;7.05;8.51;7.71;;8.51;5.64;6.67;;13.53
2020-06-16;7.84;7.93;7.59;;8.05;6.48;6.23;;12.89
2020-06-17;7.33;7.21;7.14;;11.22;9.51;6.36;;11.11
2020-06-18;9.68;12.25;9.92;;15.63;19.6;12.75;;23.71
2020-06-19;12.52;9.36;8.86;;10.18;9.53;8.0;;20.51
2020-06-20;8.29;9.59;7.08;;8.47;5.6;4.49;;10.58
2020-06-21;8.53;5.79;3.58;;6.48;3.08;2.9;;6.62
2020-06-22;8.38;9.82;7.67;;8.32;5.34;4.36;;7.75
2020-06-23;11.78;14.82;13.84;;14.4;11.3;10.14;;17.65
2020-06-24;14.44;15.37;16.12;;19.81;16.44;21.44;;24.74
2020-06-25;13.68;15.19;13.75;8.39;12.64;10.03;9.43;12.9;24.59
2020-06-26;18.96;16.26;15.48;9.58;16.48;17.32;14.77;15.59;31.47
2020-06-27;13.68;15.42;16.81;7.57;21.25;15.84;13.96;17.77;43.41
2020-06-28;16.62;16.41;18.15;11.86;18.79;15.9;20.79;18.86;33.68
2020-06-29;9.97;9.96;8.9;7.27;8.12;6.37;7.12;7.96;9.08
2020-06-30;12.14;13.07;14.16;9.38;8.85;8.95;8.93;12.05;9.89
2020-07-01;16.09;19.92;19.58;10.18;19.29;17.44;14.88;18.12;29.56
2020-07-02;20.56;23.17;21.38;12.84;21.47;21.55;21.7;22.84;40.26
2020-07-03;19.71;21.21;14.99;11.19;15.49;16.37;15.14;15.73;36.38
2020-07-04;14.66;15.96;12.0;12.4;15.97;11.78;13.0;13.78;32.23
2020-07-05;14.44;13.9;11.6;7.16;14.32;10.67;10.21;13.26;33.59
2020-07-06;19.25;20.01;16.77;10.55;17.03;21.52;19.3;13.79;36.27
2020-07-07;8.93;7.87;6.49;5.67;6.38;5.56;6.67;6.29;21.82
2020-07-08;11.27;11.51;9.1;6.96;9.18;10.0;8.4;10.7;15.49
2020-07-09;9.29;9.71;7.37;5.77;8.05;7.7;6.26;6.4;21.53
2020-07-10;7.67;8.51;7.0;4.92;8.79;8.23;7.81;6.38;23.24
2020-07-11;12.08;9.71;7.93;6.53;7.93;8.52;7.42;8.32;11.53
2020-07-12;11.89;15.49;14.4;11.86;15.16;15.41;16.27;12.82;21.9
2020-07-13;11.9;13.48;13.05;6.45;16.74;13.71;15.52;11.37;21.97
2020-07-14;15.05;15.53;11.7;5.96;12.68;9.27;8.79;10.22;32.01
2020-07-15;8.05;7.56;5.73;4.15;5.81;4.67;4.3;5.78;12.12
2020-07-16;7.84;7.1;4.42;4.66;5.67;3.93;5.05;4.52;7.63
2020-07-17;6.84;7.67;6.52;4.95;6.99;4.38;5.78;5.71;12.89
2020-07-18;9.41;8.18;6.79;5.33;7.45;4.99;6.41;7.53;9.75
2020-07-19;12.71;12.3;11.93;9.25;12.88;11.95;20.21;9.93;17.29
2020-07-20;7.89;11.11;10.11;6.99;11.4;12.42;15.1;11.73;16.18
2020-07-21;10.1;10.95;10.25;4.38;10.6;8.22;8.71;10.41;26.47
2020-07-22;5.52;6.4;5.32;3.86;5.95;4.6;3.01;4.36;13.45
2020-07-23;8.08;7.12;6.1;4.18;5.88;4.93;3.93;5.07;7.84
2020-07-24;8.42;7.63;6.45;5.92;8.89;6.6;6.19;8.23;10.33
2020-07-25;12.96;12.15;12.41;7.85;15.45;15.49;14.53;13.12;19.3
2020-07-26;10.81;14.81;12.12;5.11;12.77;9.44;8.96;10.58;33.12
2020-07-27;8.62;8.41;9.03;6.92;8.81;6.47;6.25;8.74;21.49
2020-07-28;8.96;9.55;7.95;6.27;10.95;9.67;13.19;8.0;20.03
2020-07-29;7.12;10.45;9.86;6.89;12.33;10.07;16.52;11.08;21.25
2020-07-30;7.34;11.01;9.55;5.64;7.97;7.89;11.34;10.45;23.48
2020-07-31;9.52;10.4;8.33;4.55;7.78;5.25;4.95;7.22;13.14
2020-08-01;8.97;8.53;6.42;4.19;7.68;5.1;4.81;5.56;11.36
2020-08-02;10.78;9.32;7.27;5.88;10.03;4.82;5.19;6.68;16.22
2020-08-03;11.05;16.07;12.51;5.73;11.21;8.16;6.38;9.7;22.68
2020-08-04;16.42;19.42;17.89;7.32;16.67;12.04;13.59;15.4;27.34
2020-08-05;21.75;23.66;21.19;9.9;18.49;17.58;14.49;19.75;20.15
2020-08-06;13.95;16.3;11.97;7.38;14.34;9.51;9.14;12.55;18.19
2020-08-07;10.47;12.58;10.77;7.4;10.71;9.86;8.12;9.82;27.15
2020-08-08;23.29;20.91;19.14;13.1;22.18;19.96;17.42;19.16;42.01
2020-08-09;30.16;34.03;29.34;13.14;33.08;34.12;25.61;27.71;44.67
2020-08-10;32.22;36.68;36.07;16.63;38.66;43.56;42.04;33.12;43.55
2020-08-11;37.3;45.57;40.34;19.34;38.92;42.58;38.73;40.52;46.21
2020-08-12;34.33;41.28;34.04;18.52;40.11;39.41;40.15;37.3;51.55
2020-08-13;18.08;22.51;23.37;15.9;18.63;23.1;22.3;20.7;41.56
2020-08-14;16.37;16.82;15.62;18.27;18.41;19.86;17.74;12.37;38.14
2020-08-15;19.1;23.62;20.96;7.87;20.03;20.63;16.9;19.4;33.53
2020-08-16;16.82;19.4;19.48;7.37;21.75;19.74;14.18;21.11;32.0
2020-08-17;9.36;10.29;10.41;6.1;11.04;9.68;8.7;10.66;12.9
2020-08-18;11.11;13.89;12.22;7.47;14.4;11.47;20.12;12.04;20.44
2020-08-19;10.47;10.15;9.63;7.19;9.23;9.81;11.01;7.36;23.64
2020-08-20;9.75;10.86;7.89;7.28;6.81;10.7;6.07;7.63;13.25
2020-08-21;13.83;17.52;15.59;9.36;16.64;17.18;12.08;16.56;23.59
2020-08-22;11.34;11.0;7.95;6.44;7.66;6.81;6.67;9.15;11.15
2020-08-23;8.62;9.74;19.2;6.38;7.42;5.96;5.11;8.86;8.99
2020-08-24;10.63;12.95;7.66;5.04;6.38;8.93;6.86;7.01;9.42
2020-08-25;8.96;12.38;13.41;6.03;7.64;10.29;8.38;10.21;12.07
2020-08-26;10.25;11.1;10.32;5.15;8.68;8.33;5.95;10.26;9.03
2020-08-27;11.23;12.71;14.21;7.11;7.53;9.04;7.25;8.36;9.15
2020-08-28;16.26;14.23;11.97;8.17;12.62;10.79;9.15;10.22;15.52
2020-08-29;16.01;13.6;8.18;6.33;10.16;9.77;5.29;9.1;13.14
2020-08-30;11.89;13.58;10.93;6.55;9.03;10.79;7.03;8.77;15.64
2020-08-31;11.36;9.81;8.48;4.74;6.93;7.42;5.73;6.41;11.68
2020-09-01;9.78;11.73;10.56;8.53;9.77;9.49;8.68;8.15;13.99
2020-09-02;6.23;6.53;4.6;4.89;5.0;3.93;4.0;4.25;8.29
2020-09-03;8.64;8.22;12.0;8.04;8.53;7.81;8.78;7.33;16.0
2020-09-04;8.89;8.53;9.29;6.07;6.79;6.55;5.86;7.52;10.08
2020-09-05;8.26;7.47;6.37;5.51;5.99;6.82;6.05;5.22;8.99
2020-09-06;12.88;14.59;14.63;6.48;13.67;10.56;13.05;12.34;16.18
2020-09-07;17.34;16.47;15.89;11.23;16.56;13.56;12.34;13.14;14.79
2020-09-08;16.77;16.19;14.59;8.18;13.79;15.47;12.48;13.0;16.55
2020-09-09;13.88;14.73;13.68;8.29;8.67;11.08;10.88;9.37;12.93
2020-09-10;14.58;11.26;9.82;7.34;11.33;9.75;6.25;7.3;15.95
2020-09-11;19.27;14.0;11.78;6.15;16.62;8.12;4.59;7.73;21.51
2020-09-12;16.29;17.59;16.6;9.64;20.57;12.23;6.42;11.92;23.16
2020-09-13;18.64;17.08;17.14;10.05;23.97;13.08;7.37;13.6;19.01
2020-09-14;16.75;15.66;16.05;11.16;14.89;12.48;8.88;12.03;18.95
2020-09-15;15.55;16.19;21.29;8.77;20.33;22.54;25.67;14.12;20.4
2020-09-16;11.72;15.92;19.25;8.49;15.22;14.57;17.44;16.41;25.53
2020-09-17;21.85;27.86;35.01;10.08;16.07;24.93;21.01;22.03;30.49
2020-09-18;13.9;18.07;17.22;10.53;10.47;14.19;12.37;10.23;13.48
2020-09-19;5.01;5.1;4.47;5.7;4.16;4.81;4.37;3.25;6.3
2020-09-20;14.96;11.05;11.45;6.05;6.79;8.81;6.71;6.36;11.48
2020-09-21;11.44;13.67;24.78;8.01;10.9;14.36;15.23;16.16;23.92
2020-09-22;11.0;24.41;20.33;6.53;15.16;13.81;17.32;20.88;19.77
2020-09-23;12.16;13.01;12.81;8.6;13.49;11.23;12.33;11.89;15.4
2020-09-24;5.0;12.48;6.73;5.18;7.33;8.1;8.79;9.22;9.32
2020-09-25;8.15;7.27;6.25;5.41;8.27;6.55;7.1;5.14;9.52
2020-09-26;6.0;6.45;4.29;4.71;4.26;4.92;4.59;3.18;6.4
2020-09-27;8.7;6.99;5.3;5.15;5.0;5.66;5.01;5.7;6.84
2020-09-28;18.27;18.53;11.59;7.85;11.47;13.16;8.01;10.29;15.01
2020-09-29;8.97;12.12;8.92;5.52;10.82;7.95;5.77;6.49;11.77
2020-09-30;21.42;12.88;6.01;6.22;5.38;7.84;3.7;4.41;8.66
2020-10-01;12.33;9.68;5.29;5.16;6.79;6.52;5.14;3.46;7.21
2020-10-02;11.0;7.63;5.6;9.07;3.71;3.45;4.63;2.77;5.12
2020-10-03;9.07;5.86;5.15;9.15;3.79;5.23;4.14;2.26;5.22
2020-10-04;20.78;15.71;17.1;9.99;5.79;17.73;5.19;9.71;12.0
2020-10-05;15.85;21.08;23.42;10.99;9.42;19.64;7.62;8.97;17.9
2020-10-06;11.3;7.78;5.25;5.3;7.95;4.27;6.01;4.82;6.41
2020-10-07;10.55;6.51;6.41;6.3;5.44;5.68;5.99;3.97;6.82
2020-10-08;10.26;8.64;5.45;5.05;6.88;5.08;4.19;3.53;5.68
2020-10-09;6.86;5.29;3.4;5.4;5.19;3.37;3.11;2.77;5.34
2020-10-10;7.9;5.41;3.33;5.89;3.95;3.55;3.47;4.19;5.15
2020-10-11;6.59;7.3;5.26;3.52;10.34;4.66;2.93;3.72;8.21
2020-10-12;8.64;9.53;20.78;5.88;25.74;16.18;12.22;26.19;25.07
2020-10-13;20.0;9.77;9.27;5.97;11.33;14.44;10.95;6.11;9.34
2020-10-14;9.15;7.48;4.59;6.62;6.36;4.59;4.9;3.68;6.25
2020-10-15;6.22;5.9;5.15;7.37;6.05;4.78;3.22;4.7;7.23
2020-10-16;19.45;13.11;15.41;5.18;22.36;11.41;5.93;6.58;18.52
2020-10-17;13.16;18.37;20.75;13.84;11.77;16.95;8.82;;13.19
2020-10-18;6.67;5.7;7.33;8.23;6.88;6.75;7.78;;8.47
2020-10-19;5.01;4.12;1.85;3.95;2.64;3.86;2.79;3.43;5.58
2020-10-20;7.52;6.86;5.21;7.4;4.07;5.85;5.82;4.46;6.38
2020-10-21;15.59;12.55;10.44;12.18;9.1;12.37;9.75;8.55;9.72
2020-10-22;9.07;11.11;6.6;14.29;5.29;11.92;6.42;6.62;7.01
2020-10-23;11.53;10.18;7.93;11.0;6.44;7.88;8.34;6.96;9.37
2020-10-24;12.65;9.63;7.67;7.52;11.66;8.07;6.71;6.91;11.12
2020-10-25;15.79;9.11;6.99;9.14;3.72;8.88;7.75;;12.55
2020-10-26;11.59;6.63;5.63;5.71;4.41;7.75;8.7;5.42;13.27
2020-10-27;16.67;7.84;4.56;6.6;3.96;8.54;7.52;4.97;6.29
2020-10-28;12.71;22.21;13.89;5.84;11.22;16.95;11.96;8.29;11.08
2020-10-29;5.43;4.96;3.33;4.21;3.24;3.57;2.95;2.38;6.18
2020-10-30;9.88;8.61;5.4;6.87;4.55;5.82;5.27;4.65;7.4
2020-10-31;7.41;11.64;11.4;4.21;10.24;10.44;8.01;8.49;14.49
2020-11-01;12.11;17.36;21.05;7.93;;23.11;12.65;;21.03
2020-11-02;13.11;7.47;4.68;10.21;6.88;5.18;5.05;4.95;6.55
2020-11-03;7.05;7.52;3.77;4.82;6.27;4.82;3.6;4.41;6.49
2020-11-04;5.6;4.22;3.22;4.53;3.45;4.3;3.66;3.89;5.88
2020-11-05;6.89;3.42;3.7;4.89;3.55;4.11;3.62;3.6;6.32
2020-11-06;6.66;;10.91;5.88;19.92;9.13;5.66;13.81;
2020-11-07;18.84;;22.44;10.48;11.98;19.29;9.06;17.6;
2020-11-08;16.68;;7.24;17.1;7.97;10.04;7.26;;
2020-11-09;12.43;;8.86;11.19;5.51;8.67;6.0;10.95;
2020-11-10;6.27;;3.89;8.39;2.74;3.93;3.28;3.92;
2020-11-11;9.33;;7.21;10.33;4.07;5.89;5.06;4.61;
2020-11-12;9.68;;10.02;8.92;18.0;13.69;5.95;12.76;
2020-11-13;12.65;;7.08;6.68;8.18;11.89;6.17;7.65;
2020-11-14;35.58;;28.55;11.75;30.53;40.81;13.78;15.74;
2020-11-15;41.55;;48.49;22.29;65.34;49.88;56.29;42.67;
2020-11-16;44.84;;73.33;17.62;58.63;47.95;38.07;57.59;
2020-11-17;38.07;;42.14;14.43;45.87;30.78;14.06;29.54;
2020-11-18;24.55;;11.71;11.94;13.88;14.47;11.08;12.28;
2020-11-19;12.84;;8.91;9.09;5.83;7.11;8.06;8.07;
2020-11-20;;;;7.97;5.07;5.27;5.14;4.34;
2020-11-21;;;;8.17;5.21;5.72;4.46;5.15;
2020-11-22;;;;7.47;10.29;9.7;6.19;6.83;
2020-11-23;;;;7.98;21.3;10.51;8.79;11.31;
2020-11-24;6.29;9.7;11.45;6.11;22.19;10.58;10.73;8.87;
2020-11-25;6.83;9.44;11.05;5.65;21.36;9.97;7.23;13.53;
2020-11-26;39.22;20.15;30.9;6.09;55.95;21.05;9.76;24.77;
2020-11-27;55.37;46.79;64.42;10.74;118.17;37.21;30.43;56.63;
2020-11-28;53.21;77.97;77.64;18.07;125.61;54.18;67.4;83.38;
2020-11-29;63.77;79.58;86.41;19.49;;54.78;84.17;86.56;
2020-11-30;58.0;56.77;101.66;29.66;44.29;72.74;34.21;39.14;
2020-12-01;29.92;19.62;17.49;14.11;15.35;16.75;14.18;13.9;
2020-12-02;48.41;24.37;20.55;14.68;19.55;23.11;14.79;12.44;
2020-12-03;37.86;29.38;35.47;17.28;7.56;14.68;8.6;6.92;
2020-12-04;37.48;20.53;26.33;9.89;9.51;10.74;9.42;9.15;
2020-12-05;45.45;30.23;33.38;20.11;22.82;21.63;18.18;20.84;
2020-12-06;19.55;15.0;12.48;11.22;13.67;11.63;9.99;;
2020-12-07;12.03;8.28;6.99;9.66;8.25;9.66;8.52;6.17;
2020-12-08;12.58;10.52;9.81;8.38;7.83;9.91;8.62;8.55;
2020-12-09;14.72;11.26;9.1;9.8;10.12;10.22;9.0;10.73;9.76
2020-12-10;46.62;50.86;56.51;17.28;44.51;39.76;29.18;37.43;55.21
2020-12-11;39.55;25.74;33.59;11.89;20.33;26.05;14.03;20.96;18.45
2020-12-12;43.81;21.68;23.67;17.21;13.03;31.3;16.44;;10.53
2020-12-13;29.7;13.67;24.44;18.1;;32.16;17.21;;20.88
2020-12-14;16.51;11.86;9.58;10.32;8.93;9.78;9.38;9.85;11.22
2020-12-15;11.36;9.26;7.87;9.48;7.26;9.04;7.66;8.4;10.44
2020-12-16;26.26;23.32;27.26;8.1;35.79;16.03;9.9;20.76;48.82
2020-12-17;35.39;57.75;73.83;21.64;31.49;76.45;22.86;35.93;87.21
2020-12-18;11.19;7.34;5.27;9.26;5.56;5.67;4.65;4.39;8.41
2020-12-19;5.33;4.25;4.07;7.35;4.4;4.43;4.33;3.03;6.68
2020-12-20;14.86;16.97;16.49;9.65;30.57;14.69;12.5;11.38;25.87
2020-12-21;18.25;15.89;15.7;11.04;12.52;14.87;10.96;12.78;14.57
2020-12-22;9.84;7.05;7.62;8.14;5.52;4.7;6.25;6.92;8.73
2020-12-23;19.15;11.67;11.48;10.49;15.71;16.72;10.39;11.04;26.38
2020-12-24;50.33;30.22;34.89;18.67;27.05;42.01;17.92;20.07;43.72
2020-12-25;11.08;7.03;8.21;10.61;7.74;7.97;7.85;6.91;10.14
2020-12-26;;9.37;9.29;9.37;13.03;9.12;9.43;7.07;12.95
2020-12-27;;20.96;27.92;9.96;;14.4;12.46;52.04;
2020-12-28;;74.52;86.89;21.96;;;;70.96;
2020-12-29;;99.7;125.7;22.52;;;;102.44;
2020-12-30;30.67;61.06;102.52;19.44;124.46;42.07;32.19;92.54;173.24
2020-12-31;;48.43;61.49;15.12;78.27;29.5;34.05;75.72;111.42
2021-01-01;;50.08;45.63;14.0;122.05;32.21;40.48;63.92;105.41
2021-01-02;;83.97;96.67;26.55;157.46;;32.47;88.69;181.47
2021-01-03;;23.89;25.47;15.97;29.31;;;17.67;20.59
2021-01-04;;10.0;8.6;9.73;;;;;11.7
2021-01-05;;24.27;14.15;14.53;;;;;12.77
2021-01-06;;17.86;13.23;17.25;;;;;18.48
2021-01-07;;44.96;25.7;19.82;;90.5;;12.08;100.99
2021-01-08;;72.7;64.1;39.56;;93.47;;39.37;150.23
2021-01-09;;67.79;85.85;41.89;;80.97;;45.76;107.29
2021-01-10;;8.7;9.49;12.9;;11.6;;;10.73
2021-01-11;19.85;15.45;11.52;11.52;39.05;16.15;14.11;16.19;21.49
2021-01-12;32.0;38.79;42.85;23.66;38.8;60.8;20.42;29.31;81.07
2021-01-13;;67.3;70.22;32.19;93.47;71.75;75.58;56.64;155.04
2021-01-14;14.73;20.78;24.3;17.1;15.19;10.41;14.18;9.76;27.89
2021-01-15;9.79;6.31;4.62;6.68;6.44;5.59;5.0;5.04;7.56
2021-01-16;24.16;13.81;16.21;12.19;7.49;20.23;12.29;10.06;6.85
2021-01-17;20.24;19.71;13.37;13.79;;13.55;8.9;;7.04
2021-01-18;19.95;12.81;10.38;15.03;9.12;11.0;10.1;10.76;11.29
2021-01-19;16.15;12.34;9.52;9.41;9.24;9.77;10.14;9.87;11.49
2021-01-20;11.24;14.62;13.71;6.43;19.49;11.13;7.3;9.89;29.14
2021-01-21;44.0;58.01;58.18;23.42;54.83;46.23;51.19;54.32;134.29
2021-01-22;73.56;80.06;102.23;21.21;98.35;82.58;69.58;76.03;140.64
2021-01-23;;24.55;31.23;19.1;22.9;22.86;20.58;18.97;19.58
2021-01-24;;30.95;26.23;10.96;40.42;33.34;17.33;;52.74
2021-01-25;40.06;19.1;21.49;50.64;48.0;20.88;15.45;28.45;24.79
2021-01-26;;69.18;74.99;;136.61;62.86;19.6;69.67;
2021-01-27;87.0;79.19;101.45;16.55;52.06;38.56;18.42;52.34;45.79
2021-01-28;17.7;17.82;14.95;10.54;25.47;14.67;13.1;16.97;19.64
2021-01-29;24.05;44.58;42.18;38.75;45.29;35.08;17.66;32.12;37.55
2021-01-30;30.25;21.9;19.21;18.81;26.89;13.99;15.89;16.8;23.36
2021-01-31;55.08;59.53;70.78;31.45;;41.25;21.21;;
2021-02-01;21.23;93.11;128.79;32.42;210.44;34.89;25.4;120.94;153.58
2021-02-02;67.75;79.1;123.07;60.01;130.66;84.38;63.9;126.15;199.57
2021-02-03;55.62;59.67;72.36;66.99;15.44;41.75;14.82;34.04;19.95
2021-02-04;21.82;14.19;12.3;18.84;11.79;12.9;11.14;12.04;12.71
2021-02-05;56.95;20.23;22.84;30.57;11.85;19.49;8.89;11.81;26.73
2021-02-06;58.89;68.74;73.92;47.73;21.67;63.96;27.4;29.22;57.55
2021-02-07;39.32;17.68;12.49;34.33;9.62;15.37;8.77;7.09;7.67
2021-02-08;17.85;9.67;11.85;26.56;13.6;13.9;9.64;10.65;14.29
2021-02-09;11.23;8.68;5.56;10.23;4.15;5.9;5.03;4.82;6.97
2021-02-10;17.37;12.58;8.42;16.66;10.04;6.3;6.88;6.36;13.3
2021-02-11;33.18;20.41;17.32;18.0;21.86;14.08;12.12;14.51;21.22
2021-02-12;43.6;22.49;19.36;32.97;12.47;21.37;14.45;13.54;27.19
2021-02-13;68.11;38.47;22.62;48.21;44.41;42.23;17.9;12.31;71.82
2021-02-14;66.29;31.14;22.97;37.18;32.36;43.12;25.01;;50.92
2021-02-15;31.93;60.84;68.22;25.49;75.14;35.51;25.82;75.62;87.64
2021-02-16;39.26;62.22;60.01;30.36;47.26;37.12;28.51;55.97;42.49
2021-02-17;16.51;19.07;22.4;17.99;26.96;21.68;9.08;18.3;22.22
2021-02-18;28.38;17.22;14.78;17.56;21.04;14.42;10.3;15.01;22.97
2021-02-19;32.14;23.88;30.93;22.33;44.29;32.08;23.3;25.29;57.48
2021-02-20;21.03;18.11;14.74;20.18;15.48;13.44;10.67;15.87;15.47
2021-02-21;27.78;25.66;30.11;22.64;17.85;29.33;17.92;22.49;66.4
2021-02-22;59.81;52.19;54.92;32.73;;57.11;26.67;42.63;103.11
2021-02-23;49.47;21.96;21.4;26.73;;17.04;12.59;14.24;26.48
2021-02-24;42.86;41.77;46.64;42.97;74.24;52.37;38.7;36.96;104.24
2021-02-25;28.9;21.99;23.23;25.04;30.07;24.93;18.92;21.95;29.25
2021-02-26;20.1;15.89;11.73;19.04;11.86;11.1;11.51;11.03;12.53
2021-02-27;24.77;11.01;8.53;22.45;11.29;10.08;9.67;7.47;11.88
2021-02-28;38.58;20.44;31.67;23.19;32.59;22.45;15.23;13.89;34.6
2021-03-01;68.62;55.52;77.41;44.14;84.55;77.19;55.99;56.67;99.55
2021-03-02;32.78;23.48;27.4;16.03;51.97;24.47;16.38;25.11;39.48
2021-03-03;13.25;17.19;31.37;25.47;51.29;23.74;20.4;44.23;64.56
2021-03-04;30.55;39.36;49.75;39.47;32.58;35.0;31.58;35.07;64.06
2021-03-05;18.45;13.01;11.56;28.89;7.56;19.9;8.58;9.73;8.55
2021-03-06;6.08;4.18;3.62;13.07;3.82;4.51;3.77;3.14;5.58
2021-03-07;6.63;5.51;4.36;10.84;5.18;4.58;3.64;3.97;5.77
2021-03-08;19.77;25.15;27.15;13.15;23.47;18.45;11.07;25.37;39.48
2021-03-09;13.7;9.47;7.66;10.11;5.23;9.25;4.11;6.33;8.41
2021-03-10;37.81;33.95;36.15;28.74;40.18;39.0;24.34;24.2;49.99
2021-03-11;30.41;35.7;44.05;16.49;15.75;26.48;14.27;16.74;38.58
2021-03-12;12.4;12.58;12.44;12.81;15.4;15.6;13.44;9.88;14.19
2021-03-13;15.7;10.32;8.12;14.04;14.1;8.07;8.16;11.84;13.88
2021-03-14;21.3;13.74;12.12;17.65;10.74;13.21;10.19;10.26;14.17
2021-03-15;37.73;33.73;35.9;24.33;30.92;40.08;32.16;22.01;63.36
2021-03-16;18.52;12.86;11.1;18.03;9.48;11.63;10.42;10.32;10.58
2021-03-17;34.29;22.15;12.62;25.18;11.53;17.19;12.88;11.4;16.95
2021-03-18;27.15;18.63;10.74;17.79;9.37;11.77;9.74;8.85;10.68
2021-03-19;21.59;15.07;13.1;21.16;11.9;12.37;12.55;10.95;12.68
2021-03-20;23.05;11.67;8.01;22.73;6.89;9.6;7.26;7.11;8.41
2021-03-21;24.26;15.78;15.56;14.84;6.26;15.51;4.73;7.63;7.23
2021-03-22;16.01;11.08;7.84;13.52;8.26;7.44;5.93;9.29;8.78
2021-03-23;18.66;13.9;11.41;19.77;12.22;12.96;10.7;10.27;10.01
2021-03-24;21.82;11.67;18.93;13.7;20.32;18.19;14.1;14.63;27.59
2021-03-25;13.59;10.14;12.88;13.19;10.1;10.97;9.47;7.97;11.73
2021-03-26;15.12;17.77;21.27;15.1;26.16;20.4;14.34;18.07;34.56
2021-03-27;22.41;14.74;14.86;17.42;10.95;12.45;10.03;10.38;11.68
2021-03-28;38.9;41.34;38.82;25.7;27.75;28.6;15.45;25.0;23.04
2021-03-29;32.79;22.36;14.71;27.36;20.99;19.12;10.78;12.58;29.14
2021-03-30;9.08;6.89;5.96;8.82;4.97;5.32;4.95;4.26;6.75
2021-03-31;7.16;6.79;5.19;9.1;5.55;5.64;5.79;4.41;5.93
2021-04-01;11.45;9.03;7.29;12.63;6.85;7.84;6.73;8.38;8.71
2021-04-02;11.33;7.93;8.14;10.75;6.52;7.01;5.48;5.47;6.85
2021-04-03;10.51;8.45;10.08;11.62;7.25;6.75;6.44;6.89;7.82
2021-04-04;16.29;14.89;16.95;14.58;16.74;15.18;10.63;15.92;15.01
2021-04-05;28.15;22.07;29.77;17.04;21.12;27.66;19.0;21.27;37.84
2021-04-06;34.38;23.68;26.07;15.75;15.48;18.48;11.36;14.42;27.97
2021-04-07;22.12;12.07;9.7;17.73;10.93;11.14;7.97;8.18;13.62
2021-04-08;21.47;13.22;9.78;14.45;9.18;9.22;7.97;8.55;9.73
2021-04-09;35.1;21.62;16.01;18.18;21.82;12.44;7.11;13.25;20.42
2021-04-10;29.44;14.41;11.51;13.7;20.03;9.36;6.68;10.74;17.74
2021-04-11;22.48;14.3;18.14;12.6;13.37;18.48;12.01;9.21;16.47
2021-04-12;13.04;8.75;6.1;9.33;5.63;7.64;6.27;6.63;6.71
2021-04-13;9.79;7.26;4.62;7.38;6.74;5.48;4.52;5.69;6.81
2021-04-14;7.58;4.29;3.67;7.27;3.51;5.44;3.29;4.62;5.93
2021-04-15;9.42;5.53;4.14;13.75;3.84;3.77;3.23;6.09;4.95
2021-04-16;14.15;11.75;10.62;19.9;9.53;10.04;10.27;10.32;10.04
2021-04-17;10.22;6.03;5.25;5.67;12.51;5.07;3.08;4.47;10.15
2021-04-18;15.42;8.42;13.14;20.53;7.41;9.85;8.44;5.51;18.34
2021-04-19;6.4;5.67;5.01;9.41;7.11;6.3;5.88;4.44;6.08
2021-04-20;7.95;;3.63;6.42;3.18;4.92;3.32;3.29;5.3
2021-04-21;13.4;11.37;7.59;7.26;10.1;10.55;5.42;7.25;9.21
2021-04-22;24.2;16.86;18.32;5.54;22.56;13.81;6.82;13.74;15.25
2021-04-23;30.78;19.82;22.95;9.81;23.61;22.43;9.52;15.78;17.05
2021-04-24;16.29;11.84;15.48;6.25;20.89;11.21;10.32;16.82;13.63
2021-04-25;13.95;11.05;9.4;9.21;13.22;10.22;8.84;9.63;9.0
2021-04-26;19.45;15.51;13.55;13.9;12.97;12.9;9.96;13.77;14.71
2021-04-27;27.75;22.34;31.73;25.23;17.92;27.56;22.33;21.71;37.33
2021-04-28;24.2;19.05;19.11;14.75;14.47;26.99;22.6;12.47;20.9
2021-04-29;13.95;14.97;15.58;13.23;20.3;20.34;15.08;15.36;17.89
2021-04-30;14.37;11.9;12.4;13.47;14.38;14.4;12.29;13.95;16.47
2021-05-01;20.03;13.79;11.23;18.62;10.04;12.11;9.12;9.37;21.15
2021-05-02;15.49;12.1;8.15;12.51;11.26;11.19;8.47;9.12;16.58
2021-05-03;9.14;5.6;6.23;11.21;5.34;7.36;5.92;5.55;6.77
2021-05-04;8.1;6.63;5.53;9.71;5.27;6.29;6.1;6.44;7.01
2021-05-05;6.01;4.82;2.96;11.77;3.41;3.32;3.6;3.97;5.63
2021-05-06;15.88;12.82;14.79;17.4;11.21;13.9;10.48;9.95;11.05
2021-05-07;13.03;13.58;14.44;11.53;16.37;13.95;17.22;15.92;18.3
2021-05-08;14.55;9.67;7.67;11.18;10.29;5.84;6.9;9.19;9.26
2021-05-09;6.92;4.15;2.73;5.38;5.16;;2.74;3.4;5.37
2021-05-10;10.03;8.93;8.6;12.29;7.93;;5.07;;9.08
2021-05-11;15.93;12.1;15.96;65.73;10.3;24.81;13.64;11.66;17.6
2021-05-12;15.88;13.93;14.03;27.21;20.34;26.74;15.1;12.62;19.56
2021-05-13;13.71;11.67;11.59;13.34;14.99;19.18;12.89;12.12;17.27
2021-05-14;12.95;14.68;12.19;16.45;12.05;16.07;10.68;11.95;17.37
2021-05-15;10.63;9.21;6.12;9.27;7.34;10.0;5.77;5.73;10.92
2021-05-16;18.34;15.48;12.38;9.79;15.01;14.48;7.51;14.11;16.86
2021-05-17;15.84;8.7;8.23;10.43;8.55;6.26;3.59;5.77;10.47
2021-05-18;16.04;14.7;14.95;16.47;12.59;14.21;7.84;9.92;18.44
2021-05-19;13.64;8.96;6.37;13.08;8.19;8.77;5.62;6.48;12.03
2021-05-20;13.84;9.42;8.05;10.28;10.9;10.78;10.52;7.56;9.25
2021-05-21;21.3;9.85;10.33;;10.6;8.23;5.72;9.01;11.0
2021-05-22;21.14;14.74;12.99;;13.71;13.89;;11.49;16.4
2021-05-23;15.01;10.12;9.15;;7.93;10.1;3.0;9.59;8.79
2021-05-24;9.78;8.68;7.92;;7.88;7.75;8.92;8.27;9.68
2021-05-25;7.45;7.55;5.6;;5.18;5.26;5.21;8.52;7.3
2021-05-26;10.6;5.71;6.42;;6.89;5.58;3.55;5.9;7.34
2021-05-27;13.45;10.38;16.38;;16.37;14.29;19.25;17.53;17.6
2021-05-28;8.73;8.48;8.22;;9.44;9.15;3.22;9.96;9.93
2021-05-29;6.56;3.62;3.67;;6.6;4.41;4.16;4.4;7.88
2021-05-30;10.25;12.1;10.03;;12.0;7.6;4.4;8.97;13.74
2021-05-31;8.36;9.12;12.89;;13.44;13.44;12.75;9.26;18.49
2021-06-01;5.08;4.79;6.59;;7.16;7.0;9.45;9.05;12.0
2021-06-02;12.47;12.64;14.11;;9.15;13.99;16.99;14.77;17.52
2021-06-03;19.55;20.07;17.62;;16.06;18.99;16.05;13.9;26.18
2021-06-04;19.48;21.59;19.99;;;20.71;18.75;;23.88
2021-06-05;8.01;10.66;7.68;;;9.81;6.15;;9.12
2021-06-06;5.9;5.45;5.1;;;6.26;5.67;;9.25
2021-06-07;8.51;7.38;8.12;;;7.85;5.74;;8.99
2021-06-08;12.77;15.16;13.85;;;14.89;16.26;;18.95
2021-06-09;9.74;9.59;8.62;;;9.27;7.51;;12.55
2021-06-10;7.64;5.27;4.78;;;5.73;3.68;;12.08
2021-06-11;8.74;8.16;9.29;;;12.42;6.77;;14.25
2021-06-12;13.11;15.41;13.62;;;13.28;6.88;;17.99
2021-06-13;10.23;8.86;7.42;;;13.99;5.14;;17.37
2021-06-14;6.99;5.99;6.03;;;5.41;4.99;;9.11
2021-06-15;8.12;8.58;6.55;;;7.9;5.07;;12.12
2021-06-16;9.21;7.78;8.08;;;8.84;12.14;;9.42
2021-06-17;13.49;10.75;12.3;;;13.03;9.59;;11.59
2021-06-18;17.27;13.04;13.71;;;13.99;11.49;;12.79
2021-06-19;17.36;15.26;15.51;;;15.67;13.01;;17.6
2021-06-20;19.48;18.04;15.19;;;15.81;15.11;;21.01
2021-06-21;5.51;6.47;3.18;;;6.97;5.04;;6.67
2021-06-22;6.64;9.29;8.27;;;8.23;10.63;;10.75
2021-06-23;11.51;7.6;9.18;;;9.1;5.68;;8.96
2021-06-24;7.37;8.29;6.63;;;8.64;6.3;;10.3
2021-06-25;7.74;7.74;6.86;;;5.97;6.33;;6.81
2021-06-26;4.52;5.55;5.12;;;4.62;3.66;;6.32
2021-06-27;5.55;6.99;5.16;;;5.38;4.05;;6.27
2021-06-28;6.85;5.49;6.07;;;4.71;5.32;;7.19
2021-06-29;7.81;12.27;6.97;;;6.85;6.03;;9.08
2021-06-30;11.16;9.88;9.21;;;12.05;7.18;;11.19
2021-07-01;8.12;7.74;7.14;;;9.19;5.93;;8.55
2021-07-02;16.71;16.23;15.37;;;16.14;10.62;;15.32
2021-07-03;22.49;17.68;15.25;;;19.14;16.66;;25.61
2021-07-04;25.23;21.41;22.9;;;24.95;17.59;;
2021-07-05;25.79;24.34;26.23;;;22.49;28.19;;21.84
2021-07-06;24.53;24.22;25.43;;;24.62;28.95;;29.37
2021-07-07;15.3;12.03;10.14;;;9.64;12.27;;17.29
2021-07-08;5.86;5.86;4.85;;;4.99;4.55;;7.18
2021-07-09;10.67;8.78;7.79;;21.33;7.4;5.82;;11.22
2021-07-10;13.82;13.07;14.99;;16.27;18.95;15.26;;22.49
2021-07-11;16.04;12.14;10.59;;12.63;15.74;11.33;;16.4
2021-07-12;15.15;12.38;15.51;;17.23;17.78;22.5;21.55;19.08
2021-07-13;14.22;18.19;18.79;;19.08;15.75;12.0;15.15;17.86
2021-07-14;16.58;14.77;15.79;;15.97;16.21;16.15;17.22;18.34
2021-07-15;16.33;14.25;14.75;;14.64;15.82;14.97;9.11;23.29
2021-07-16;11.0;11.93;10.27;;12.48;10.47;9.19;13.22;17.99
2021-07-17;11.99;10.25;8.93;;11.55;10.08;7.11;7.85;18.21
2021-07-18;9.81;8.14;6.85;;7.1;9.07;8.12;7.41;9.4
2021-07-19;11.92;10.81;10.48;;9.53;10.63;10.6;9.67;12.18
2021-07-20;8.68;11.03;7.67;;8.63;8.05;6.32;8.32;13.82
2021-07-21;12.11;13.18;14.66;;14.81;13.92;10.36;14.1;17.16
2021-07-22;13.77;10.82;11.21;;11.01;9.26;8.19;7.78;16.3
2021-07-23;11.86;12.63;13.01;;9.73;12.92;9.79;13.48;12.95
2021-07-24;12.4;15.23;22.93;;10.27;12.92;9.93;17.55;16.19
2021-07-25;17.82;16.44;18.79;;17.93;15.63;13.14;18.42;20.5
2021-07-26;18.08;17.52;19.6;;21.15;18.89;22.81;17.85;26.0
2021-07-27;11.33;12.37;11.0;;8.89;10.15;9.53;10.66;18.14
2021-07-28;6.6;6.1;4.96;;4.26;4.7;3.26;4.91;6.22
2021-07-29;7.59;7.23;8.1;;6.47;9.3;7.58;6.73;8.55
2021-07-30;9.85;10.42;11.55;;7.47;15.62;14.26;9.9;14.1
2021-07-31;11.7;13.16;11.71;;12.48;13.23;9.73;10.64;15.27
2021-08-01;10.9;12.0;13.12;;15.19;16.85;15.14;12.32;18.51
2021-08-02;9.62;12.03;10.9;;10.93;11.78;12.0;10.04;18.73
2021-08-03;14.64;12.04;12.51;;11.68;12.15;11.67;10.63;18.73
2021-08-04;13.84;13.4;14.07;;16.34;18.08;16.49;13.19;26.33
2021-08-05;14.51;15.26;13.22;;13.22;11.41;8.79;10.68;18.34
2021-08-06;15.47;17.45;12.56;;12.64;17.08;18.22;14.41;21.95
2021-08-07;174.77;168.38;166.26;;162.58;189.6;196.29;131.67;193.37
2021-08-08;185.97;178.3;185.99;;163.45;173.68;169.99;163.51;195.03
2021-08-09;107.56;111.49;125.18;;100.27;121.34;125.14;114.64;139.56
2021-08-10;91.52;89.78;95.11;;92.84;100.22;99.18;91.77;114.42
2021-08-11;74.04;75.59;82.71;;86.0;77.48;77.51;83.85;99.19
2021-08-12;25.66;28.73;30.84;;22.96;29.58;25.95;21.29;31.04
2021-08-13;24.32;24.78;23.53;;21.08;26.66;24.62;19.12;28.07
2021-08-14;11.37;9.64;8.68;;8.56;7.4;6.95;9.82;12.86
2021-08-15;14.04;13.45;12.53;;13.93;11.08;9.37;11.4;17.6
2021-08-16;13.58;14.29;12.84;;10.95;15.04;11.11;11.12;16.48
2021-08-17;11.4;13.58;14.71;;11.77;12.19;9.19;10.32;16.42
2021-08-18;13.85;11.22;9.63;;9.73;10.34;6.1;9.67;12.56
2021-08-19;11.82;14.36;13.58;;7.96;12.1;12.15;9.22;13.6
2021-08-20;6.79;7.89;5.73;9.29;5.12;6.1;4.44;6.66;7.27
2021-08-21;7.49;6.05;5.63;5.11;4.56;5.6;3.63;4.84;6.64
2021-08-22;5.78;6.04;5.08;5.03;5.7;5.22;3.38;5.6;8.36
2021-08-23;9.12;11.85;12.36;14.18;8.62;13.58;6.63;8.92;15.52
2021-08-24;10.85;13.29;13.71;7.89;20.03;15.01;14.6;14.16;17.83
2021-08-25;10.96;11.68;11.74;9.19;15.77;17.08;12.26;11.93;17.47
2021-08-26;10.64;12.47;14.34;11.59;12.88;15.82;13.99;13.85;17.78
2021-08-27;8.66;11.36;14.03;10.22;12.21;13.75;11.19;12.6;19.55
2021-08-28;13.62;11.81;16.12;10.63;16.04;13.96;16.14;21.7;17.32
2021-08-29;16.49;14.47;11.64;14.1;13.47;11.56;8.81;9.4;19.47
2021-08-30;9.73;12.99;13.19;8.6;13.07;16.58;10.63;19.08;18.44
2021-08-31;8.85;9.33;8.99;5.26;4.38;7.63;4.85;7.49;9.07
2021-09-01;12.25;12.84;14.26;12.72;;13.21;13.32;11.19;14.15
2021-09-02;8.92;8.79;7.97;5.42;10.76;5.37;3.86;6.32;10.05
2021-09-03;13.16;12.38;12.59;9.01;18.12;14.85;10.79;12.36;16.53
2021-09-04;7.44;12.15;13.67;8.93;16.68;15.45;13.58;12.32;15.53
2021-09-05;9.56;9.38;14.12;7.95;11.79;12.51;6.88;12.52;13.67
2021-09-06;11.36;11.26;12.95;8.6;13.56;11.26;9.23;12.29;15.29
2021-09-07;15.1;19.48;20.03;14.59;23.19;22.66;26.21;20.87;21.15
2021-09-08;9.81;10.14;13.62;9.86;14.3;15.42;17.85;15.03;14.64
2021-09-09;8.92;10.48;10.49;9.89;7.92;10.92;10.27;8.84;10.11
2021-09-10;9.52;8.77;7.51;15.18;6.9;10.08;6.21;6.25;10.15
2021-09-11;13.08;12.49;13.62;15.19;9.21;16.62;11.82;13.1;14.75
2021-09-12;9.77;7.49;9.81;14.67;12.23;10.41;8.96;11.48;13.16
2021-09-13;7.45;7.52;6.45;9.47;5.1;7.52;4.68;6.86;9.25
2021-09-14;5.95;6.14;5.3;12.0;4.47;7.73;6.29;5.29;7.08
2021-09-15;7.93;5.74;6.19;6.92;4.16;4.77;4.75;4.89;6.45
2021-09-16;8.4;11.21;16.15;7.73;18.16;13.68;8.79;18.66;19.3
2021-09-17;4.88;8.32;9.77;7.68;11.21;9.25;9.84;16.3;16.44
2021-09-18;13.79;15.93;15.04;15.63;13.37;13.11;18.19;12.03;20.7
2021-09-19;18.93;18.22;19.18;18.39;27.9;21.15;10.86;12.81;24.86
2021-09-20;12.21;10.27;14.67;15.64;7.63;13.23;6.4;7.11;15.49
2021-09-21;7.05;5.18;5.38;9.89;4.58;4.9;3.03;4.05;6.82
2021-09-22;10.36;5.66;3.58;7.19;4.41;3.68;2.89;3.52;5.22
2021-09-23;8.81;5.85;4.25;7.75;7.13;8.08;4.86;3.78;7.25
2021-09-24;10.07;6.96;5.62;11.64;5.55;10.3;5.96;3.03;7.42
2021-09-25;8.34;8.34;12.15;11.1;11.49;11.89;8.16;6.47;10.1
2021-09-26;7.14;8.74;12.01;8.15;16.48;11.0;12.79;11.86;17.81
2021-09-27;17.55;17.42;11.96;6.84;18.92;9.9;4.6;9.54;10.36
2021-09-28;17.45;15.68;10.78;8.81;12.45;10.16;5.33;7.86;10.47
2021-09-29;11.0;9.41;13.56;9.11;14.55;11.9;10.84;13.29;17.99
2021-09-30;11.14;12.7;13.51;14.63;14.7;14.84;11.1;14.48;18.01
2021-10-01;13.97;11.81;11.45;11.85;12.68;12.84;7.33;7.4;8.51
2021-10-02;10.82;8.07;7.53;11.97;4.31;12.75;7.58;6.18;15.82
2021-10-03;9.48;9.33;10.16;15.44;;16.73;5.88;5.79;21.38
2021-10-04;19.3;19.16;22.6;13.68;31.46;19.6;12.86;17.42;33.71
2021-10-05;19.44;19.23;22.19;6.79;28.57;19.59;8.41;19.81;19.36
2021-10-06;42.03;22.08;24.92;14.56;28.21;22.56;11.7;20.64;25.85
2021-10-07;15.41;13.27;10.29;19.21;15.12;10.12;4.1;8.05;14.79
2021-10-08;5.78;4.01;3.18;6.67;2.82;4.01;2.47;2.19;4.75
2021-10-09;5.95;5.07;4.41;11.42;5.99;5.37;7.85;4.75;6.84
2021-10-10;15.18;13.14;12.51;14.6;13.53;14.6;10.97;12.23;13.63
2021-10-11;7.68;8.51;5.73;6.12;13.01;6.03;4.88;7.63;8.66
2021-10-12;5.61;5.15;5.47;2.66;16.03;5.58;5.11;10.12;9.25
2021-10-13;42.15;12.32;9.49;9.12;11.16;8.1;3.1;6.93;9.25
2021-10-14;29.71;10.64;10.41;14.64;14.57;14.89;9.95;7.74;17.89
2021-10-15;22.92;15.77;28.07;18.4;19.65;31.95;17.96;18.41;45.84
2021-10-16;32.63;29.23;42.29;34.14;19.74;42.56;16.77;25.86;51.64
2021-10-17;27.82;29.73;49.88;37.3;36.08;40.71;27.74;34.14;58.64
2021-10-18;28.62;22.77;31.32;23.81;20.78;34.14;14.41;14.73;46.51
2021-10-19;39.62;32.03;24.56;37.01;16.36;26.97;14.65;14.86;31.78
2021-10-20;21.63;34.78;57.63;29.0;26.37;35.92;20.15;34.68;63.44
2021-10-21;43.48;39.41;42.16;26.42;13.66;42.59;11.4;20.73;38.67
2021-10-22;43.64;27.51;34.77;27.79;9.16;38.58;9.41;15.41;9.52
2021-10-23;8.37;5.9;4.75;7.97;4.79;15.41;7.08;4.05;6.37
2021-10-24;5.04;4.9;3.78;9.11;4.75;5.77;4.15;2.84;5.59
2021-10-25;7.74;7.82;6.19;10.96;6.71;8.44;7.19;6.05;7.79
2021-10-26;11.33;11.53;14.14;11.18;11.23;17.38;9.48;15.73;13.66
2021-10-27;7.97;7.42;4.63;9.68;4.68;8.84;5.81;4.95;5.1
2021-10-28;20.55;10.1;7.16;14.22;4.52;11.33;5.37;3.26;11.47
2021-10-29;21.04;18.85;26.62;27.73;9.95;22.89;13.78;15.88;31.11
2021-10-30;9.74;6.58;6.25;13.62;6.49;7.48;4.92;5.51;7.42
2021-10-31;11.56;10.55;12.84;14.44;27.55;20.74;11.6;15.36;36.73
2021-11-01;9.41;7.66;3.33;10.9;9.38;7.85;4.74;6.12;8.7
2021-11-02;7.38;6.51;8.04;11.52;10.23;8.58;6.71;6.34;9.25
2021-11-03;9.27;7.08;5.26;9.38;6.68;5.66;3.58;5.15;7.91
2021-11-04;19.22;7.38;6.49;14.88;;7.7;5.52;6.27;7.27
2021-11-05;11.44;6.04;6.77;14.51;;6.42;4.34;4.37;7.44
2021-11-06;8.0;4.78;4.49;9.74;4.28;5.45;3.77;2.58;6.19
2021-11-07;7.32;4.85;4.77;9.51;4.49;4.73;3.26;3.58;5.99
2021-11-08;5.16;4.12;3.52;10.33;3.86;4.45;3.49;2.66;4.95
2021-11-09;21.59;11.4;11.92;14.9;9.23;9.05;8.32;7.73;8.49
2021-11-10;13.34;10.46;7.5;26.28;5.64;9.53;5.44;5.33;8.42
2021-11-11;15.15;;6.92;10.74;4.22;6.41;4.48;6.85;6.22
2021-11-12;12.49;;5.96;8.52;6.19;4.81;3.18;6.66;7.04
2021-11-13;15.77;;14.3;13.82;11.41;12.92;8.67;11.58;12.18
2021-11-14;14.68;;7.88;19.01;8.37;8.48;7.46;6.07;7.62
2021-11-15;18.85;;12.03;22.59;10.29;15.34;11.58;9.68;19.49
2021-11-16;12.44;;10.14;11.67;14.4;13.36;17.78;7.12;17.23
2021-11-17;33.79;;28.44;24.36;47.58;26.25;14.75;16.41;50.1
2021-11-18;13.47;;16.39;15.41;24.49;14.93;12.08;19.29;27.66
2021-11-19;22.21;;15.97;12.81;26.62;12.63;11.15;13.67;14.05
2021-11-20;14.58;;;9.44;7.97;6.41;6.95;6.36;7.44
2021-11-21;18.49;;;22.07;20.14;16.07;12.58;9.01;9.32
2021-11-22;14.55;;24.41;22.82;7.1;34.18;9.51;7.26;5.25
2021-11-23;10.48;;4.27;11.45;3.08;3.37;2.89;2.26;5.64
2021-11-24;11.53;;5.34;13.41;3.84;4.85;3.32;4.04;5.81
2021-11-25;13.6;;12.78;14.3;18.96;21.3;12.22;10.71;11.52
2021-11-26;17.92;;10.3;11.62;10.86;7.08;7.68;10.41;10.11
2021-11-27;20.27;;6.05;14.3;5.4;5.49;5.48;4.4;5.99
2021-11-28;11.55;;4.71;10.25;6.01;4.99;3.85;4.66;6.14
2021-11-29;17.1;;5.16;10.71;5.77;6.78;6.3;5.19;7.95
2021-11-30;16.55;;5.37;17.82;4.75;5.26;4.4;3.53;5.4
2021-12-01;21.05;;12.85;14.37;5.34;9.97;5.7;7.38;7.34
2021-12-02;32.32;;17.99;31.27;7.37;0.0;4.75;4.84;3.0
2021-12-03;12.41;;8.9;29.62;2.82;;2.22;2.48;
2021-12-04;8.97;;4.38;6.52;4.36;;3.9;3.97;
2021-12-05;15.0;;6.1;12.14;5.75;;5.18;4.59;
2021-12-06;8.44;;7.78;12.77;5.22;;3.81;3.1;
2021-12-07;11.48;;5.78;13.08;4.86;;3.78;5.16;
2021-12-08;13.62;;7.71;10.21;12.9;17.16;4.9;6.37;
2021-12-09;16.84;;7.04;12.41;8.4;10.64;6.56;7.51;
2021-12-10;11.41;;6.81;9.79;6.59;8.53;5.47;6.41;
2021-12-11;18.73;;9.22;17.1;7.4;8.92;7.36;6.25;
2021-12-12;11.6;;7.73;12.68;10.0;9.12;7.05;7.08;
2021-12-13;14.78;;17.89;17.3;25.77;16.37;10.18;12.62;
2021-12-14;66.16;;32.15;33.23;47.12;53.38;20.21;15.4;
2021-12-15;58.79;;47.82;30.4;124.97;46.73;40.48;64.03;
2021-12-16;16.03;;4.8;23.47;7.22;11.84;5.7;8.08;
2021-12-17;19.37;;8.37;19.85;8.06;10.12;8.67;8.26;
2021-12-18;11.01;;4.9;11.27;4.81;7.85;3.97;4.71;
2021-12-19;13.49;;10.36;8.3;11.04;10.01;7.71;10.44;
2021-12-20;15.71;;20.49;9.84;32.07;17.67;11.19;21.16;
2021-12-21;12.55;;22.74;12.4;72.95;21.73;19.84;25.19;
2021-12-22;18.27;;31.24;27.88;57.77;25.47;16.34;48.93;
2021-12-23;15.77;;23.86;30.97;38.92;17.97;16.71;46.37;
2021-12-24;19.19;97.75;44.84;33.51;96.58;27.52;16.51;50.07;
2021-12-25;93.93;84.47;;41.63;146.84;92.41;54.25;122.96;
2021-12-26;66.14;138.59;;46.73;143.56;103.71;60.38;124.97;
2021-12-27;53.53;80.74;80.59;41.35;114.49;78.59;26.53;111.34;
2021-12-28;49.48;105.23;156.07;45.45;141.55;85.23;49.15;109.59;
2021-12-29;106.79;115.67;154.33;48.12;21.89;85.19;17.33;57.48;
2021-12-30;61.42;36.74;38.37;36.71;11.53;29.81;8.33;10.71;
2021-12-31;15.22;7.85;6.33;18.6;6.22;9.71;5.47;7.14;
2022-01-01;17.03;9.07;6.68;17.58;8.23;10.47;5.41;8.08;
2022-01-02;25.21;13.77;10.7;25.21;5.29;8.37;5.56;5.01;
2022-01-03;33.3;16.7;20.49;25.07;9.26;23.3;9.18;11.38;
2022-01-04;92.59;56.27;96.42;39.68;14.22;84.04;10.93;48.93;
2022-01-05;77.15;29.22;35.57;37.11;6.97;31.36;5.37;11.96;
2022-01-06;29.81;20.26;12.68;17.4;17.52;14.84;9.75;12.84;
2022-01-07;57.82;37.93;34.63;24.81;69.25;40.18;16.11;36.16;
2022-01-08;28.86;82.75;;31.14;70.57;64.77;28.85;65.34;
2022-01-09;94.68;59.23;;57.96;21.85;85.07;15.86;40.01;
2022-01-10;10.75;7.92;6.88;11.33;6.34;8.15;5.52;5.63;
2022-01-11;13.73;7.47;7.95;25.6;6.77;7.89;5.6;4.85;
2022-01-12;16.66;9.55;8.15;12.34;12.3;9.52;6.73;7.64;
2022-01-13;48.86;34.89;33.41;24.37;64.38;50.41;32.34;40.59;
2022-01-14;89.34;68.22;103.11;66.49;64.55;113.07;43.0;54.51;
2022-01-15;54.67;115.51;;78.14;100.6;100.14;46.74;143.79;
2022-01-16;;78.7;;38.81;38.88;68.56;14.85;47.11;
2022-01-17;60.0;56.84;57.07;48.63;15.77;39.25;15.33;21.11;
2022-01-18;44.36;25.01;23.22;30.33;17.3;19.05;6.99;11.59;
2022-01-19;65.18;42.97;42.23;49.84;43.58;60.68;25.07;26.44;
2022-01-20;64.33;69.48;99.78;71.32;51.33;86.93;36.18;32.38;
2022-01-21;66.97;58.79;93.86;44.08;60.75;82.79;49.88;29.63;
2022-01-22;60.82;76.85;101.01;48.9;128.27;75.67;62.74;113.37;
2022-01-23;90.04;62.47;72.74;44.07;78.91;89.34;38.74;51.32;
2022-01-24;61.77;47.38;23.25;58.34;;78.68;34.48;17.53;
2022-01-25;61.03;26.92;21.75;26.95;10.53;17.22;16.03;16.63;
2022-01-26;47.37;40.34;38.36;25.3;35.3;35.9;21.51;36.04;
2022-01-27;64.27;58.19;53.51;55.41;74.71;94.48;38.37;29.48;
2022-01-28;100.41;108.4;142.86;65.41;112.73;112.93;57.47;90.16;
2022-01-29;97.73;96.34;153.85;77.14;82.23;125.56;53.12;99.82;
2022-01-30;56.88;70.78;136.78;76.56;50.44;99.36;36.12;57.62;
2022-01-31;;121.47;172.48;86.77;84.36;115.53;58.27;79.08;
2022-02-01;;102.59;201.37;94.09;57.92;128.26;31.26;95.16;
2022-02-02;;87.74;170.55;91.34;77.08;108.88;59.58;68.89;
2022-02-03;152.0;95.07;154.47;91.01;71.48;115.45;40.81;41.66;95.29
2022-02-04;71.66;43.15;43.82;53.58;18.44;47.75;13.88;19.26;46.66
2022-02-05;27.55;14.59;15.29;30.53;8.05;9.15;6.68;6.78;9.36
2022-02-06;49.53;20.71;19.49;27.62;10.04;14.32;7.12;12.26;11.64
2022-02-07;30.22;21.38;15.6;26.15;12.26;11.29;6.85;10.08;10.3
2022-02-08;17.36;17.74;14.9;14.18;28.65;13.4;9.01;14.59;22.53
2022-02-09;23.07;24.49;25.33;13.73;68.8;23.55;20.26;29.15;30.92
2022-02-10;38.54;38.17;58.59;24.68;91.04;60.14;40.1;53.64;86.89
2022-02-11;81.33;73.63;116.48;74.44;102.16;101.77;66.4;64.41;139.81
2022-02-12;59.0;41.8;115.58;37.18;120.22;61.58;31.97;98.74;128.99
2022-02-13;53.5;;65.14;38.34;;65.56;25.0;53.78;98.36
2022-02-14;20.43;29.03;55.08;34.18;40.28;43.67;28.0;47.82;92.1
2022-02-15;24.57;31.07;57.37;28.05;53.12;30.12;26.41;47.29;66.74
2022-02-16;32.48;41.58;42.38;36.7;;35.75;23.52;33.41;39.55
2022-02-17;49.42;32.71;36.23;41.86;;40.56;18.22;19.08;33.34
2022-02-18;26.12;16.32;19.27;33.93;;23.18;10.37;9.14;11.01
2022-02-19;41.36;20.96;16.53;27.73;;17.99;10.95;11.74;28.59
2022-02-20;53.21;38.11;30.89;55.99;;60.78;14.21;16.7;68.64
2022-02-21;83.93;72.84;120.74;45.88;68.06;88.23;33.58;61.18;123.68
2022-02-22;78.42;47.59;70.0;53.74;15.53;51.25;13.88;25.49;69.62
2022-02-23;37.0;23.71;32.29;45.86;9.86;33.36;8.49;15.43;21.34
2022-02-24;21.52;14.74;14.44;26.95;11.09;12.9;11.25;10.23;13.58
2022-02-25;17.62;9.26;8.78;26.49;7.53;12.08;9.18;7.34;10.92
2022-02-26;11.63;9.66;7.81;13.93;7.49;8.16;5.56;8.47;10.1
2022-02-27;8.27;5.89;6.6;9.49;4.19;6.42;4.36;5.08;8.74
2022-02-28;12.0;9.73;9.45;15.3;6.77;10.27;7.56;8.33;11.11
2022-03-01;19.03;11.1;10.47;24.86;9.07;11.53;9.75;9.3;11.85
2022-03-02;12.53;11.66;11.05;13.1;7.97;9.88;7.6;8.86;11.44
2022-03-03;6.89;4.56;4.56;11.71;3.29;5.81;3.3;3.47;6.37
2022-03-04;16.86;10.15;8.38;12.88;6.75;8.84;6.99;6.01;10.6
2022-03-05;14.2;14.55;11.56;16.58;9.03;12.52;9.05;9.88;12.77
2022-03-06;;17.7;20.93;25.47;18.81;24.73;21.15;22.0;26.42
2022-03-07;;9.7;9.76;20.42;6.43;8.82;7.56;6.9;12.37
2022-03-08;;10.37;11.14;17.99;7.58;9.6;8.53;9.1;13.22
2022-03-09;;6.58;6.63;9.85;5.21;7.29;5.11;4.93;7.32
2022-03-10;;20.44;17.53;16.96;32.55;22.59;15.4;15.1;27.96
2022-03-11;;24.25;22.25;15.15;33.0;18.36;14.11;17.49;30.71
2022-03-12;;19.47;16.38;23.07;26.33;15.07;26.75;13.4;30.4
2022-03-13;;30.4;29.49;19.82;;32.7;22.51;20.7;41.92
2022-03-14;;24.38;35.99;15.64;47.85;28.53;30.58;30.64;37.14
2022-03-15;;33.22;29.86;28.51;49.03;37.45;29.0;24.97;55.14
2022-03-16;;45.37;60.75;33.96;48.54;56.23;40.95;38.49;68.81
2022-03-17;;23.07;11.51;30.25;12.0;17.37;7.49;10.3;19.81
2022-03-18;;21.71;8.88;16.07;14.36;15.92;6.7;12.86;20.12
2022-03-19;;9.37;8.04;12.03;9.21;7.34;4.51;7.41;8.18
2022-03-20;;10.1;9.6;16.34;5.9;9.16;6.71;7.64;11.04
2022-03-21;;8.23;7.81;18.0;4.8;8.95;5.51;4.61;10.63
2022-03-22;;8.53;9.27;17.03;9.26;12.97;7.64;8.6;12.6
2022-03-23;;9.59;6.42;15.79;6.97;8.47;6.18;5.96;10.0
2022-03-24;;11.01;10.58;18.51;10.63;11.45;6.84;8.93;14.14
2022-03-25;;10.07;10.55;16.81;7.36;13.84;6.21;6.9;15.03
2022-03-26;;6.49;7.07;11.32;4.41;8.37;5.86;4.96;8.33
2022-03-27;;5.03;5.3;10.18;5.41;8.16;2.99;5.1;11.03
2022-03-28;;18.88;15.58;18.47;23.84;25.95;8.66;13.24;29.86
2022-03-29;;19.93;21.77;17.84;20.3;32.97;23.62;21.85;34.3
2022-03-30;;18.59;22.58;12.78;10.33;18.68;11.95;13.44;25.99
2022-03-31;;5.01;5.38;9.01;3.97;5.79;3.49;4.14;6.92
2022-04-01;;8.19;8.03;13.15;5.3;8.75;6.78;7.28;9.88
2022-04-02;;7.19;10.0;12.26;8.71;10.07;6.44;3.0;10.84
2022-04-03;;6.29;6.96;7.47;13.99;8.26;9.57;7.9;12.62
2022-04-04;;5.49;7.85;12.1;21.52;14.93;10.1;5.98;21.1
2022-04-05;;14.93;13.55;18.04;8.37;12.44;7.49;9.68;10.9
2022-04-06;;23.88;13.97;33.78;10.36;17.74;9.74;11.43;11.27
2022-04-07;;9.75;9.03;12.23;7.26;9.7;6.41;8.92;9.75
2022-04-08;;16.9;13.19;18.25;14.19;14.67;10.45;6.75;16.21
2022-04-09;;9.37;8.27;14.64;7.49;10.84;5.99;6.83;10.25
2022-04-10;;7.71;4.49;11.11;4.65;7.75;4.14;5.02;8.99
2022-04-11;;9.3;6.21;10.48;6.73;7.19;4.27;5.73;8.27
2022-04-12;;8.66;6.38;8.99;11.71;8.11;6.78;7.07;9.7
2022-04-13;;14.12;13.16;13.84;19.97;16.53;12.75;12.36;19.47
2022-04-14;;16.64;19.19;18.85;6.33;25.37;7.25;8.53;35.49
2022-04-15;;14.99;16.96;18.32;8.74;28.55;11.3;9.66;20.36
2022-04-16;;23.0;17.47;33.34;14.63;30.88;15.04;13.73;33.41
2022-04-17;;28.11;26.26;41.42;22.68;31.88;28.41;19.9;26.77
2022-04-18;;28.29;30.21;30.29;29.11;28.19;25.58;27.19;33.16
2022-04-19;;7.16;5.56;6.47;5.97;7.42;6.07;5.95;8.51
2022-04-20;;8.0;7.67;14.86;4.15;8.38;5.97;7.41;9.29
2022-04-21;;18.59;15.37;27.14;15.38;18.14;18.25;16.5;16.49
2022-04-22;;9.95;10.45;12.74;8.96;11.67;10.88;8.7;12.79
2022-04-23;;5.62;4.93;7.97;4.03;5.99;3.38;2.74;9.22
2022-04-24;;10.56;8.22;13.44;8.58;10.56;4.33;6.67;17.63
2022-04-25;;11.74;9.68;13.0;9.51;9.6;8.23;8.2;11.19
2022-04-26;;17.13;13.47;21.64;13.21;15.22;10.04;10.67;19.76
2022-04-27;;17.6;20.78;21.18;20.45;20.86;15.67;15.89;18.29
2022-04-28;;19.11;18.16;30.52;13.49;26.22;21.32;13.08;20.55
2022-04-29;;20.25;17.7;32.77;13.73;17.29;18.07;14.68;18.33
2022-04-30;;15.51;15.85;26.52;14.18;17.36;15.99;14.97;17.71
2022-05-01;;19.93;17.45;40.55;22.14;19.38;27.78;15.82;30.89
2022-05-02;;13.79;14.62;18.29;12.4;14.99;14.51;15.03;22.22
2022-05-03;;8.04;7.7;10.75;6.92;8.1;7.45;9.49;14.03
2022-05-04;;7.04;5.68;7.71;5.19;8.56;3.93;7.41;12.53
2022-05-05;;9.4;13.26;13.16;9.85;16.58;12.32;10.59;22.19
2022-05-06;;17.67;13.45;17.12;11.87;14.88;10.34;8.25;17.82
2022-05-07;;42.77;47.93;43.93;39.53;53.96;56.18;42.34;52.3
2022-05-08;;14.01;10.9;13.41;11.38;12.63;10.04;9.74;16.62
2022-05-09;;16.84;15.19;15.69;19.59;18.12;14.9;52.33;21.32
2022-05-10;;14.47;15.23;;18.72;16.95;20.56;18.18;30.68
2022-05-11;;22.84;20.6;;27.81;31.37;22.33;17.62;34.15
2022-05-12;;22.25;21.01;18.12;22.48;27.41;27.84;23.34;28.16
2022-05-13;;25.38;26.03;27.92;21.44;28.9;29.67;27.94;31.23
2022-05-14;;29.07;29.64;38.86;23.3;35.21;28.52;20.35;32.29
2022-05-15;;24.58;22.56;34.67;18.73;30.99;22.92;17.29;
2022-05-16;;18.71;16.74;24.85;15.7;18.64;13.27;16.31;0.0
2022-05-17;;12.78;20.27;25.01;10.97;13.58;10.47;11.25;
2022-05-18;;14.27;16.42;20.85;9.45;13.04;10.49;11.41;
2022-05-19;;23.89;21.73;29.85;18.03;21.47;32.14;19.51;
2022-05-20;;17.14;14.74;14.86;11.73;15.66;13.07;13.29;
2022-05-21;;12.42;13.58;18.66;11.93;15.7;12.82;12.56;
2022-05-22;;23.9;24.44;17.29;20.03;19.21;16.19;23.89;
2022-05-23;;23.64;26.74;27.64;24.07;26.0;26.73;26.48;
2022-05-24;;20.23;17.73;12.92;15.23;17.52;15.73;17.6;
2022-05-25;;23.9;22.7;23.95;21.97;27.32;22.92;21.84;
2022-05-26;;27.75;27.81;24.24;21.72;24.79;20.59;23.12;
2022-05-27;;56.86;68.43;44.04;40.3;41.3;45.36;57.21;
2022-05-28;;15.51;;15.32;17.01;16.07;14.51;14.26;
2022-05-29;;14.62;11.88;17.18;18.33;15.4;16.99;12.78;
2022-05-30;;13.97;11.63;11.01;11.22;11.16;9.63;11.41;
2022-05-31;;7.48;5.47;7.29;5.16;6.66;3.71;6.18;
2022-06-01;;14.32;11.99;14.23;8.51;12.4;16.9;9.55;
2022-06-02;;5.58;3.99;5.03;3.55;5.36;2.79;3.85;
2022-06-03;;4.64;2.99;4.85;2.99;5.3;3.21;3.07;
2022-06-04;;12.49;13.25;8.92;8.9;12.29;10.37;11.03;
2022-06-05;;9.21;9.45;11.12;7.1;10.32;7.82;7.88;
2022-06-06;;8.26;5.92;6.33;4.9;6.78;3.66;6.23;
2022-06-07;;5.56;5.18;5.75;3.26;6.56;7.79;4.37;
2022-06-08;;8.62;9.16;6.51;4.45;11.9;9.89;7.12;
2022-06-09;;9.36;5.51;8.62;6.85;8.6;12.58;6.08;
2022-06-10;;7.67;7.56;8.0;5.38;9.38;17.37;8.81;
2022-06-11;;11.77;13.66;10.33;8.92;11.08;22.52;13.78;
2022-06-12;;12.96;12.01;15.85;8.33;10.45;12.38;9.95;
2022-06-13;;11.08;10.21;11.42;7.44;8.44;32.77;9.78;
2022-06-14;;18.21;18.33;17.23;11.37;17.14;23.33;17.25;
2022-06-15;;20.49;15.9;17.07;16.38;20.22;23.86;14.62;
2022-06-16;;17.08;12.25;11.23;11.77;12.64;11.77;12.14;
2022-06-17;9.19;10.51;6.95;8.93;6.38;7.43;8.32;7.64;
2022-06-18;8.89;9.9;8.29;10.21;7.03;9.29;8.99;7.58;
2022-06-19;10.29;11.38;9.3;9.05;6.23;11.1;9.59;7.16;
2022-06-20;10.63;11.79;7.9;15.03;9.05;12.0;10.86;8.03;
2022-06-21;12.41;11.27;12.29;14.88;12.01;16.68;17.05;11.21;
2022-06-22;8.15;8.19;9.08;8.0;7.47;10.95;13.26;6.4;
2022-06-23;11.07;11.48;10.84;12.66;9.05;11.92;12.66;11.38;
2022-06-24;8.1;11.21;5.16;7.66;4.52;6.03;5.38;5.22;
2022-06-25;8.71;10.21;6.93;8.9;6.26;6.23;8.15;6.03;
2022-06-26;12.53;12.16;11.71;12.79;10.58;11.33;12.6;11.22;
2022-06-27;10.85;14.67;11.89;10.74;9.59;11.77;12.26;10.58;
2022-06-28;5.75;8.32;7.08;7.18;5.41;5.86;9.21;6.19;
2022-06-29;7.45;6.63;7.53;10.12;5.38;9.42;8.62;6.52;
2022-06-30;10.16;14.25;11.66;8.86;9.05;11.99;18.25;12.58;
2022-07-01;12.59;11.62;10.11;11.71;9.33;10.48;8.3;9.11;
2022-07-02;12.51;10.66;11.08;11.38;7.11;9.26;9.32;8.63;
2022-07-03;6.99;6.66;4.77;6.49;5.3;5.0;4.94;5.59;
2022-07-04;11.26;11.29;10.49;9.54;6.73;8.1;6.78;6.1;
2022-07-05;8.76;10.9;10.44;9.25;9.56;13.58;17.47;9.66;
2022-07-06;11.78;11.64;11.03;9.86;8.85;10.32;9.42;8.42;
2022-07-07;8.67;9.53;8.47;8.25;5.96;8.41;5.27;7.73;
2022-07-08;10.21;7.71;8.6;9.86;7.4;9.21;11.62;7.45;
2022-07-09;13.71;12.81;9.93;13.29;10.82;8.16;7.34;8.44;
2022-07-10;17.08;19.89;15.78;15.14;15.03;14.26;11.64;11.92;
2022-07-11;10.59;12.62;7.51;10.14;7.47;8.75;8.7;8.36;
2022-07-12;6.59;9.32;5.37;7.11;5.53;5.26;6.52;5.16;
2022-07-13;9.47;8.62;8.07;7.41;6.63;6.48;5.53;5.27;
2022-07-14;9.08;9.41;7.18;8.47;7.08;6.89;7.63;5.73;
2022-07-15;9.75;11.07;9.52;10.54;7.41;8.29;7.92;7.74;
2022-07-16;10.36;13.36;11.62;12.79;9.48;12.48;12.3;9.21;
2022-07-17;10.78;9.53;9.59;10.89;9.85;13.34;21.48;9.68;
2022-07-18;6.6;5.53;4.84;5.82;4.22;4.26;3.59;3.45;
2022-07-19;5.51;5.45;4.89;8.05;4.26;3.42;7.01;3.41;
2022-07-20;7.44;6.05;4.59;6.86;4.67;4.21;3.9;4.11;
2022-07-21;9.62;11.16;12.38;8.33;8.52;10.08;10.94;9.81;
2022-07-22;8.67;10.0;9.53;9.63;7.07;8.71;9.12;6.81;
2022-07-23;8.44;9.51;8.75;10.49;6.34;8.6;5.29;6.33;
2022-07-24;9.32;8.97;8.77;8.67;6.21;8.95;10.29;6.1;
2022-07-25;6.44;8.05;6.1;7.86;5.4;5.86;3.22;4.58;
2022-07-26;6.99;5.92;4.88;6.82;3.34;5.93;3.01;4.47;
2022-07-27;8.92;8.82;7.48;8.75;6.26;7.1;6.16;6.01;
2022-07-28;11.47;13.05;15.29;13.81;7.9;12.75;17.32;7.99;
2022-07-29;9.47;10.78;8.08;;8.79;9.18;9.08;10.77;
2022-07-30;9.41;10.15;9.49;;8.51;8.79;;11.0;
2022-07-31;14.48;15.41;11.4;;11.96;12.51;;11.11;
2022-08-01;11.66;13.9;10.84;;7.84;11.15;;9.6;
2022-08-02;9.56;9.16;7.79;;6.59;6.66;;6.32;
2022-08-03;7.4;9.49;6.38;;3.75;6.67;7.54;5.59;
2022-08-04;7.52;7.03;9.95;;5.42;5.78;6.48;5.56;
2022-08-05;4.78;5.16;4.86;;3.49;3.08;3.48;3.59;
2022-08-06;10.9;9.08;9.37;;6.29;6.48;5.75;4.51;
2022-08-07;9.7;10.62;14.53;;8.15;12.81;11.7;9.15;
2022-08-08;10.62;14.44;14.63;;12.95;17.18;25.34;11.75;
2022-08-09;15.66;18.23;18.15;;12.6;14.52;13.78;17.7;
2022-08-10;13.21;15.73;11.7;;9.99;9.93;10.01;11.75;
2022-08-11;15.4;10.9;10.49;;7.82;8.77;11.11;9.53;
2022-08-12;19.17;18.46;18.34;;16.22;14.08;15.15;16.78;
2022-08-13;15.51;18.7;14.38;;12.49;13.37;18.88;12.9;
2022-08-14;13.54;13.85;12.23;;11.08;10.97;11.23;10.78;
2022-08-15;4.34;4.08;3.85;;4.29;4.0;4.7;2.93;
2022-08-16;3.44;3.21;2.29;;1.26;2.26;3.12;2.27;
2022-08-17;4.45;5.52;3.47;;1.82;2.45;3.89;2.88;
2022-08-18;6.53;7.47;4.38;;5.66;6.18;5.15;4.19;
2022-08-19;7.59;6.41;5.01;;4.18;5.16;5.67;3.23;
2022-08-20;7.14;8.96;6.68;;5.92;9.53;8.29;7.01;
2022-08-21;8.58;12.37;9.03;;7.82;9.29;8.81;8.95;
2022-08-22;5.4;4.45;3.9;;3.79;4.66;4.1;4.1;
2022-08-23;6.6;6.38;4.34;;4.19;4.05;4.55;4.95;
2022-08-24;7.4;9.45;6.95;;6.93;8.58;7.59;6.23;
2022-08-25;10.03;10.74;9.51;;7.16;8.36;8.29;6.15;
2022-08-26;10.59;12.99;10.41;;8.73;9.48;8.74;10.33;
2022-08-27;10.22;8.74;9.41;;5.78;9.93;7.96;6.01;
2022-08-28;3.4;2.74;3.56;;1.84;2.77;3.93;1.89;
2022-08-29;5.19;5.86;5.41;9.89;5.3;4.96;5.53;3.64;
2022-08-30;9.66;10.96;10.12;13.81;5.27;6.52;8.82;8.48;
2022-08-31;11.23;14.92;16.96;15.3;8.22;10.67;8.44;7.0;
2022-09-01;7.56;11.74;11.25;6.45;10.49;10.59;11.44;12.16;
2022-09-02;10.11;13.38;11.14;10.56;10.96;11.27;10.14;14.14;
2022-09-03;10.68;10.22;9.78;7.29;4.4;6.97;6.48;;
2022-09-04;8.81;8.37;13.71;7.41;6.46;8.37;11.41;;
2022-09-05;11.15;11.18;10.15;9.53;8.16;7.73;8.52;;
2022-09-06;12.57;13.29;14.95;14.58;5.88;12.53;10.53;10.62;
2022-09-07;9.97;18.99;19.64;11.48;14.36;13.48;15.19;18.64;
2022-09-08;10.29;10.26;8.49;11.51;6.62;8.71;8.27;8.97;
2022-09-09;11.11;11.14;11.67;10.0;9.03;8.82;7.95;9.48;
2022-09-10;15.93;17.51;21.95;18.01;8.07;16.43;12.81;13.18;
2022-09-11;16.3;20.89;24.11;13.16;19.52;;13.79;16.45;
2022-09-12;11.52;12.92;12.95;9.88;12.51;5.39;7.85;10.01;
2022-09-13;7.75;5.99;1.14;6.27;5.66;5.5;4.75;3.36;
2022-09-14;16.21;14.22;;9.01;15.33;20.9;10.66;10.64;
2022-09-15;11.41;11.99;;5.66;8.32;6.25;7.88;7.01;10.0
2022-09-16;16.56;16.6;;8.67;12.96;10.23;7.47;11.29;11.85
2022-09-17;24.63;20.75;;18.11;22.23;11.51;8.74;11.88;20.64
2022-09-18;14.49;21.11;;19.77;20.58;19.89;18.95;13.19;23.89
2022-09-19;15.16;17.74;;18.26;12.58;21.4;11.41;10.26;20.67
2022-09-20;7.14;9.05;;9.0;6.89;6.14;7.36;7.33;6.08
2022-09-21;5.86;7.95;;10.6;5.9;7.36;7.4;6.7;4.6
2022-09-22;10.14;11.96;;19.66;8.37;10.59;9.56;9.42;8.19
2022-09-23;6.95;6.16;;5.88;4.08;4.58;5.62;4.45;3.19
2022-09-24;11.04;8.1;;8.34;7.27;6.14;4.97;7.59;14.18
2022-09-25;7.68;7.84;;9.92;11.58;10.75;6.78;7.11;14.07
2022-09-26;6.53;5.66;;6.37;6.71;5.51;5.19;4.0;5.9
2022-09-27;6.89;7.07;;7.33;10.84;10.91;6.97;6.64;9.42
2022-09-28;7.88;7.11;;8.32;9.51;7.84;5.53;6.82;5.78
2022-09-29;9.55;6.85;;6.75;5.66;6.32;6.09;4.64;5.4
2022-09-30;11.0;9.89;;10.19;4.2;5.65;6.52;5.23;5.85
2022-10-01;15.41;11.41;;12.97;;;6.55;6.0;7.44
2022-10-02;9.38;8.32;;11.4;9.22;9.78;7.48;7.37;6.62
2022-10-03;16.87;12.74;;14.63;7.4;15.05;7.38;7.84;16.22
2022-10-04;22.11;20.01;;14.92;24.28;22.84;10.49;11.19;25.45
2022-10-05;18.76;17.41;;18.37;8.67;22.49;10.01;11.56;21.15
2022-10-06;6.42;5.27;;6.58;3.44;5.11;4.68;3.27;2.66
2022-10-07;11.53;7.08;;11.26;5.36;5.67;6.93;4.64;6.96
2022-10-08;9.36;13.78;;16.12;3.9;;8.47;12.23;8.29
2022-10-09;9.55;4.92;;22.03;2.56;;4.79;5.92;2.79
2022-10-10;10.93;10.03;;16.44;6.77;8.07;7.73;8.05;7.01
2022-10-11;5.33;5.12;;13.12;3.15;5.29;5.96;3.24;3.95
2022-10-12;9.28;6.07;;9.29;5.27;4.49;4.67;;4.33
2022-10-13;7.92;4.78;;7.85;2.16;4.29;3.23;;1.95
2022-10-14;6.21;3.99;;5.58;;3.25;4.08;;5.51
2022-10-15;9.72;8.86;;9.81;;;13.25;;22.08
2022-10-16;13.07;30.75;;11.42;;;14.84;;43.62
2022-10-17;34.79;48.29;;21.99;;45.87;21.26;;33.22
2022-10-18;11.03;7.96;;14.36;;13.38;6.78;;4.36
2022-10-19;16.17;7.9;;8.37;;7.09;5.68;;3.92
2022-10-20;11.42;7.56;;16.74;;11.15;10.89;;5.86
2022-10-21;10.31;6.21;;12.78;;8.91;6.63;;4.38
2022-10-22;8.88;12.05;;18.16;;11.71;6.74;;6.12
2022-10-23;7.68;5.38;;13.75;;8.33;5.55;;3.81
2022-10-24;8.49;4.99;;11.77;;3.84;4.37;4.3;2.21
2022-10-25;12.81;8.16;;17.45;;5.56;6.05;6.05;4.58
2022-10-26;33.25;24.07;;14.58;;54.84;20.36;25.53;25.3
2022-10-27;29.69;58.25;;23.72;;59.07;15.83;30.42;40.62
2022-10-28;15.56;20.16;;10.96;;21.4;7.63;7.79;11.52
2022-10-29;7.4;6.63;;9.27;;;6.01;3.52;4.12
2022-10-30;12.67;10.74;;9.59;;;7.34;9.16;12.58
2022-10-31;12.78;8.73;;9.93;;10.45;9.81;17.26;21.77
2022-11-01;29.21;34.58;;24.54;;38.77;23.11;23.25;51.93
2022-11-02;33.37;32.73;;33.32;;46.1;21.33;24.75;41.84
2022-11-03;34.83;37.86;;33.47;;47.58;18.75;20.35;34.55
2022-11-04;28.08;22.59;;26.78;;38.41;8.84;11.29;9.59
2022-11-05;27.07;24.84;;20.41;;;17.04;15.9;44.45
2022-11-06;29.18;40.59;;25.27;;;14.93;23.06;28.53
2022-11-07;9.85;7.07;;11.11;;5.26;5.55;5.33;4.01
2022-11-08;13.96;10.1;;12.73;;12.85;10.77;9.26;10.18
2022-11-09;34.42;23.68;;25.41;;29.85;19.82;10.63;31.37
2022-11-10;11.93;8.18;;15.22;;6.83;9.16;6.21;7.21
2022-11-11;13.53;6.78;;16.05;;4.81;6.52;4.66;3.67
2022-11-12;8.25;3.56;;12.62;;4.69;4.81;2.26;2.89
2022-11-13;6.27;2.33;;15.05;;2.33;5.68;1.88;2.01
2022-11-14;9.81;6.79;;18.36;;3.2;5.4;5.14;4.01
2022-11-15;9.07;5.53;7.29;16.85;4.05;4.95;6.14;4.12;4.77
2022-11-16;5.64;3.49;3.19;6.27;1.68;2.83;3.85;2.05;1.37
2022-11-17;6.51;5.03;4.34;12.41;1.97;4.35;4.58;2.85;3.74
2022-11-18;18.07;16.01;24.37;9.66;12.1;8.21;11.26;11.08;18.89
2022-11-19;36.09;24.68;43.64;20.14;17.12;;17.75;18.68;44.69
2022-11-20;13.39;17.42;25.7;13.48;4.27;9.65;9.23;8.29;22.34
2022-11-21;14.22;7.62;6.44;11.85;2.42;5.85;5.86;4.59;4.96
2022-11-22;20.77;23.92;26.79;16.16;12.12;28.69;15.01;14.1;14.71
2022-11-23;11.82;6.68;7.29;9.33;4.77;7.58;6.77;6.0;7.19
2022-11-24;14.31;7.78;8.55;15.17;3.19;9.35;7.97;5.29;5.26
2022-11-25;16.24;10.71;11.92;12.84;8.82;9.47;9.62;10.14;11.11
2022-11-26;14.52;12.97;11.41;12.33;9.98;12.46;7.48;10.22;12.21
2022-11-27;17.04;9.6;7.95;11.62;;11.46;7.47;5.75;7.23
2022-11-28;24.75;12.74;9.73;14.36;2.92;10.26;8.1;7.4;7.14
2022-11-29;33.61;12.41;7.18;19.03;5.44;12.24;7.89;5.03;6.42
2022-11-30;33.15;18.62;19.38;23.77;6.74;14.61;10.22;10.23;10.6
2022-12-01;21.57;16.27;14.99;18.21;10.86;17.06;13.29;11.12;12.1
2022-12-02;87.02;47.51;18.53;23.76;19.75;24.67;7.81;11.26;61.7
2022-12-03;28.11;10.14;7.78;13.75;3.03;11.91;;4.92;5.74
2022-12-04;51.08;33.81;51.75;28.76;12.15;34.54;;30.67;44.26
2022-12-05;71.61;61.89;94.23;56.81;20.97;88.81;7.1;17.33;64.92
2022-12-06;25.83;19.86;29.47;16.64;5.12;12.28;10.44;7.99;7.96
2022-12-07;14.51;13.29;12.59;14.89;5.28;12.81;11.44;11.55;10.59
2022-12-08;17.66;12.38;11.88;15.19;5.01;12.61;10.73;10.47;9.25
2022-12-09;17.27;9.14;8.75;20.43;4.56;9.19;9.52;6.89;8.0
2022-12-10;9.75;9.04;10.7;18.55;4.65;8.85;12.11;8.33;9.67
2022-12-11;21.84;16.96;16.19;19.72;8.94;;16.71;16.73;21.52
2022-12-12;40.24;63.44;114.17;26.6;61.25;78.88;55.03;60.1;113.23
2022-12-13;92.79;111.45;128.2;26.75;70.87;66.72;46.61;78.45;102.3
2022-12-14;89.6;73.48;87.25;28.99;46.11;68.5;39.66;59.48;92.7
2022-12-15;73.57;61.42;72.84;33.85;;108.04;32.77;60.8;57.15
2022-12-16;37.77;29.1;31.14;28.81;6.2;17.28;14.52;10.95;11.44
2022-12-17;71.17;42.47;63.62;46.71;;9.86;11.41;14.1;18.41
2022-12-18;45.57;38.07;47.32;58.0;;;12.75;18.69;49.51
2022-12-19;14.86;10.27;9.68;14.12;;9.1;10.33;8.53;8.51
2022-12-20;50.21;32.63;35.04;28.9;28.67;39.99;19.2;22.65;45.66
2022-12-21;26.04;33.21;28.34;32.71;3.88;23.73;10.16;14.53;7.49
2022-12-22;17.72;8.75;10.9;20.16;3.16;10.13;7.81;9.48;7.6
2022-12-23;34.32;14.58;20.88;17.33;4.29;21.3;9.33;10.49;22.05
2022-12-24;59.83;68.45;88.68;35.75;11.75;87.63;27.01;26.25;62.7
2022-12-25;30.39;10.08;11.34;29.05;;8.36;6.77;3.74;4.99
2022-12-26;23.19;8.22;11.13;22.04;1.62;21.82;6.55;4.07;3.22
2022-12-27;18.14;8.74;7.89;24.73;3.4;8.3;8.22;4.05;5.34
2022-12-28;60.96;35.27;49.9;47.93;5.75;70.25;25.28;22.4;13.66
2022-12-29;17.54;14.51;12.39;20.03;7.97;13.79;11.22;13.16;14.47
2022-12-30;69.81;44.37;52.92;18.22;20.82;42.27;18.44;35.31;65.58
2022-12-31;25.87;36.92;68.46;26.94;;29.85;23.81;62.68;78.4
2023-01-01;38.9;62.29;84.67;25.9;;40.08;31.24;75.57;106.15
2023-01-02;;;;;;;;;
2023-01-03;;;;;;;;;
2023-01-04;;;;;;;;;
2023-01-05;;;;;;;;;
2023-01-06;;;;;;;;;
2023-01-07;;;;;;;;;
2023-01-08;;;;;;;;;
2023-01-09;;;;;;;;;
2023-01-10;;;;;;;;;
2023-01-11;;;;;;;;;
2023-01-12;60.59;20.74;15.17;28.48;6.46;15.67;12.23;10.6;13.4
2023-01-13;19.46;5.16;5.25;18.07;1.97;5.85;7.47;3.49;4.42
2023-01-14;8.27;7.0;7.27;15.12;2.08;6.57;8.41;4.33;5.19
2023-01-15;9.62;5.85;4.86;14.0;3.45;6.09;7.27;5.93;4.07
2023-01-16;11.94;5.95;7.52;13.59;2.85;7.07;9.26;6.08;5.29
2023-01-17;9.42;6.25;6.47;10.36;3.99;7.24;6.05;5.11;5.85
2023-01-18;39.76;25.03;19.0;13.88;13.31;19.03;16.53;22.56;43.93
2023-01-19;53.59;76.99;98.41;41.15;8.54;57.26;30.19;53.04;48.4
2023-01-20;17.32;11.55;16.79;12.33;11.09;;12.15;12.52;17.42
2023-01-21;19.65;35.58;16.89;12.45;;;22.58;26.64;30.55
2023-01-22;;96.79;;33.61;;;63.36;;104.32
2023-01-23;49.24;51.6;47.28;20.49;2.89;;29.48;3.96;24.58
2023-01-24;26.66;13.11;11.16;31.56;4.17;;12.51;8.42;7.0
2023-01-25;31.63;18.84;14.28;20.01;7.18;15.88;9.89;10.63;11.01
2023-01-26;41.04;31.86;19.18;36.45;8.77;;9.62;11.9;26.95
2023-01-27;6.89;3.33;5.19;11.49;2.37;9.66;5.14;4.58;3.7
2023-01-28;27.44;24.99;23.88;25.0;9.02;29.26;14.63;17.19;16.68
2023-01-29;13.58;9.37;13.23;20.29;;19.93;8.82;6.03;4.62
2023-01-30;17.68;15.4;11.92;17.89;5.04;17.84;11.38;10.01;10.27
2023-01-31;47.93;54.56;74.89;28.44;13.45;86.81;29.73;39.51;61.45
2023-02-01;77.17;64.19;56.16;76.81;34.41;121.36;32.21;28.49;98.77
2023-02-02;74.35;66.79;66.03;59.8;28.25;121.84;40.59;31.07;117.12
2023-02-03;83.79;92.75;100.74;93.38;51.0;167.36;93.36;34.66;145.44
2023-02-04;107.38;89.52;80.69;92.57;;184.58;111.76;63.07;181.26
2023-02-05;129.9;149.11;164.88;107.95;55.5;202.64;126.26;79.33;181.82
2023-02-06;99.32;81.48;101.97;102.2;22.7;180.72;70.28;34.82;163.56
2023-02-07;113.35;154.23;209.27;105.09;20.91;;29.42;108.97;121.71
2023-02-08;124.18;77.16;99.23;74.1;17.23;23.16;20.59;43.03;70.38
2023-02-09;57.58;47.36;55.47;30.48;36.09;14.25;26.37;40.04;44.14
2023-02-10;110.86;79.97;88.78;40.71;50.06;27.61;46.96;71.89;93.53
2023-02-11;101.73;116.04;210.0;85.43;49.38;47.74;78.79;78.79;153.44
2023-02-12;106.36;98.99;;91.8;38.14;;73.42;84.14;197.74
2023-02-13;127.05;174.64;199.78;78.49;96.74;41.4;115.25;141.04;160.56
2023-02-14;65.47;39.9;58.29;49.04;14.45;8.24;20.63;23.84;37.82
2023-02-15;77.32;46.59;57.11;50.12;38.84;24.78;49.31;39.73;84.07
2023-02-16;102.34;113.77;148.35;87.64;44.42;41.19;73.65;56.21;112.05
2023-02-17;26.43;17.63;16.41;29.29;7.77;3.45;13.62;14.11;14.95
2023-02-18;24.85;22.32;26.04;22.45;13.24;9.57;17.08;20.7;19.08
2023-02-19;47.35;60.9;75.58;28.68;21.32;17.99;23.29;43.18;49.19
2023-02-20;51.67;30.74;35.81;27.51;16.33;14.0;18.3;17.85;36.45
2023-02-21;72.81;50.11;73.66;62.29;33.18;31.36;43.46;35.79;107.95
2023-02-22;63.97;98.66;111.53;57.62;59.71;23.14;35.01;104.86;115.61
2023-02-23;22.27;23.16;49.38;31.38;22.93;10.44;23.53;49.29;73.32
2023-02-24;42.75;60.93;86.75;41.28;16.27;20.23;22.4;53.27;47.23
2023-02-25;13.25;9.25;7.74;12.18;3.84;2.66;5.68;6.95;6.93
2023-02-26;20.37;14.32;13.84;16.75;7.05;5.29;13.79;12.68;13.38
2023-02-27;16.6;10.15;10.41;19.14;4.11;4.0;10.7;7.9;8.3
2023-02-28;16.07;8.36;10.99;18.25;3.85;6.53;8.51;6.34;6.25
2023-03-01;13.23;11.08;8.47;18.38;4.79;5.19;7.73;5.7;4.97
2023-03-02;6.93;4.62;5.42;15.64;2.51;3.04;6.86;3.6;4.84
2023-03-03;10.44;8.56;11.79;17.26;8.38;4.34;8.41;10.53;8.89
2023-03-04;6.66;5.14;4.68;7.1;3.1;3.07;4.26;4.63;5.11
2023-03-05;16.33;9.34;11.42;16.62;6.33;5.16;8.7;8.34;8.08
2023-03-06;25.23;17.4;18.89;15.58;13.44;6.21;14.3;17.95;26.26
2023-03-07;8.66;5.75;7.29;14.58;2.32;1.35;5.86;4.25;4.14
2023-03-08;8.44;5.74;6.49;12.05;5.19;;8.67;6.0;7.79
2023-03-09;10.95;6.78;6.18;10.25;4.11;4.04;7.86;6.32;5.86
2023-03-10;28.21;32.68;26.85;21.27;20.52;11.95;22.19;17.27;41.01
2023-03-11;19.57;23.84;18.07;27.38;6.65;5.08;8.55;10.44;10.04
2023-03-12;14.75;17.73;18.0;15.05;5.26;4.9;6.42;6.9;6.92
2023-03-13;4.67;3.55;10.78;6.34;2.09;2.44;4.21;3.42;2.96
2023-03-14;17.26;9.55;2.57;13.51;2.38;5.37;7.16;3.97;4.93
2023-03-15;19.23;15.71;5.43;16.82;6.78;13.74;14.53;13.33;30.7
2023-03-16;19.1;18.56;11.82;14.82;15.9;10.14;17.73;23.52;34.88
2023-03-17;39.14;41.4;22.44;50.99;26.81;25.89;40.05;34.55;54.0
2023-03-18;20.62;20.9;9.55;24.74;7.34;11.54;8.73;10.19;24.26
2023-03-19;14.4;12.74;6.77;14.62;4.42;4.03;6.64;8.68;6.37
2023-03-20;6.58;6.47;5.79;6.73;3.0;2.83;4.89;3.63;5.05
2023-03-21;17.85;11.04;8.88;15.53;3.08;6.25;8.1;5.21;4.92
2023-03-22;14.66;14.6;11.92;13.55;8.49;10.0;11.73;12.62;17.77
2023-03-23;10.88;13.41;15.68;16.05;11.88;8.86;16.79;14.63;24.77
2023-03-24;28.61;20.45;17.77;17.42;5.62;11.56;9.07;10.15;9.19
2023-03-25;14.36;9.93;8.95;12.42;3.74;7.36;7.44;4.85;7.4
2023-03-26;10.73;8.27;8.27;16.14;4.15;6.05;8.04;7.36;7.23
2023-03-27;10.29;7.37;7.78;12.12;3.96;5.74;7.82;7.32;6.88
2023-03-28;10.49;7.7;6.11;11.11;3.42;4.42;6.22;4.58;5.63
2023-03-29;14.08;10.22;11.3;16.71;5.32;6.67;9.67;8.99;8.81
2023-03-30;12.93;11.85;6.14;8.21;5.55;4.22;29.74;8.99;7.56
2023-03-31;8.71;6.71;4.01;6.64;5.06;1.76;4.96;5.45;4.82
2023-04-01;16.89;12.49;5.88;8.26;5.42;2.11;10.79;8.3;9.99
2023-04-02;22.15;17.34;7.85;22.2;9.03;;13.41;9.38;27.55
2023-04-03;10.73;5.82;6.49;9.26;2.86;4.3;6.77;3.36;4.58
2023-04-04;10.67;7.99;5.92;8.73;3.74;4.88;6.32;5.33;5.42
2023-04-05;15.38;9.19;8.77;9.37;10.56;7.31;7.9;8.51;12.44
2023-04-06;17.34;17.27;17.0;13.73;4.39;14.93;9.66;9.48;18.34
