Date;Березовка;Ветлужанка;Кировский;Кубеково;Покровка;Свердловский;Северный;Солнечный;Черемушки
2019-01-01;79.5;79.5;;80.3;77.0;;82.7;74.2;82.0
2019-01-02;79.1;78.7;;82.9;77.9;;83.8;78.9;82.8
2019-01-03;80.1;75.7;;82.1;72.9;;78.4;79.0;82.1
2019-01-04;77.2;78.8;;79.6;75.6;;81.4;79.4;81.5
2019-01-05;78.0;77.0;;78.1;74.2;;79.4;79.3;81.2
2019-01-06;72.4;74.4;;75.9;70.9;;74.2;76.6;72.9
2019-01-07;72.0;69.9;;75.2;67.2;;73.9;71.8;72.6
2019-01-08;54.0;56.5;;59.9;51.5;;54.8;59.9;55.6
2019-01-09;67.9;64.7;;72.6;60.2;;68.0;59.8;68.2
2019-01-10;65.4;66.5;;67.2;62.6;;65.3;70.9;68.9
2019-01-11;76.2;73.7;;75.5;70.1;;76.2;77.6;75.4
2019-01-12;75.3;76.9;;;74.3;;79.8;80.7;78.6
2019-01-13;70.6;71.6;;;67.8;;72.8;74.1;70.9
2019-01-14;78.7;63.7;;84.1;63.2;;70.1;65.0;74.7
2019-01-15;81.8;63.3;;83.4;64.5;;75.8;52.8;76.6
2019-01-16;76.9;58.0;;77.8;53.3;;57.8;58.4;65.9
2019-01-17;76.4;77.1;;79.5;72.5;;77.9;78.5;78.1
2019-01-18;73.1;72.8;;77.7;72.1;;75.1;75.9;74.9
2019-01-19;68.2;54.7;;69.6;50.0;;57.3;54.8;58.0
2019-01-20;50.7;48.5;;53.9;42.7;;47.0;49.7;48.5
2019-01-21;76.9;80.0;;82.2;75.5;;81.7;84.0;78.3
2019-01-22;72.6;74.1;;79.3;68.8;;75.9;73.5;73.9
2019-01-23;74.4;79.3;;77.7;75.2;;78.9;77.8;78.2
2019-01-24;79.3;85.1;;83.7;80.2;;83.7;78.5;86.2
2019-01-25;83.2;81.0;;84.3;79.4;;86.8;74.8;83.9
2019-01-26;60.9;61.4;;67.1;58.3;;61.7;64.6;63.0
2019-01-27;53.4;55.9;;60.4;51.8;;57.7;59.2;59.6
2019-01-28;60.9;63.5;;61.1;59.5;;60.3;65.2;60.8
2019-01-29;63.4;69.7;;67.9;64.5;;68.0;72.4;64.3
2019-01-30;44.9;49.7;;51.0;44.0;;47.8;51.7;47.0
2019-01-31;72.8;71.9;;75.5;67.8;;71.6;74.5;73.5
2019-02-01;73.1;68.0;;64.6;63.6;;65.2;69.6;71.1
2019-02-02;69.9;67.6;;65.5;64.5;;66.8;70.6;68.8
2019-02-03;74.5;72.3;;68.6;66.8;;69.9;72.4;73.8
2019-02-04;73.2;70.0;;65.3;65.5;;69.3;71.2;73.1
2019-02-05;72.8;71.7;;67.6;67.0;;71.5;71.9;73.0
2019-02-06;71.8;71.6;;66.9;67.1;;70.6;72.8;70.5
2019-02-07;73.2;72.2;;67.7;68.3;;72.7;74.0;72.2
2019-02-08;71.6;72.0;;70.2;69.7;;74.6;75.4;73.4
2019-02-09;72.3;72.9;;72.1;70.7;;75.9;75.8;74.4
2019-02-10;70.4;74.2;;72.6;69.2;;74.7;74.6;71.5
2019-02-11;75.8;74.1;;74.4;70.1;;78.6;75.4;73.7
2019-02-12;73.8;74.6;;76.0;73.3;;79.4;69.9;75.7
2019-02-13;76.9;72.0;;79.7;65.7;;69.2;70.5;77.2
2019-02-14;74.2;71.7;;77.3;68.1;;71.0;69.8;73.2
2019-02-15;74.7;72.8;;80.4;70.5;;74.8;71.5;77.7
2019-02-16;57.2;51.9;;65.2;50.5;;54.5;52.5;59.6
2019-02-17;51.4;53.7;;59.3;46.8;;50.5;54.7;53.3
2019-02-18;51.9;38.7;;56.2;34.5;;44.4;39.3;48.6
2019-02-19;49.3;49.3;;55.2;43.6;;47.5;50.2;48.9
2019-02-20;60.4;60.0;;66.5;53.5;49.3;63.0;53.9;61.7
2019-02-21;67.8;62.1;55.1;71.0;58.4;61.5;66.6;54.2;67.2
2019-02-22;61.2;62.2;56.1;65.1;58.5;55.9;62.0;64.9;61.8
2019-02-23;59.3;61.2;54.1;62.1;56.8;53.9;59.5;63.6;59.6
2019-02-24;51.1;50.2;47.4;57.7;46.2;45.9;50.6;53.3;51.2
2019-02-25;46.2;47.1;41.7;51.2;41.3;40.3;46.5;46.8;47.9
2019-02-26;63.1;64.9;59.5;68.1;58.8;57.8;64.1;59.8;63.7
2019-02-27;58.8;61.6;61.8;66.1;57.4;58.9;63.4;59.9;63.9
2019-02-28;61.5;63.6;56.4;65.7;56.5;56.6;61.4;62.9;66.8
2019-03-01;72.8;74.6;70.0;74.6;67.4;69.6;70.5;70.7;72.3
2019-03-02;72.2;71.8;68.1;73.6;65.7;67.4;72.7;72.2;71.8
2019-03-03;80.3;81.0;79.3;81.1;74.4;79.0;81.1;79.8;81.3
2019-03-04;71.7;76.8;73.0;75.7;68.6;73.4;73.4;69.4;73.9
2019-03-05;70.3;69.3;69.9;73.2;63.0;67.9;69.6;63.8;71.8
2019-03-06;52.5;53.1;45.7;50.8;43.3;46.7;45.4;46.9;52.3
2019-03-07;63.6;57.2;56.3;68.5;55.4;57.4;57.7;61.2;63.4
2019-03-08;59.0;60.5;55.1;67.4;54.3;55.7;57.8;61.9;59.1
2019-03-09;58.2;60.7;56.1;63.2;56.1;55.7;58.2;62.7;60.8
2019-03-10;63.9;64.2;59.7;72.5;60.4;58.4;65.4;68.8;63.4
2019-03-11;44.6;45.0;42.3;47.4;40.6;42.8;41.5;37.7;47.1
2019-03-12;58.5;61.6;55.2;63.1;56.3;55.1;59.2;64.4;59.9
2019-03-13;78.8;78.8;76.5;82.6;74.3;75.0;79.6;81.8;78.2
2019-03-14;48.2;50.0;45.0;56.6;45.1;44.8;48.5;52.4;49.5
2019-03-15;49.1;49.4;46.6;56.7;42.2;44.3;49.4;44.8;48.3
2019-03-16;55.7;60.4;57.6;62.9;49.3;50.8;47.0;44.9;58.6
2019-03-17;61.3;59.5;56.6;65.5;55.0;56.5;60.2;63.5;61.6
2019-03-18;74.4;71.8;72.0;77.2;68.9;68.6;77.1;78.6;76.1
2019-03-19;66.6;68.0;64.1;70.9;64.0;63.2;68.1;71.1;68.4
2019-03-20;70.0;77.7;70.9;73.4;68.3;70.3;72.7;75.2;73.6
2019-03-21;65.0;63.0;63.6;70.5;62.6;63.6;68.0;70.5;67.9
2019-03-22;52.5;53.3;53.4;60.0;50.8;51.8;57.6;52.9;56.7
2019-03-23;49.6;49.2;46.4;54.5;44.4;50.3;48.8;52.1;50.7
2019-03-24;67.6;64.3;61.5;69.5;57.9;59.6;64.5;64.2;65.5
2019-03-25;72.2;72.9;68.2;74.4;65.7;67.1;73.5;76.1;72.4
2019-03-26;68.2;68.7;64.4;71.2;60.0;65.6;67.2;69.3;67.7
2019-03-27;60.1;63.8;58.8;62.9;55.1;59.0;61.6;59.8;62.1
2019-03-28;58.0;64.7;58.2;68.6;55.9;56.9;59.0;58.4;60.2
2019-03-29;62.0;61.4;57.1;57.0;55.2;58.2;61.2;64.1;61.7
2019-03-30;50.9;54.6;45.9;;42.8;50.6;49.8;50.6;51.0
2019-03-31;66.0;68.9;64.0;;62.0;64.8;66.3;69.5;67.1
2019-04-01;63.5;65.6;63.3;57.4;55.4;62.7;63.0;61.3;65.5
2019-04-02;49.8;53.7;54.4;55.6;46.0;47.5;51.1;45.4;51.9
2019-04-03;44.1;46.5;43.0;47.4;40.4;43.9;44.1;46.7;47.7
2019-04-04;48.0;46.6;42.7;46.8;36.4;43.0;40.9;38.7;47.7
2019-04-05;47.1;48.9;42.6;49.2;39.4;42.5;43.7;37.8;46.6
2019-04-06;45.3;46.7;42.4;46.9;34.9;42.4;41.0;34.0;46.3
2019-04-07;49.5;51.2;44.0;52.7;40.8;44.7;44.3;43.4;48.9
2019-04-08;50.9;48.7;46.4;54.7;45.7;47.0;49.7;52.4;51.9
2019-04-09;45.9;46.3;44.0;52.5;41.2;41.9;43.8;39.3;47.3
2019-04-10;45.6;48.9;42.3;51.3;41.7;42.3;42.9;37.8;46.9
2019-04-11;36.6;38.5;32.9;39.9;32.3;33.6;36.1;38.5;37.8
2019-04-12;56.5;58.2;52.6;59.3;51.8;53.3;56.3;60.7;56.4
2019-04-13;43.2;42.7;39.0;49.5;37.3;37.1;45.8;45.3;42.5
2019-04-14;61.8;63.5;59.0;63.9;56.7;58.9;56.2;67.1;62.3
2019-04-15;57.1;57.0;52.8;54.8;50.7;52.3;54.8;57.5;57.7
2019-04-16;48.3;45.7;42.8;44.8;39.5;42.1;43.1;44.9;49.2
2019-04-17;42.3;46.2;39.7;47.7;38.5;38.5;41.5;38.9;44.2
2019-04-18;51.3;53.6;50.3;58.7;48.6;52.8;51.6;53.8;53.1
2019-04-19;46.2;51.6;43.3;47.7;45.2;44.7;47.4;50.0;47.9
2019-04-20;42.2;41.7;38.3;46.8;38.0;37.6;40.7;38.5;43.0
2019-04-21;54.9;58.1;52.0;57.8;53.0;51.8;53.9;55.4;56.5
2019-04-22;48.7;51.5;46.6;55.4;46.8;45.4;50.3;53.1;50.9
2019-04-23;42.3;46.2;37.9;46.5;38.3;37.8;39.3;34.6;42.6
2019-04-24;38.8;41.7;37.4;41.6;35.2;36.9;36.1;32.5;41.0
2019-04-25;39.1;42.5;37.2;43.0;36.9;36.5;37.8;34.3;40.8
2019-04-26;59.8;62.9;58.2;66.6;56.7;60.4;61.3;64.0;58.7
2019-04-27;79.4;80.9;80.9;80.7;76.3;82.0;78.1;78.8;75.5
2019-04-28;70.5;72.7;70.5;71.0;67.9;71.4;65.8;65.1;66.9
2019-04-29;84.9;83.3;85.6;82.4;79.9;85.1;86.6;82.4;78.8
2019-04-30;50.8;52.9;49.3;60.6;47.3;48.1;52.9;54.3;49.4
2019-05-01;57.1;58.8;59.3;63.9;52.7;57.1;62.5;60.0;58.0
2019-05-02;54.6;58.0;55.0;58.7;52.4;53.6;55.8;57.4;54.4
2019-05-03;45.0;48.9;42.9;49.2;40.4;42.0;45.2;39.9;44.6
2019-05-04;38.1;43.0;37.2;41.6;34.3;36.0;37.2;29.2;39.5
2019-05-05;30.4;37.3;27.9;39.5;29.4;28.3;29.6;21.6;33.5
2019-05-06;33.8;36.5;30.4;41.3;29.6;30.6;30.3;28.9;35.2
2019-05-07;35.0;35.8;31.4;38.8;29.3;33.0;31.6;31.9;36.3
2019-05-08;44.9;40.5;42.0;43.4;37.4;44.2;41.5;41.1;45.2
2019-05-09;45.6;44.9;39.3;45.6;37.8;39.2;42.0;45.5;42.5
2019-05-10;41.0;41.7;36.5;42.8;35.8;37.3;39.0;41.1;40.4
2019-05-11;47.4;48.7;45.4;51.4;44.5;47.6;46.9;49.6;47.1
2019-05-12;64.9;65.0;60.9;65.9;58.5;61.9;64.6;68.1;59.7
2019-05-13;63.2;61.8;59.0;64.9;57.0;60.0;62.1;65.6;58.5
2019-05-14;65.8;68.8;67.2;65.6;63.4;65.8;64.9;67.3;63.3
2019-05-15;59.2;64.4;59.0;61.3;58.1;56.8;61.2;60.1;57.0
2019-05-16;47.7;48.6;43.8;48.8;42.7;45.3;45.5;47.7;45.9
2019-05-17;47.4;45.6;41.3;48.4;39.2;40.9;40.9;41.4;45.0
2019-05-18;42.6;44.4;39.6;48.3;37.4;37.8;41.1;39.8;42.9
2019-05-19;34.8;37.5;32.3;36.0;27.3;31.8;31.3;28.5;36.0
2019-05-20;45.5;44.9;46.5;58.1;41.4;45.8;46.7;45.8;46.4
2019-05-21;64.4;62.4;63.2;73.6;58.7;63.1;63.5;63.4;62.1
2019-05-22;61.3;64.5;59.7;65.9;57.3;61.1;60.3;64.6;59.5
2019-05-23;69.6;72.7;68.3;70.2;65.6;67.2;65.5;70.6;67.2
2019-05-24;65.5;69.9;67.6;68.2;64.9;69.3;63.4;70.4;64.6
2019-05-25;48.4;51.2;48.9;54.9;44.0;49.1;45.3;50.1;49.7
2019-05-26;38.1;49.8;43.8;44.8;37.1;46.5;36.6;41.1;45.1
2019-05-27;47.9;48.7;46.3;53.9;43.9;49.5;44.8;52.4;48.0
2019-05-28;47.1;54.3;47.5;54.0;44.7;45.0;41.9;46.0;49.2
2019-05-29;47.1;45.0;48.1;52.9;40.7;44.5;44.2;47.0;49.5
2019-05-30;38.0;35.7;35.4;45.4;32.8;35.0;34.3;35.1;39.4
2019-05-31;44.2;47.2;41.2;49.7;40.2;42.6;41.4;50.1;45.2
2019-06-01;55.8;59.2;52.6;60.5;51.3;55.1;52.9;61.8;54.2
2019-06-02;62.5;64.1;57.9;66.7;56.0;59.3;55.8;62.4;58.9
2019-06-03;55.1;56.8;53.7;46.2;51.4;56.8;50.8;58.1;55.6
2019-06-04;48.9;51.8;46.3;51.9;44.8;47.1;42.2;44.4;48.7
2019-06-05;45.0;45.4;40.0;48.0;40.7;40.7;37.2;41.7;44.6
2019-06-06;43.6;46.3;41.8;48.7;43.8;43.1;39.7;41.5;45.2
2019-06-07;42.1;48.8;42.2;43.8;41.3;45.0;36.3;41.4;45.3
2019-06-08;65.5;67.3;64.4;63.1;66.9;65.7;65.5;84.0;63.1
2019-06-09;63.0;63.4;59.2;61.6;62.7;58.7;59.8;;59.0
2019-06-10;64.8;65.4;64.1;65.2;66.5;64.6;62.6;;63.8
2019-06-11;62.6;62.6;61.7;64.2;63.2;60.9;61.6;59.7;61.8
2019-06-12;53.0;55.1;50.4;59.5;54.7;51.8;49.9;57.3;52.4
2019-06-13;48.8;51.7;47.2;54.4;51.6;44.8;45.8;46.6;48.9
2019-06-14;56.1;53.5;51.1;58.1;55.4;53.0;48.4;55.2;52.8
2019-06-15;71.9;72.4;68.9;61.8;71.9;69.2;68.5;76.2;68.0
2019-06-16;80.4;77.7;80.2;74.4;80.0;78.6;78.1;83.2;77.0
2019-06-17;66.6;69.7;70.2;67.8;71.4;72.1;66.4;73.8;67.6
2019-06-18;52.9;57.5;52.4;51.5;55.1;52.3;51.2;53.5;53.1
2019-06-19;48.1;51.6;46.5;46.2;48.8;49.5;45.0;51.1;48.3
2019-06-20;48.6;47.7;45.6;45.3;47.7;46.8;42.9;49.0;48.9
2019-06-21;56.6;54.6;53.7;55.0;56.1;56.0;50.3;53.6;55.1
2019-06-22;57.7;57.6;55.3;53.2;56.7;59.5;52.5;56.8;56.9
2019-06-23;55.5;60.1;57.4;52.4;59.8;59.7;53.7;55.8;57.0
2019-06-24;77.5;76.7;77.7;74.7;78.4;77.9;75.2;81.1;74.5
2019-06-25;84.7;85.5;89.9;79.7;88.6;88.3;84.9;89.5;83.9
2019-06-26;72.1;75.2;71.3;68.2;75.8;71.7;70.8;77.1;68.9
2019-06-27;61.1;63.7;60.2;60.3;61.3;60.2;56.9;61.9;60.3
2019-06-28;60.6;59.8;56.0;56.7;58.9;55.1;55.1;57.0;56.8
2019-06-29;55.1;56.7;52.8;51.8;53.9;53.3;51.2;49.9;54.3
2019-06-30;71.6;76.8;70.9;67.8;76.3;72.7;71.1;76.0;70.1
2019-07-01;83.2;87.3;87.4;75.5;89.8;86.3;86.1;90.5;82.4
2019-07-02;77.2;80.1;78.9;71.4;83.5;79.0;78.0;84.1;76.2
2019-07-03;69.1;72.8;70.9;67.0;74.0;71.2;67.6;74.1;69.0
2019-07-04;71.6;74.3;70.7;70.0;75.6;71.2;70.4;75.4;69.4
2019-07-05;72.7;72.5;73.8;71.5;75.3;74.7;69.3;74.5;71.3
2019-07-06;70.9;74.0;74.0;71.1;76.3;74.9;68.7;74.1;70.1
2019-07-07;63.7;64.1;65.2;61.8;65.8;63.8;60.6;61.6;63.1
2019-07-08;57.6;59.1;56.3;55.5;58.1;54.5;52.9;54.3;57.0
2019-07-09;58.9;58.8;58.3;56.4;60.6;56.6;54.9;56.6;57.5
2019-07-10;68.9;71.2;67.7;64.7;71.6;68.0;65.6;70.2;66.4
2019-07-11;66.8;68.1;64.6;63.2;69.4;64.7;64.3;72.4;64.1
2019-07-12;64.1;63.6;60.7;58.7;64.3;59.7;58.8;67.2;60.6
2019-07-13;62.4;61.6;60.4;;60.2;60.5;55.7;59.8;60.8
2019-07-14;64.2;64.8;62.1;;64.3;60.2;58.2;63.3;62.0
2019-07-15;69.9;73.1;68.5;;74.1;69.8;69.8;75.8;67.1
2019-07-16;74.4;72.4;72.2;;75.2;71.6;73.0;80.5;69.8
2019-07-17;72.8;75.4;72.6;;75.5;72.9;71.0;77.4;71.0
2019-07-18;65.2;62.9;63.9;;64.5;63.8;61.2;66.1;62.7
2019-07-19;74.0;75.7;73.5;;75.9;73.9;70.3;75.7;71.6
2019-07-20;76.2;74.2;75.3;;76.1;74.3;73.6;80.9;72.4
2019-07-21;81.1;80.5;83.1;;85.1;83.0;81.7;85.2;78.2
2019-07-22;81.4;80.5;82.3;;85.0;83.2;80.9;85.9;77.3
2019-07-23;78.0;78.0;77.9;;81.8;77.8;77.4;83.2;74.4
2019-07-24;74.9;76.3;74.5;;79.8;74.8;72.8;77.9;72.0
2019-07-25;78.8;77.8;79.9;;82.6;77.4;78.4;83.4;75.6
2019-07-26;70.1;70.5;69.6;;73.1;70.3;68.5;74.7;67.9
2019-07-27;74.1;74.8;74.5;;78.3;73.1;73.1;77.5;72.4
2019-07-28;67.4;69.5;68.1;;71.1;68.1;64.9;69.1;66.5
2019-07-29;64.9;64.0;64.9;;66.2;62.4;60.1;62.5;63.1
2019-07-30;62.4;65.6;62.7;;63.3;63.8;60.1;61.6;61.7
2019-07-31;69.0;71.2;69.5;;73.1;69.4;66.1;66.9;67.3
2019-08-01;59.3;57.6;57.3;;58.5;55.7;53.0;55.4;56.7
2019-08-02;61.2;62.9;60.2;;59.7;59.7;56.1;56.9;59.3
2019-08-03;67.9;68.8;65.0;;67.4;66.2;61.8;63.2;64.2
2019-08-04;64.8;65.8;64.5;;68.0;64.9;61.9;64.2;63.9
2019-08-05;60.5;64.5;61.7;;62.4;63.7;59.8;63.7;62.0
2019-08-06;77.1;77.6;75.7;;79.9;77.3;77.0;84.3;73.7
2019-08-07;75.9;74.8;74.6;;77.1;73.3;74.1;79.0;72.1
2019-08-08;71.7;70.8;70.3;;73.3;84.5;69.6;73.2;68.1
2019-08-09;69.2;67.5;68.9;;70.2;56.7;66.0;71.1;67.9
2019-08-10;66.7;66.3;66.8;;69.4;68.4;63.1;67.6;65.4
2019-08-11;72.1;68.3;71.8;;72.4;70.7;67.8;72.0;71.4
2019-08-12;75.5;75.8;77.9;;79.6;78.4;73.0;75.4;73.8
2019-08-13;70.9;69.4;70.6;;73.4;70.6;67.3;73.6;68.4
2019-08-14;72.3;73.9;71.8;;78.6;72.5;70.4;78.0;69.8
2019-08-15;69.4;70.5;70.7;;72.0;70.8;68.2;72.2;68.9
2019-08-16;67.5;68.3;67.5;;66.6;67.8;63.1;67.2;65.6
2019-08-17;71.4;75.0;71.3;;72.3;71.4;68.0;71.0;72.0
2019-08-18;74.5;79.1;74.9;;76.2;75.8;72.5;74.1;74.1
2019-08-19;72.7;71.9;71.6;;74.8;71.1;69.8;72.6;70.9
2019-08-20;70.6;76.1;72.6;;75.6;74.2;71.6;71.6;70.4
2019-08-21;71.7;72.7;73.7;;74.7;73.2;71.2;76.8;70.1
2019-08-22;70.5;68.7;71.2;;72.4;70.3;68.6;71.5;68.4
2019-08-23;76.5;79.6;79.6;;79.7;80.3;77.1;81.1;76.0
2019-08-24;80.1;82.1;82.8;;85.7;82.4;81.4;87.5;78.1
2019-08-25;78.6;80.3;81.9;;84.0;82.3;80.1;85.6;77.5
2019-08-26;72.2;72.4;74.0;;72.3;74.0;70.1;72.2;71.6
2019-08-27;;73.2;74.3;;73.8;74.4;51.7;70.6;71.3
2019-08-28;;80.3;83.0;;84.0;82.7;71.0;81.9;78.2
2019-08-29;;71.9;74.9;;75.5;75.1;67.7;74.7;71.8
2019-08-30;;75.1;74.7;;74.1;75.6;62.2;72.3;71.8
2019-08-31;;79.6;84.9;;81.9;82.7;72.9;81.2;80.7
2019-09-01;;75.4;80.3;;77.8;78.8;70.5;76.2;75.6
2019-09-02;;76.6;79.2;;79.9;78.6;66.2;73.9;74.8
2019-09-03;;80.3;83.5;;85.2;83.6;79.0;87.7;78.3
2019-09-04;;74.2;77.3;;78.5;76.8;67.1;76.6;72.9
2019-09-05;;74.6;74.9;;79.9;76.2;60.7;70.0;71.3
2019-09-06;;74.4;76.5;;78.3;76.0;62.6;74.2;74.2
2019-09-07;;71.9;72.8;;70.0;73.2;58.9;64.9;70.5
2019-09-08;;73.5;72.0;;70.2;72.5;59.8;67.3;68.9
2019-09-09;;76.9;77.2;;75.4;77.4;63.2;72.5;72.9
2019-09-10;;83.9;87.5;;87.1;85.6;72.1;84.4;81.1
2019-09-11;;82.1;86.9;;85.7;84.5;70.9;85.6;80.4
2019-09-12;;73.9;73.8;;76.1;74.7;63.6;79.6;70.0
2019-09-13;;83.0;83.7;;85.9;84.7;71.0;87.9;77.7
2019-09-14;;67.3;67.0;;69.6;67.7;56.9;73.1;64.4
2019-09-15;;83.9;84.2;;87.1;83.8;73.6;89.7;78.7
2019-09-16;;84.9;88.7;;89.3;88.8;78.3;89.8;82.6
2019-09-17;;77.1;83.1;;79.7;79.9;72.7;74.6;77.0
2019-09-18;;75.2;78.2;;77.0;77.5;64.2;77.9;72.7
2019-09-19;;70.8;74.9;;74.6;72.5;65.8;74.3;70.9
2019-09-20;;55.1;58.7;;58.9;56.1;50.0;57.3;57.4
2019-09-21;;46.3;45.8;;47.8;47.3;36.3;47.3;46.9
2019-09-22;;69.6;64.6;;65.9;64.6;51.1;56.8;63.6
2019-09-23;;63.6;60.9;;59.3;61.7;45.4;56.0;57.6
2019-09-24;;60.6;56.2;;56.7;57.1;48.2;59.4;55.8
2019-09-25;;61.0;65.9;;64.0;63.3;54.3;58.5;62.6
2019-09-26;;62.3;63.0;;63.1;59.7;52.3;66.8;62.6
2019-09-27;;64.8;61.9;;60.9;61.1;49.1;58.0;59.5
2019-09-28;;77.3;71.8;;73.3;75.2;59.8;73.5;67.7
2019-09-29;;65.2;64.6;;67.3;64.6;55.0;70.0;62.8
2019-09-30;;77.8;78.1;;81.1;78.7;66.5;81.2;73.0
2019-10-01;;79.8;79.4;;82.9;78.3;68.0;83.8;74.4
2019-10-02;;68.3;69.0;;68.3;66.7;55.4;67.5;66.7
2019-10-03;;56.1;56.8;;55.3;53.3;43.8;56.7;54.0
2019-10-04;;56.9;56.1;;53.7;52.5;46.5;47.4;53.2
2019-10-05;;55.5;52.8;;56.8;52.7;44.6;60.6;52.8
2019-10-06;;78.4;80.4;;81.1;80.5;68.5;83.4;75.6
2019-10-07;;69.9;74.3;;72.8;71.6;64.8;72.7;70.5
2019-10-08;;62.6;67.2;;67.3;67.9;53.2;67.5;64.5
2019-10-09;;60.4;59.2;;60.4;59.5;49.2;64.4;59.0
2019-10-10;;56.6;57.8;;57.4;57.5;46.0;55.5;56.6
2019-10-11;;49.9;50.1;;51.0;52.9;40.1;54.7;50.3
2019-10-12;;51.7;48.3;;48.2;52.8;38.5;51.9;48.6
2019-10-13;;55.0;55.5;;53.5;51.4;41.8;48.2;51.1
2019-10-14;;43.9;53.6;;46.8;48.7;44.6;39.5;48.4
2019-10-15;;33.5;34.5;;33.3;32.4;30.8;32.8;38.9
2019-10-16;;56.9;55.0;;55.3;53.7;45.4;54.4;52.9
2019-10-17;;65.4;64.2;;66.7;65.3;54.0;68.1;61.3
2019-10-18;;73.5;68.9;;75.3;69.8;60.2;77.7;65.9
2019-10-19;;77.9;76.1;;79.6;75.8;69.6;85.7;72.7
2019-10-20;;75.1;74.1;;77.1;74.3;67.9;82.6;69.3
2019-10-21;;72.8;72.8;;76.4;73.2;65.7;79.2;66.9
2019-10-22;;66.2;65.3;;69.1;65.3;58.6;72.3;62.1
2019-10-23;;54.7;56.3;;58.0;55.4;47.4;60.9;53.8
2019-10-24;;55.2;52.6;;55.6;52.6;43.4;60.3;52.1
2019-10-25;;73.6;69.8;;74.4;70.3;59.8;76.9;66.2
2019-10-26;;76.3;75.8;;78.9;75.7;66.9;83.4;70.9
2019-10-27;;78.9;78.0;;82.4;77.7;69.8;86.3;72.6
2019-10-28;;82.3;81.4;;85.1;80.8;72.2;87.1;75.4
2019-10-29;;75.3;74.2;;78.0;74.9;65.7;78.9;69.5
2019-10-30;;58.4;57.2;;60.9;58.8;51.8;65.2;56.2
2019-10-31;;83.3;84.2;;86.7;83.8;72.1;88.0;79.0
2019-11-01;;80.5;84.6;;84.2;82.5;74.0;86.9;77.5
2019-11-02;;53.0;51.9;;53.7;51.8;44.1;59.6;51.0
2019-11-03;;52.6;49.5;;54.2;49.9;42.7;58.2;50.2
2019-11-04;;68.0;64.0;;68.4;65.2;55.8;67.9;60.9
2019-11-05;;75.0;73.2;;74.3;75.3;60.2;73.7;68.8
2019-11-06;;66.8;66.7;;69.2;65.5;55.7;71.0;63.0
2019-11-07;;56.3;53.4;;57.9;53.8;45.6;60.8;52.7
2019-11-08;;61.8;57.5;;62.7;58.2;49.6;66.4;55.9
2019-11-09;;78.5;74.0;;80.4;73.4;65.2;84.5;69.3
2019-11-10;;71.6;68.9;;73.9;66.8;59.0;79.6;64.1
2019-11-11;;70.6;69.4;;74.2;68.2;58.3;77.8;64.9
2019-11-12;;66.6;64.3;;68.1;64.4;55.2;74.2;61.1
2019-11-13;;;75.0;;80.1;74.3;64.8;83.6;69.1
2019-11-14;;;68.5;;74.9;69.2;60.8;79.2;64.1
2019-11-15;;;72.3;;76.1;70.4;61.8;79.6;66.8
2019-11-16;;;67.1;;74.0;66.0;59.9;76.5;62.6
2019-11-17;;;64.8;;72.2;66.9;56.7;75.7;60.7
2019-11-18;;;70.5;;74.2;70.1;62.0;81.5;66.9
2019-11-19;;;75.0;;80.5;76.2;69.0;86.1;70.1
2019-11-20;;;76.5;;79.1;76.5;64.5;82.3;70.8
2019-11-21;;;68.5;;74.1;68.2;58.6;76.0;63.4
2019-11-22;;;68.5;;73.9;68.2;61.0;79.9;63.8
2019-11-23;;;65.7;;71.1;66.1;57.7;76.4;61.5
2019-11-24;;;54.7;;59.1;54.8;46.8;65.1;52.9
2019-11-25;;;73.2;;75.9;71.5;62.1;79.7;68.0
2019-11-26;;;82.7;;85.0;80.9;71.3;86.3;74.7
2019-11-27;;;85.1;;86.2;84.4;72.8;87.3;76.6
2019-11-28;;;83.1;;86.9;81.6;73.4;88.6;75.8
2019-11-29;;;75.6;;79.0;74.9;65.9;81.1;69.3
2019-11-30;;;69.5;;74.1;68.9;61.7;78.4;65.2
2019-12-01;;;64.4;;69.0;63.8;59.1;74.9;61.5
2019-12-02;;;54.6;;53.5;52.1;44.4;56.7;53.4
2019-12-03;;;78.3;;82.1;74.7;71.7;73.0;71.4
2019-12-04;;;79.2;;78.3;76.9;71.8;75.8;74.2
2019-12-05;;;82.0;;84.9;82.0;73.0;88.0;75.8
2019-12-06;;;77.9;;73.4;73.6;68.2;71.9;72.1
2019-12-07;;;69.8;;74.2;71.1;62.3;77.7;65.5
2019-12-08;;;72.9;;80.3;73.6;68.0;83.7;68.5
2019-12-09;;;75.5;;79.4;76.0;67.3;80.4;70.5
2019-12-10;;;78.9;;83.1;80.5;70.7;84.5;73.4
2019-12-11;;;75.7;;80.3;75.7;67.0;83.0;70.8
2019-12-12;;;72.6;;76.9;72.5;64.9;79.9;67.7
2019-12-13;;;70.1;;71.6;68.9;61.9;74.7;65.7
2019-12-14;;;78.4;;80.5;79.9;68.1;82.9;72.7
2019-12-15;;;70.1;;76.4;71.3;64.0;78.0;65.5
2019-12-16;;;76.7;69.4;78.6;74.9;67.1;79.7;70.1
2019-12-17;;;69.9;74.1;76.9;70.1;64.6;80.0;65.5
2019-12-18;;;68.7;75.2;76.2;69.7;64.7;80.6;65.9
2019-12-19;;;;81.3;81.6;;69.2;85.6;73.1
2019-12-20;;;;83.5;85.7;;73.0;87.6;77.6
2019-12-21;;;;82.3;87.9;;74.8;90.0;77.8
2019-12-22;;;;78.5;82.9;;69.2;85.9;71.3
2019-12-23;;;;81.6;86.2;;72.7;87.6;74.3
2019-12-24;;;;84.0;84.6;;72.8;85.2;76.4
2019-12-25;;;;78.5;79.0;;65.8;80.9;70.0
2019-12-26;;;;70.3;74.7;;63.6;78.0;64.7
2019-12-27;;;;69.3;74.8;;61.6;75.2;65.7
2019-12-28;;;;72.6;78.1;;66.5;78.4;68.2
2019-12-29;;;;76.1;79.9;;68.7;80.3;70.4
2019-12-30;;;;81.2;84.0;;72.8;84.1;72.1
2019-12-31;;;;85.3;86.5;;77.0;88.1;79.3
2020-01-01;;;;85.2;77.2;;72.1;79.6;72.8
2020-01-02;;;;77.3;79.2;;67.7;83.7;68.1
2020-01-03;;;;68.6;71.6;;60.6;75.0;62.9
2020-01-04;;;;74.1;77.1;;65.6;79.7;67.8
2020-01-05;;;;69.9;65.8;;56.7;69.2;58.8
2020-01-06;;;;71.3;68.2;;58.7;72.8;60.8
2020-01-07;;;;72.8;58.1;;57.1;60.4;61.5
2020-01-08;;;;76.1;77.6;;64.6;80.5;68.5
2020-01-09;;;;83.2;86.1;;72.6;87.0;77.4
2020-01-10;;;;82.3;85.5;;72.4;86.8;76.6
2020-01-11;;;;80.1;83.7;;70.9;85.1;74.5
2020-01-12;;;;80.2;83.1;;71.5;83.7;75.9
2020-01-13;;;;84.0;74.0;;68.8;70.1;74.2
2020-01-14;;;;85.8;78.8;;65.7;80.7;71.7
2020-01-15;;;;74.1;66.8;;55.3;70.3;58.8
2020-01-16;;;;71.4;70.6;;58.8;74.8;62.6
2020-01-17;;;;60.5;62.6;;50.3;66.2;55.0
2020-01-18;;;;69.1;73.6;;58.8;76.5;64.3
2020-01-19;;;;68.7;69.4;;56.8;73.5;59.9
2020-01-20;;;;64.8;68.8;;54.2;71.7;59.2
2020-01-21;;;;59.0;60.8;;48.1;66.2;52.1
2020-01-22;;;;73.7;73.8;;62.9;77.5;63.9
2020-01-23;;;;78.8;78.7;;68.0;78.3;70.6
2020-01-24;;;;73.2;71.9;;59.1;76.1;64.3
2020-01-25;;;;55.7;53.1;;41.5;57.4;48.9
2020-01-26;;;;67.5;68.9;;56.8;71.2;62.2
2020-01-27;;;;68.7;64.4;;52.3;62.7;56.8
2020-01-28;;;;74.0;70.5;;58.1;66.1;67.2
2020-01-29;;;;79.0;77.8;;63.4;80.1;68.2
2020-01-30;;;;64.0;66.8;;53.1;69.1;58.3
2020-01-31;;;;71.8;74.6;;60.0;74.6;64.4
2020-02-01;;;;74.9;78.6;;63.4;77.3;67.4
2020-02-02;;;;76.3;80.7;;68.7;82.3;69.2
2020-02-03;;;;73.2;75.6;;61.4;78.5;64.1
2020-02-04;;;;80.5;82.2;;69.4;81.8;73.2
2020-02-05;;;;84.7;84.7;;71.6;87.7;78.4
2020-02-06;;;;84.6;88.2;;73.9;84.4;81.5
2020-02-07;;;;70.5;63.9;;54.5;65.4;61.9
2020-02-08;;;;77.6;77.9;;65.7;80.6;69.9
2020-02-09;;;;70.7;72.2;;58.9;75.6;64.9
2020-02-10;;;;82.0;87.1;;73.9;89.6;78.5
2020-02-11;;;;74.4;75.2;;63.0;77.9;66.5
2020-02-12;;;;71.2;70.7;;59.7;75.6;59.5
2020-02-13;;;;76.4;74.3;;65.1;78.4;65.0
2020-02-14;;;;78.8;77.4;;67.1;74.5;71.5
2020-02-15;;;;80.9;81.0;;70.9;74.2;72.4
2020-02-16;;;;84.9;85.2;;74.2;85.2;76.4
2020-02-17;;;;84.1;87.4;;75.5;86.6;79.1
2020-02-18;;;;84.3;87.5;;75.5;88.0;78.9
2020-02-19;;;;74.4;71.7;;60.2;75.1;64.5
2020-02-20;;;;70.1;71.6;;59.0;75.8;63.1
2020-02-21;;;;69.3;68.5;;57.0;75.3;60.3
2020-02-22;;;;82.2;83.8;;68.8;86.5;74.4
2020-02-23;;;;80.8;83.3;;67.8;85.9;75.0
2020-02-24;;;;78.3;79.3;;64.8;83.9;71.5
2020-02-25;;;;78.5;80.4;;66.8;82.1;71.9
2020-02-26;;;;82.2;83.6;;67.5;82.9;75.9
2020-02-27;;;;77.7;78.5;;64.8;80.1;70.5
2020-02-28;;;;78.3;79.3;;65.6;82.5;68.9
2020-02-29;;;;78.7;82.4;;66.8;84.8;72.6
2020-03-01;;;;74.3;74.0;;62.4;78.3;67.3
2020-03-02;;;;70.4;73.3;;59.5;74.9;65.0
2020-03-03;;;;73.4;67.6;;57.2;70.5;63.6
2020-03-04;;;;79.5;78.5;;65.8;81.0;71.4
2020-03-05;;;;71.0;73.1;;60.0;78.9;64.8
2020-03-06;;;;77.1;77.8;;63.8;80.5;68.2
2020-03-07;;;;69.7;72.6;;58.7;73.9;64.7
2020-03-08;;;;67.6;67.9;;55.2;71.0;57.7
2020-03-09;;;;72.3;76.7;;63.4;79.5;63.6
2020-03-10;;;;76.9;81.3;;67.6;82.9;71.7
2020-03-11;;;;67.5;70.7;;58.2;73.9;63.9
2020-03-12;;;;65.2;66.4;;53.3;71.3;57.8
2020-03-13;;;;66.1;62.1;;49.9;66.8;56.5
2020-03-14;;;;66.9;60.6;;49.1;56.3;57.9
2020-03-15;;;;66.0;63.9;;49.7;67.7;57.5
2020-03-16;;;;60.2;57.4;;44.9;62.2;52.0
2020-03-17;;;;49.7;46.1;;36.2;51.2;44.5
2020-03-18;;;;58.8;58.8;;46.4;61.6;52.3
2020-03-19;;;;69.8;73.3;;57.8;74.4;63.5
2020-03-20;;;;71.6;77.1;;61.3;81.1;65.3
2020-03-21;;;;51.4;46.3;;36.4;52.7;41.8
2020-03-22;;;;53.3;43.1;;35.8;46.6;42.3
2020-03-23;;;;54.9;56.2;;43.4;60.4;52.4
2020-03-24;;;;59.6;60.1;;46.1;63.4;53.7
2020-03-25;;;;61.2;65.4;;50.2;68.0;55.7
2020-03-26;;;;45.6;56.8;;44.3;61.8;50.5
2020-03-27;;;;28.5;26.7;;16.6;30.8;28.5
2020-03-28;;;;64.5;62.8;;50.4;70.8;55.7
2020-03-29;;;;67.3;70.0;;55.4;73.4;62.7
2020-03-30;;;;60.9;63.3;;49.7;66.2;56.8
2020-03-31;;;;43.2;43.4;;32.4;47.5;41.3
2020-04-01;;;;51.5;45.5;;35.2;47.7;43.4
2020-04-02;;;;48.7;45.4;;35.3;34.9;45.9
2020-04-03;;;;61.7;51.0;;42.6;50.0;53.0
2020-04-04;;;;56.4;52.4;;41.9;56.3;50.6
2020-04-05;;;;45.4;42.1;;33.3;42.5;45.5
2020-04-06;;;;38.2;38.5;;29.5;40.9;43.4
2020-04-07;;;;57.2;56.3;;43.7;51.9;52.9
2020-04-08;;;;55.2;54.7;;43.5;52.7;52.7
2020-04-09;;;;68.3;72.0;;58.8;76.6;63.8
2020-04-10;;;;80.2;83.0;;64.6;81.9;76.7
2020-04-11;;;;60.9;61.3;;46.7;58.9;57.4
2020-04-12;;;;48.9;46.5;;36.0;48.0;47.5
2020-04-13;;;31.0;34.8;35.6;;27.0;38.2;40.2
2020-04-14;;;;30.9;26.4;;17.4;28.8;32.2
2020-04-15;;;;41.7;39.7;;27.9;34.4;41.6
2020-04-16;;46.0;;55.1;54.9;;41.1;55.6;55.6
2020-04-17;;76.5;;80.8;80.0;;62.9;81.4;73.9
2020-04-18;;60.7;;62.5;62.4;;47.9;61.4;61.9
2020-04-19;;42.1;;40.0;41.7;;31.1;43.1;43.7
2020-04-20;;22.4;;26.1;24.5;;15.2;27.2;28.9
2020-04-21;;27.4;20.0;29.9;25.4;19.1;16.4;26.6;31.1
2020-04-22;16.3;31.4;29.8;30.2;30.3;26.3;17.3;22.2;32.4
2020-04-23;26.0;32.0;31.2;34.5;31.6;27.2;20.1;21.7;33.0
2020-04-24;30.9;23.6;34.0;41.9;29.2;28.1;18.9;27.3;36.0
2020-04-25;26.1;26.3;32.5;35.7;28.2;31.3;22.3;30.6;33.9
2020-04-26;57.0;56.5;56.8;60.2;59.5;54.6;46.9;62.4;56.8
2020-04-27;50.4;50.1;52.4;53.7;51.6;51.8;38.3;48.6;66.0
2020-04-28;44.1;45.4;46.8;50.0;45.8;44.7;33.3;41.7;
2020-04-29;49.8;49.0;50.8;56.7;52.3;49.0;41.0;52.7;
2020-04-30;51.5;51.9;52.8;57.4;55.6;50.3;44.2;59.6;51.7
2020-05-01;57.0;56.3;57.9;60.0;59.4;;45.9;60.7;57.2
2020-05-02;64.2;66.9;66.0;71.3;69.5;;54.3;71.7;64.4
2020-05-03;52.8;56.4;54.6;60.0;58.6;;45.8;61.2;53.6
2020-05-04;45.4;54.2;52.3;52.1;52.2;;38.5;48.8;49.5
2020-05-05;67.5;74.3;70.4;73.4;76.4;;59.3;78.5;69.3
2020-05-06;52.6;54.8;55.3;55.9;57.8;;43.4;60.1;54.1
2020-05-07;72.8;75.1;73.6;74.9;77.0;;61.0;80.4;73.1
2020-05-08;60.1;61.0;58.6;62.9;62.3;;49.3;64.2;58.1
2020-05-09;54.6;57.5;57.4;64.3;60.8;;44.9;51.7;54.6
2020-05-10;43.9;37.5;46.8;53.3;40.3;;27.2;38.1;45.7
2020-05-11;46.6;50.7;46.7;53.9;47.0;;34.4;41.4;45.0
2020-05-12;52.4;54.8;54.7;58.3;54.9;;38.6;44.4;54.0
2020-05-13;41.7;44.6;43.3;45.9;39.9;;26.8;36.6;43.5
2020-05-14;81.0;80.1;81.6;79.0;83.3;;66.9;84.4;82.1
2020-05-15;58.2;55.6;62.0;64.2;64.0;;49.0;63.0;60.3
2020-05-16;41.4;47.1;44.6;49.7;44.3;;35.1;47.5;42.9
2020-05-17;49.4;52.9;50.9;57.3;53.2;;41.3;53.0;50.5
2020-05-18;50.7;52.1;55.1;56.7;51.2;;37.2;47.8;49.9
2020-05-19;52.4;54.0;;55.4;51.9;;41.4;52.4;52.5
2020-05-20;47.3;49.1;;52.0;46.0;;35.2;42.5;46.1
2020-05-21;40.6;44.2;;45.4;43.0;;33.8;43.1;41.9
2020-05-22;36.9;38.9;;41.2;35.0;;25.5;31.7;36.5
2020-05-23;37.7;41.5;;42.5;38.0;;27.3;34.8;37.6
2020-05-24;52.4;55.3;;59.1;57.4;;44.6;58.5;53.3
2020-05-25;52.3;53.9;;56.2;55.7;;47.1;56.8;51.7
2020-05-26;77.4;78.6;;76.9;79.5;;64.5;79.9;78.5
2020-05-27;67.5;69.9;;67.6;71.6;;57.5;67.0;68.6
2020-05-28;67.3;74.4;;68.2;72.6;;58.2;73.4;69.8
2020-05-29;56.8;;;63.9;62.0;;46.4;59.6;57.6
2020-05-30;61.2;;;71.6;64.2;;52.9;66.6;60.8
2020-05-31;74.4;;;77.9;82.3;;64.4;81.2;75.9
2020-06-01;69.2;;;73.9;72.8;;58.2;74.6;69.1
2020-06-02;68.4;;;72.9;73.2;;57.9;71.6;70.4
2020-06-03;74.4;;;76.4;77.9;;61.1;78.3;74.3
2020-06-04;64.6;;;67.8;68.7;;51.9;67.1;64.6
2020-06-05;85.6;;;82.7;86.9;;68.1;82.9;85.6
2020-06-06;78.4;;;72.2;82.3;;64.2;76.4;83.5
2020-06-07;73.7;;;74.1;80.5;;60.9;77.0;77.0
2020-06-08;63.3;;;64.4;66.5;;49.2;63.5;64.7
2020-06-09;81.4;;;78.7;85.2;;69.8;84.4;84.0
2020-06-10;78.1;;;78.4;83.4;;66.2;84.4;78.4
2020-06-11;76.4;;;73.0;71.8;;59.6;71.6;68.8
2020-06-12;;;;64.2;63.1;;59.1;63.6;60.7
2020-06-13;;;;62.6;59.3;;53.4;59.9;54.3
2020-06-14;;;;63.2;57.3;;50.0;54.5;53.4
2020-06-15;;;;64.2;65.9;;61.7;66.4;64.7
2020-06-16;;;;60.2;58.3;;53.4;59.2;56.5
2020-06-17;;;;64.0;62.6;;58.9;63.9;62.2
2020-06-18;;;;58.9;56.7;;53.5;57.4;58.6
2020-06-19;;;;78.7;84.5;;78.9;83.1;80.9
2020-06-20;;;;83.6;90.9;;85.4;89.3;87.4
2020-06-21;;;;84.9;90.4;;85.7;90.5;88.9
2020-06-22;;;;76.9;74.2;;70.9;75.6;72.3
2020-06-23;;;;68.5;69.3;;61.0;63.0;64.9
2020-06-24;;;;66.9;66.2;;60.9;60.7;62.4
2020-06-25;;;;76.6;75.5;;68.5;72.7;74.4
2020-06-26;;;;75.3;74.4;;68.2;70.9;72.5
2020-06-27;;;;84.0;86.9;;84.2;87.8;86.0
2020-06-28;;;;72.9;72.8;;70.1;74.9;69.9
2020-06-29;;;;66.4;63.9;;59.5;65.5;61.5
2020-06-30;;;;71.9;70.3;;66.3;70.6;68.8
2020-07-01;;;;72.1;69.1;;66.4;72.0;69.3
2020-07-02;;;;58.6;59.7;;56.3;60.5;61.4
2020-07-03;;;;63.9;63.6;;58.1;62.9;62.3
2020-07-04;;;;77.6;75.4;;68.2;73.3;71.9
2020-07-05;;;;80.4;84.1;;78.7;80.4;79.9
2020-07-06;;;;86.3;88.4;;82.5;84.9;83.4
2020-07-07;;;;;77.3;;71.5;75.4;73.4
2020-07-08;;;;;63.8;;58.6;63.8;60.9
2020-07-09;;;;;82.2;;75.4;80.7;76.9
2020-07-10;;;;;94.1;;88.8;90.9;91.7
2020-07-11;;;;;75.2;;70.6;76.4;71.0
2020-07-12;;;;;72.0;;65.7;67.3;68.3
2020-07-13;;;;;72.9;;66.9;69.6;71.1
2020-07-14;;;;;78.6;;73.2;75.7;78.7
2020-07-15;;;;;65.9;;61.9;66.5;62.5
2020-07-16;;;;;62.3;;57.6;63.8;58.2
2020-07-17;;;;;66.8;;63.7;70.5;65.3
2020-07-18;;;;;64.0;;60.5;65.2;61.5
2020-07-19;;;;;65.3;;61.1;64.8;62.3
2020-07-20;;;;;65.1;;61.3;63.7;62.1
2020-07-21;;;;;83.3;;78.8;81.7;79.4
2020-07-22;;;;;80.8;;75.0;80.8;76.8
2020-07-23;;;;;65.6;;60.2;65.4;63.5
2020-07-24;;;;;65.2;;60.1;65.1;61.6
2020-07-25;;;;;78.2;;73.7;74.6;75.9
2020-07-26;;;;;87.6;;85.2;88.4;85.4
2020-07-27;;;;;83.7;;76.5;79.6;82.4
2020-07-28;;;;;79.0;;71.8;73.5;74.7
2020-07-29;;;;;78.6;;71.1;72.9;71.9
2020-07-30;;;;;76.1;;68.8;72.8;73.3
2020-07-31;;;;;84.8;;80.8;84.9;83.0
2020-08-01;;;;;93.4;;88.0;91.2;91.1
2020-08-02;;;;;83.2;;79.2;84.2;81.1
2020-08-03;;;;;74.2;;70.6;73.4;74.1
2020-08-04;;;;;78.9;;74.1;75.3;78.9
2020-08-05;;;;;82.0;;77.2;76.7;82.5
2020-08-06;;;58.6;;79.8;68.6;72.3;75.2;75.6
2020-08-07;81.8;;77.1;82.0;91.1;87.6;86.2;89.9;88.5
2020-08-08;75.8;;71.2;75.6;80.3;77.2;73.9;77.2;79.3
2020-08-09;74.0;;64.1;72.8;74.1;69.2;68.0;64.2;72.5
2020-08-10;69.8;;61.4;67.8;69.0;67.4;64.7;63.9;68.9
2020-08-11;65.0;;58.0;64.8;62.7;65.1;60.3;59.6;66.2
2020-08-12;66.8;;60.8;65.9;69.1;69.4;63.5;62.2;67.5
2020-08-13;75.7;;68.9;75.0;76.7;76.1;71.3;70.6;75.9
2020-08-14;75.4;;68.5;75.8;79.8;75.1;73.9;76.6;77.2
2020-08-15;78.4;;66.8;75.8;77.9;75.0;73.6;77.0;76.2
2020-08-16;76.4;;67.1;73.9;78.6;76.0;72.3;76.8;74.3
2020-08-17;63.2;;53.5;60.6;58.9;63.2;57.3;60.2;62.4
2020-08-18;74.2;;62.6;69.6;70.9;70.9;67.2;67.7;71.4
2020-08-19;86.9;;77.8;85.3;88.5;85.9;84.5;87.3;86.1
2020-08-20;67.0;;59.1;71.8;68.1;65.5;68.2;69.5;66.2
2020-08-21;74.2;;66.2;73.0;77.8;75.6;72.4;65.9;74.5
2020-08-22;79.5;;70.8;77.5;82.5;81.5;76.7;80.0;79.8
2020-08-23;70.8;;64.0;68.8;69.9;71.4;64.3;67.0;70.2
2020-08-24;82.6;;81.1;82.9;87.2;86.1;82.5;85.3;84.8
2020-08-25;75.2;;72.0;73.1;78.0;76.8;73.3;75.3;77.8
2020-08-26;79.0;;70.1;73.0;81.3;79.4;76.9;79.1;79.7
2020-08-27;75.6;;69.5;74.3;77.1;73.7;71.8;74.3;77.1
2020-08-28;82.7;;76.2;81.1;86.8;80.6;81.5;83.3;83.0
2020-08-29;75.7;;67.0;75.8;77.7;76.2;72.2;72.9;75.2
2020-08-30;81.4;;75.8;82.9;87.1;81.7;81.3;78.8;83.8
2020-08-31;75.6;;67.4;73.8;77.1;75.2;73.6;77.5;75.3
2020-09-01;70.0;;63.4;72.9;73.7;69.0;69.2;71.0;71.7
2020-09-02;74.0;;64.8;73.8;77.8;72.2;73.2;78.9;73.4
2020-09-03;70.2;;61.8;73.8;72.8;68.8;70.8;74.5;70.0
2020-09-04;75.6;;65.6;79.6;76.4;74.6;74.3;77.6;75.9
2020-09-05;72.9;;64.4;75.4;77.2;73.5;72.4;76.0;73.9
2020-09-06;69.4;;60.5;69.7;69.2;68.5;68.2;69.6;70.5
2020-09-07;83.6;;76.0;80.2;86.4;85.1;81.9;82.4;85.7
2020-09-08;78.7;;71.4;80.7;78.5;79.4;75.7;75.9;79.3
2020-09-09;75.9;;66.8;75.1;77.1;75.5;73.0;72.5;78.5
2020-09-10;78.9;70.9;75.4;76.7;81.1;78.6;75.1;75.1;80.5
2020-09-11;76.3;75.3;68.9;72.2;76.4;74.3;70.4;70.8;76.5
2020-09-12;74.7;76.4;72.3;74.4;76.4;75.1;69.7;66.4;76.0
2020-09-13;76.9;76.8;74.4;74.8;77.5;77.2;71.6;68.7;77.8
2020-09-14;73.4;72.1;68.4;73.8;72.1;71.2;69.1;66.9;73.5
2020-09-15;72.2;73.6;70.5;71.8;73.1;73.3;70.5;68.4;74.1
2020-09-16;68.8;75.5;69.3;68.9;71.6;75.4;69.1;67.4;71.3
2020-09-17;71.4;77.5;73.9;68.4;71.3;75.6;70.4;64.1;76.2
2020-09-18;70.4;76.1;70.4;73.5;72.6;72.5;69.7;69.3;74.7
2020-09-19;67.2;69.9;59.1;70.4;71.0;66.7;67.7;73.4;65.7
2020-09-20;79.0;80.4;76.6;78.2;81.2;78.9;79.0;81.3;79.0
2020-09-21;72.0;74.8;72.2;70.6;74.6;76.4;72.7;70.5;72.6
2020-09-22;65.7;71.5;69.9;67.8;68.9;73.7;66.1;66.6;72.5
2020-09-23;71.3;75.8;68.4;70.3;71.9;73.6;67.7;68.5;71.7
2020-09-24;70.3;72.2;67.8;72.1;72.7;72.2;71.4;73.8;72.3
2020-09-25;79.4;79.9;75.0;77.6;82.4;79.1;79.3;83.6;79.3
2020-09-26;75.7;77.1;70.6;75.3;80.2;74.6;76.3;82.7;75.5
2020-09-27;81.5;81.4;79.1;79.5;85.8;82.5;81.2;87.1;81.8
2020-09-28;73.5;74.1;70.7;71.4;74.8;74.7;70.8;75.0;74.3
2020-09-29;83.1;80.3;83.5;80.8;85.4;82.4;80.7;82.5;85.2
2020-09-30;76.5;73.4;73.0;72.4;78.6;76.9;72.8;74.9;76.7
2020-10-01;83.7;80.9;80.8;79.6;87.0;83.3;82.8;86.5;83.7
2020-10-02;80.3;80.3;78.3;79.0;86.8;82.2;80.7;85.4;81.7
2020-10-03;68.4;67.7;64.7;74.2;73.9;68.5;68.3;72.2;68.8
2020-10-04;57.5;54.9;55.4;62.0;53.7;54.2;58.1;52.0;56.3
2020-10-05;68.2;70.6;69.9;68.6;71.7;65.7;71.9;64.4;71.9
2020-10-06;87.4;85.6;87.9;82.5;90.6;87.1;86.0;90.1;88.0
2020-10-07;75.5;77.9;71.6;71.2;79.6;75.1;73.8;80.8;74.7
2020-10-08;73.7;72.6;68.1;70.3;76.0;72.5;70.6;77.0;72.6
2020-10-09;70.8;71.9;63.5;69.2;74.9;69.1;69.7;77.3;69.1
2020-10-10;76.5;83.4;73.3;76.6;88.0;79.2;79.5;86.4;76.5
2020-10-11;75.8;72.6;67.7;72.2;76.3;71.5;72.1;79.4;72.8
2020-10-12;72.9;79.8;74.5;70.7;81.4;79.4;75.7;80.7;76.4
2020-10-13;81.1;82.7;76.9;81.0;85.6;81.2;84.2;88.4;80.0
2020-10-14;81.5;81.6;78.3;79.4;86.1;81.4;80.9;87.6;81.3
2020-10-15;70.7;73.7;67.5;71.1;77.0;71.8;71.3;77.1;71.0
2020-10-16;80.8;81.1;76.3;76.1;83.0;79.4;79.2;84.7;78.4
2020-10-17;65.7;64.5;60.1;68.2;67.4;64.3;65.8;68.4;63.9
2020-10-18;48.0;47.9;41.0;52.3;48.9;45.1;46.3;52.4;45.3
2020-10-19;61.5;61.8;56.8;62.3;64.8;61.9;59.4;67.3;61.7
2020-10-20;69.3;72.6;64.6;69.5;75.4;70.7;69.5;76.5;68.9
2020-10-21;68.1;70.6;60.8;72.6;72.4;67.2;68.4;73.9;66.7
2020-10-22;43.7;45.0;36.9;58.0;45.6;44.1;48.2;48.0;43.2
2020-10-23;56.3;57.6;49.3;58.0;58.4;54.4;54.4;61.7;54.2
2020-10-24;68.1;68.0;61.1;67.4;68.7;65.2;65.2;71.3;66.4
2020-10-25;72.8;72.7;67.7;70.7;74.8;71.9;71.1;76.2;72.6
2020-10-26;76.4;81.3;71.4;76.8;80.7;79.2;76.5;83.2;74.8
2020-10-27;79.7;78.1;70.1;84.3;81.2;79.8;77.6;83.6;75.4
2020-10-28;63.3;65.7;65.9;68.4;68.7;71.5;66.5;66.2;68.9
2020-10-29;60.2;62.4;53.8;59.8;64.0;59.9;60.3;67.5;59.3
2020-10-30;56.2;71.3;63.0;69.7;73.5;69.3;69.1;76.3;66.8
2020-10-31;;84.5;81.7;79.1;88.4;84.6;84.0;88.8;84.0
2020-11-01;;84.7;84.8;84.4;89.4;87.9;88.2;91.1;86.2
2020-11-02;;76.5;67.7;79.7;79.7;74.8;74.8;81.0;71.8
2020-11-03;;75.9;68.6;74.6;78.9;74.7;74.8;82.8;73.3
2020-11-04;;76.0;69.8;74.9;79.9;74.9;75.7;82.8;74.4
2020-11-05;81.4;82.7;78.2;79.8;88.3;81.7;82.5;88.7;81.1
2020-11-06;77.5;76.1;72.7;73.3;79.8;76.4;75.0;81.8;76.6
2020-11-07;82.6;81.3;75.2;80.7;83.8;79.4;80.0;84.9;79.5
2020-11-08;71.4;66.2;57.2;79.5;68.2;65.8;66.6;69.4;61.4
2020-11-09;53.0;52.7;45.7;64.1;54.1;52.4;52.5;56.4;49.6
2020-11-10;55.9;55.9;48.9;57.3;57.8;54.6;54.1;60.3;53.6
2020-11-11;61.4;61.5;55.0;64.3;63.3;58.3;60.0;67.0;58.8
2020-11-12;53.2;53.4;43.9;56.9;52.2;49.5;51.3;56.1;49.2
2020-11-13;69.4;70.2;64.2;73.7;72.4;68.8;70.8;77.8;67.8
2020-11-14;72.0;76.7;68.5;75.5;76.4;72.2;76.4;73.9;70.4
2020-11-15;85.6;82.8;85.3;82.3;87.6;83.9;85.3;88.0;86.1
2020-11-16;89.0;86.9;84.6;82.7;90.0;87.8;88.3;88.8;87.3
2020-11-17;89.5;85.7;84.5;82.8;89.5;87.0;87.1;86.4;88.1
2020-11-18;79.7;76.3;69.6;75.6;81.7;74.8;77.2;80.3;75.3
2020-11-19;73.8;74.3;64.6;74.8;77.4;70.7;75.1;80.8;70.1
2020-11-20;71.3;72.7;;71.8;75.6;69.6;72.2;78.6;68.8
2020-11-21;72.0;73.5;;70.6;75.7;70.8;71.8;78.4;70.0
2020-11-22;74.2;70.6;;67.8;73.9;70.3;70.3;74.9;71.0
2020-11-23;77.3;76.1;;72.3;78.6;73.6;74.9;81.5;73.7
2020-11-24;78.7;76.4;;72.5;76.3;75.2;72.5;81.7;75.7
2020-11-25;75.6;74.3;;66.9;73.9;70.7;70.4;78.4;72.2
2020-11-26;78.1;79.9;;68.7;79.3;78.0;74.0;77.8;75.1
2020-11-27;84.2;83.7;;77.5;86.2;84.3;85.6;84.9;81.7
2020-11-28;85.1;82.3;;78.6;85.8;83.9;84.5;86.0;81.5
2020-11-29;84.1;82.9;;77.7;85.2;84.7;83.8;85.3;81.4
2020-11-30;82.3;80.3;;78.9;84.2;80.0;83.3;84.3;80.6
2020-12-01;77.6;75.7;;74.1;79.6;73.0;76.1;80.6;74.1
2020-12-02;80.5;76.3;68.4;75.1;79.1;74.8;76.6;80.7;76.3
2020-12-03;74.2;72.1;71.9;74.6;76.3;71.4;72.9;76.4;76.9
2020-12-04;76.6;71.5;68.6;68.8;74.9;69.4;71.2;76.7;75.0
2020-12-05;78.9;73.6;70.4;72.2;77.2;74.2;74.2;79.3;76.3
2020-12-06;72.5;72.4;63.7;69.4;75.3;69.3;71.1;78.0;70.7
2020-12-07;65.8;66.5;57.6;63.6;70.1;64.5;65.4;72.6;64.4
2020-12-08;70.1;74.1;62.9;69.4;75.4;69.6;71.8;78.5;68.7
2020-12-09;68.6;66.2;59.4;64.3;70.3;66.3;66.4;72.4;65.8
2020-12-10;77.3;78.6;73.1;74.0;82.5;78.0;78.3;82.2;77.6
2020-12-11;80.1;73.9;73.4;73.5;79.4;76.7;77.5;81.8;78.0
2020-12-12;78.0;72.9;69.3;75.4;76.8;74.0;76.5;79.8;75.0
2020-12-13;80.6;78.5;74.3;79.4;82.2;77.8;81.2;85.3;77.4
2020-12-14;74.4;73.6;65.7;70.9;76.1;72.1;72.0;78.1;71.2
2020-12-15;77.1;76.2;71.1;71.4;78.8;75.3;74.0;79.9;76.3
2020-12-16;75.9;75.4;71.0;69.5;77.7;76.3;74.2;79.0;75.7
2020-12-17;80.8;78.8;76.2;76.9;81.9;79.0;79.8;83.1;80.2
2020-12-18;63.6;66.7;57.0;64.7;67.4;61.8;63.6;70.8;62.0
2020-12-19;51.1;51.5;44.9;52.8;53.5;50.0;50.0;56.7;49.4
2020-12-20;70.0;66.3;61.3;69.2;67.6;64.8;65.5;72.3;65.3
2020-12-21;72.2;71.7;66.0;71.3;73.7;70.5;70.0;78.1;70.8
2020-12-22;62.7;63.5;55.7;59.9;65.8;62.4;61.3;68.4;61.5
2020-12-23;65.2;65.9;59.6;65.0;67.8;65.5;65.4;72.4;65.5
2020-12-24;78.3;79.9;74.5;76.7;81.2;79.0;78.7;84.3;77.7
2020-12-25;74.3;72.5;64.2;67.2;74.0;69.9;70.1;80.3;69.7
2020-12-26;73.7;64.9;63.5;60.2;69.6;69.2;65.4;71.8;69.0
2020-12-27;73.2;68.8;65.6;61.3;72.4;72.8;69.5;70.4;72.2
2020-12-28;72.4;68.8;68.6;64.4;74.1;73.8;72.1;73.3;73.3
2020-12-29;71.5;70.8;70.1;67.0;75.1;74.9;73.4;75.7;74.2
2020-12-30;72.6;73.8;70.5;69.8;77.5;76.9;74.8;77.5;73.9
2020-12-31;79.0;78.8;74.1;73.7;80.5;80.7;77.7;81.8;78.7
2021-01-01;;78.5;75.0;71.4;79.9;80.0;78.0;81.0;79.2
2021-01-02;;74.0;73.5;69.0;77.2;77.8;75.6;78.2;77.0
2021-01-03;;71.2;67.6;66.7;75.8;74.0;72.4;77.3;73.0
2021-01-04;;66.8;61.2;63.6;71.4;67.7;68.7;75.5;67.5
2021-01-05;;67.2;64.5;64.9;72.3;69.0;69.2;74.5;71.5
2021-01-06;;70.4;63.1;67.8;73.2;68.9;70.9;77.3;70.4
2021-01-07;78.2;73.7;72.1;67.6;73.3;74.9;72.1;75.7;76.3
2021-01-08;78.2;75.4;75.9;71.8;79.3;77.8;76.9;80.7;78.7
2021-01-09;79.2;72.0;72.8;73.5;77.2;75.9;77.3;78.2;76.1
2021-01-10;70.6;73.8;64.3;70.2;74.1;70.2;71.4;79.1;69.2
2021-01-11;73.8;72.1;65.6;70.1;73.6;70.0;70.0;78.3;71.0
2021-01-12;78.3;74.4;70.9;69.0;74.8;74.3;73.9;77.1;76.0
2021-01-13;78.5;75.9;73.1;73.1;78.1;77.7;77.9;81.4;77.1
2021-01-14;70.8;70.9;61.5;69.4;72.8;68.0;69.9;77.4;67.9
2021-01-15;64.9;66.1;57.9;63.6;69.5;64.2;63.8;72.0;63.7
2021-01-16;73.0;67.7;66.7;69.1;72.0;70.6;70.5;75.9;71.1
2021-01-17;65.5;59.9;57.6;63.7;62.3;59.3;59.6;64.9;62.2
2021-01-18;62.4;61.1;53.8;62.9;62.7;57.8;60.1;65.4;58.3
2021-01-19;65.0;65.0;58.8;62.4;66.7;64.0;64.3;70.6;63.8
2021-01-20;66.7;61.6;54.0;62.6;64.9;60.0;62.3;69.5;60.0
2021-01-21;75.1;74.4;71.8;70.4;78.7;73.6;77.2;78.8;74.5
2021-01-22;81.6;79.5;77.4;75.9;82.4;82.7;80.1;83.6;81.1
2021-01-23;71.5;68.2;62.7;66.7;69.7;66.6;67.3;73.8;68.4
2021-01-24;75.3;76.4;68.9;71.7;74.9;74.3;74.3;76.8;71.9
2021-01-25;74.5;66.9;63.8;62.8;70.5;70.2;68.2;73.5;70.0
2021-01-26;73.8;70.5;69.5;64.9;74.3;74.4;72.8;75.2;73.7
2021-01-27;77.8;74.3;73.1;69.9;77.2;77.4;74.8;78.3;77.0
2021-01-28;73.8;68.2;65.7;64.6;71.4;70.5;68.6;76.0;70.9
2021-01-29;81.4;78.6;76.0;74.6;80.6;80.9;77.7;82.9;80.4
2021-01-30;80.6;74.2;71.9;73.3;78.1;77.3;74.2;80.8;77.1
2021-01-31;74.8;71.6;70.4;67.0;75.1;75.4;73.1;76.2;74.6
2021-02-01;72.9;72.0;71.0;69.6;76.1;76.6;73.2;77.8;74.0
2021-02-02;75.3;73.9;71.5;70.7;79.1;78.1;75.7;79.2;74.3
2021-02-03;81.7;72.9;76.9;79.1;75.6;79.6;76.0;76.9;80.3
2021-02-04;73.4;72.4;68.4;69.9;75.3;72.8;69.0;76.8;72.5
2021-02-05;76.0;73.8;69.8;70.6;73.5;71.8;70.9;75.5;73.2
2021-02-06;79.3;74.0;75.2;74.4;75.5;75.2;76.0;76.0;77.4
2021-02-07;72.6;65.1;62.9;71.3;65.9;65.9;67.9;70.5;66.0
2021-02-08;68.9;68.2;63.8;71.0;65.5;64.8;66.6;71.4;65.4
2021-02-09;52.9;51.3;45.5;55.0;52.3;48.4;50.7;55.8;49.8
2021-02-10;58.6;52.1;47.3;57.1;53.9;48.1;52.7;59.7;53.4
2021-02-11;65.7;62.1;56.9;60.3;63.7;59.1;61.5;67.6;62.3
2021-02-12;62.6;58.6;50.9;58.9;62.4;54.6;59.4;63.5;57.7
2021-02-13;70.5;65.4;63.4;65.7;68.6;66.6;64.5;61.9;69.1
2021-02-14;77.9;73.2;71.4;69.5;76.1;75.4;75.2;77.9;75.8
2021-02-15;80.3;79.0;75.4;73.7;81.3;79.7;79.3;84.1;78.7
2021-02-16;80.8;79.2;76.8;76.0;80.5;79.8;76.8;83.1;78.9
2021-02-17;85.8;81.8;85.0;77.2;85.0;83.5;81.2;86.3;83.4
2021-02-18;74.7;72.7;68.4;66.3;72.7;72.2;69.2;74.8;71.7
2021-02-19;80.7;80.7;75.2;75.4;81.0;80.6;79.6;83.5;78.3
2021-02-20;68.5;66.9;62.3;64.6;69.0;66.6;66.0;72.5;66.9
2021-02-21;69.0;69.2;62.6;65.4;72.4;67.2;68.1;73.3;66.5
2021-02-22;75.6;76.9;74.5;69.7;80.7;76.8;74.0;77.6;76.4
2021-02-23;75.4;68.3;65.5;65.5;69.3;68.7;66.1;71.7;70.7
2021-02-24;77.9;74.0;73.5;71.4;78.7;74.8;74.3;76.9;75.4
2021-02-25;73.6;71.9;68.4;69.6;73.3;73.9;70.3;75.4;72.4
2021-02-26;65.1;62.8;55.5;58.4;63.9;60.0;60.0;66.0;57.6
2021-02-27;64.9;64.5;53.5;61.4;61.8;59.6;56.8;69.6;52.9
2021-02-28;69.7;62.8;59.9;64.6;63.0;60.7;59.7;71.5;58.4
2021-03-01;81.1;76.9;76.8;73.9;78.6;77.6;75.8;82.3;74.2
2021-03-02;82.0;77.5;75.3;69.2;78.5;79.0;73.5;81.1;75.1
2021-03-03;67.9;72.5;63.7;65.3;69.2;72.6;65.4;75.3;61.8
2021-03-04;69.2;67.8;62.5;67.0;66.8;66.2;62.3;71.5;61.5
2021-03-05;58.5;55.4;50.7;62.3;52.8;55.2;53.1;60.7;50.6
2021-03-06;57.5;57.1;52.0;58.4;56.2;55.8;51.0;63.4;51.8
2021-03-07;54.3;53.4;49.1;56.3;53.4;53.3;47.8;60.5;48.7
2021-03-08;58.2;60.7;55.6;56.4;57.0;60.8;53.9;56.9;51.9
2021-03-09;53.6;50.6;48.3;57.8;50.1;51.5;47.9;58.4;47.4
2021-03-10;59.6;60.0;53.4;59.5;55.4;59.5;56.5;53.2;51.9
2021-03-11;60.7;57.2;58.0;59.2;54.7;59.7;52.6;55.9;57.2
2021-03-12;57.8;59.0;54.0;59.5;54.8;59.3;52.8;60.9;52.3
2021-03-13;62.5;62.3;55.4;59.4;61.4;60.8;54.7;64.3;56.1
2021-03-14;57.6;58.2;50.1;58.1;57.4;54.7;51.6;62.4;50.5
2021-03-15;63.9;63.5;58.7;60.7;64.2;59.4;58.5;62.5;58.7
2021-03-16;54.5;51.4;47.0;55.6;52.4;50.9;46.8;58.1;47.6
2021-03-17;59.5;53.1;52.4;58.9;57.9;55.2;50.6;57.9;51.9
2021-03-18;56.0;47.1;46.7;56.4;51.1;50.9;42.9;51.5;46.4
2021-03-19;63.6;60.3;54.5;63.0;61.6;58.5;55.7;67.6;55.1
2021-03-20;52.3;46.0;40.5;55.9;45.5;43.5;40.6;51.2;40.3
2021-03-21;55.6;39.2;39.5;52.6;38.7;40.1;39.8;43.5;41.9
2021-03-22;73.6;71.7;69.9;71.0;72.9;73.8;66.3;77.3;69.3
2021-03-23;71.3;66.6;69.0;72.7;67.3;66.4;63.6;73.7;62.8
2021-03-24;74.1;72.8;;70.0;71.0;70.4;68.7;76.0;67.0
2021-03-25;60.2;60.4;;61.0;59.5;58.6;54.3;66.2;54.9
2021-03-26;78.8;78.9;;74.3;76.1;77.6;73.4;80.0;73.6
2021-03-27;63.7;63.9;;64.5;62.6;61.1;58.4;68.1;57.7
2021-03-28;68.1;56.9;;64.8;57.5;59.6;55.6;57.5;60.1
2021-03-29;75.2;73.2;65.0;71.3;70.9;71.5;65.8;71.6;68.4
2021-03-30;65.6;63.2;59.8;63.1;63.9;61.9;58.4;66.5;59.5
2021-03-31;65.0;64.8;58.7;63.5;65.1;62.0;60.3;69.9;58.4
2021-04-01;65.2;67.2;60.4;65.8;66.8;64.5;61.2;72.6;60.4
2021-04-02;50.2;49.1;44.2;52.0;49.2;46.9;44.3;52.6;43.8
2021-04-03;66.3;70.5;63.5;66.0;69.9;68.1;61.4;74.1;63.3
2021-04-04;78.6;76.8;74.6;77.1;76.6;79.4;73.2;83.2;73.1
2021-04-05;72.7;71.9;71.3;70.4;71.2;73.4;66.8;71.9;68.5
2021-04-06;57.7;58.3;55.4;59.1;54.1;56.3;50.9;46.2;52.8
2021-04-07;66.6;67.3;61.6;67.3;65.8;65.9;59.8;67.2;61.7
2021-04-08;79.7;77.6;78.0;78.8;79.6;81.8;73.3;80.6;75.9
2021-04-09;76.1;69.1;69.1;72.7;69.7;70.8;64.7;71.0;68.8
2021-04-10;58.1;50.5;47.6;55.3;48.1;50.5;42.8;47.1;48.2
2021-04-11;47.7;43.8;40.5;46.0;40.1;40.7;36.1;36.0;38.9
2021-04-12;62.6;59.7;56.6;61.9;59.1;60.6;54.0;64.5;56.5
2021-04-13;72.1;69.8;66.2;69.3;69.8;69.1;67.1;77.6;66.1
2021-04-14;71.2;70.3;67.8;68.9;71.1;71.4;66.0;76.1;67.0
2021-04-15;71.4;69.0;67.3;68.7;70.3;69.0;65.8;77.5;66.6
2021-04-16;58.1;57.1;52.3;62.0;56.8;56.4;50.5;60.7;51.7
2021-04-17;68.8;65.5;63.7;64.1;65.2;63.6;60.0;67.8;63.2
2021-04-18;53.3;52.5;48.1;55.7;51.1;48.3;44.7;50.1;46.7
2021-04-19;66.5;65.6;63.4;65.4;65.7;65.3;60.3;70.4;63.1
2021-04-20;56.1;55.6;49.5;55.2;56.7;52.4;50.4;60.7;49.3
2021-04-21;43.9;39.1;36.7;44.5;41.3;40.2;36.0;42.8;36.2
2021-04-22;53.7;45.7;44.0;44.4;44.1;46.2;40.4;45.1;44.0
2021-04-23;47.0;40.7;38.9;42.3;36.4;41.1;35.1;33.1;38.7
2021-04-24;42.6;42.1;39.9;41.2;40.4;43.7;34.8;43.0;39.2
2021-04-25;;74.1;69.8;69.8;75.2;72.6;69.0;76.9;69.1
2021-04-26;52.3;51.7;49.5;52.6;51.7;54.2;45.4;52.1;48.8
2021-04-27;63.1;65.3;60.3;59.7;63.9;63.3;57.4;58.3;58.0
2021-04-28;72.9;72.4;69.0;66.5;72.7;73.6;68.4;74.7;67.4
2021-04-29;77.8;72.3;71.5;75.4;73.6;71.9;73.4;84.0;71.7
2021-04-30;59.0;57.3;54.2;61.0;57.0;58.9;54.7;61.1;53.4
2021-05-01;48.4;48.2;42.9;51.8;47.4;45.5;38.3;40.2;42.3
2021-05-02;58.0;57.4;52.0;57.5;56.6;56.6;49.5;57.8;52.0
2021-05-03;46.8;46.9;41.7;48.2;46.5;44.1;40.8;48.9;41.6
2021-05-04;47.3;45.3;40.8;52.3;44.3;44.2;40.4;47.7;40.1
2021-05-05;54.0;51.6;47.7;54.6;52.5;50.4;46.7;54.4;47.2
2021-05-06;44.7;40.8;37.0;49.3;40.3;38.1;36.1;43.3;36.5
2021-05-07;57.3;53.8;50.1;56.3;54.3;51.8;51.3;59.2;50.9
2021-05-08;61.5;55.6;52.5;62.4;55.7;54.2;52.1;61.6;52.2
2021-05-09;71.8;68.7;66.1;68.0;69.0;69.9;66.5;77.0;64.9
2021-05-10;56.0;54.3;50.8;54.5;53.4;53.7;50.5;56.0;50.9
2021-05-11;46.2;46.3;41.3;47.6;44.9;42.4;38.9;38.2;39.5
2021-05-12;44.1;41.5;37.7;45.1;37.9;40.0;34.7;35.9;36.6
2021-05-13;38.9;35.8;31.1;37.7;30.8;33.6;27.0;28.1;29.6
2021-05-14;59.5;60.7;56.9;59.1;58.0;57.9;51.5;55.1;55.5
2021-05-15;63.1;57.2;57.8;64.1;60.8;59.8;53.0;58.1;58.6
2021-05-16;88.1;84.5;85.5;80.6;85.2;86.8;80.8;87.9;85.2
2021-05-17;66.3;65.0;63.8;60.4;64.4;66.6;56.0;60.3;63.1
2021-05-18;82.0;80.2;80.5;75.9;80.7;82.5;72.2;75.6;79.7
2021-05-19;58.3;50.4;51.1;61.5;52.8;53.6;46.1;47.1;51.1
2021-05-20;43.5;40.6;36.3;42.9;40.7;37.5;35.3;41.5;36.1
2021-05-21;51.7;46.6;43.2;49.2;46.1;46.0;39.9;44.3;43.7
2021-05-22;49.6;50.7;43.4;49.9;49.0;47.3;39.7;49.3;44.5
2021-05-23;62.2;62.6;60.7;64.3;63.3;62.0;55.6;64.8;59.9
2021-05-24;64.9;65.3;61.3;64.1;65.4;64.3;58.8;67.5;60.8
2021-05-25;61.9;60.9;58.2;60.9;61.9;61.6;56.1;64.6;58.0
2021-05-26;44.6;44.8;39.9;41.2;42.5;42.9;35.5;40.2;38.7
2021-05-27;69.6;72.8;68.4;65.3;65.9;71.3;61.7;62.1;65.4
2021-05-28;75.8;74.7;75.6;74.5;74.4;77.1;70.2;77.4;75.0
2021-05-29;62.4;61.2;59.2;61.3;61.4;62.1;55.1;64.2;58.3
2021-05-30;56.4;55.2;50.7;56.0;54.1;53.7;46.6;53.4;51.5
2021-05-31;53.8;52.7;49.2;52.6;48.9;49.6;42.9;47.8;47.9
2021-06-01;38.3;42.5;36.4;42.4;37.4;39.3;32.8;36.8;35.2
2021-06-02;39.9;47.3;39.9;42.5;37.0;41.9;33.3;32.5;37.6
2021-06-03;45.0;51.3;42.2;48.0;43.4;43.9;37.7;34.4;41.6
2021-06-04;66.0;63.0;60.2;64.2;61.4;62.9;53.4;63.7;61.1
2021-06-05;82.8;79.4;83.2;78.2;81.1;85.8;74.4;81.9;82.8
2021-06-06;68.7;67.2;66.8;67.2;68.9;70.9;60.9;69.5;66.3
2021-06-07;70.7;69.9;66.1;70.4;70.6;69.5;61.9;71.7;67.0
2021-06-08;73.9;71.1;71.9;74.2;71.6;73.1;66.6;73.4;69.7
2021-06-09;62.9;62.1;55.6;61.8;58.3;57.1;53.4;60.1;56.8
2021-06-10;58.0;56.4;49.3;56.0;54.4;52.0;48.3;54.8;50.7
2021-06-11;59.0;57.9;51.1;58.1;54.6;53.8;48.0;51.5;52.3
2021-06-12;54.8;54.9;48.1;52.7;48.7;50.5;42.6;43.8;48.9
2021-06-13;59.2;59.6;52.9;60.8;58.7;55.2;49.6;52.1;54.9
2021-06-14;67.5;63.8;63.6;67.8;64.1;63.8;59.6;68.0;64.1
2021-06-15;58.4;59.7;52.6;61.2;58.2;56.9;48.2;53.3;54.5
2021-06-16;67.8;67.6;63.6;69.1;67.5;66.4;60.7;70.5;64.0
2021-06-17;66.7;64.3;62.3;68.9;64.9;64.2;58.9;67.1;62.7
2021-06-18;67.5;66.3;63.9;69.9;66.2;67.8;59.7;65.7;64.6
2021-06-19;70.1;67.3;66.8;73.9;68.3;69.6;62.8;70.2;67.0
2021-06-20;73.0;72.7;70.2;72.9;71.0;73.5;64.4;71.4;71.1
2021-06-21;77.1;80.7;82.5;82.3;80.6;83.7;76.5;85.7;81.7
2021-06-22;67.2;66.8;65.4;68.6;67.7;68.0;61.9;68.6;65.8
2021-06-23;80.5;77.1;75.6;81.8;76.9;78.3;70.2;77.9;75.7
2021-06-24;68.8;65.0;64.3;71.2;68.2;68.0;60.6;68.4;64.8
2021-06-25;73.9;73.0;70.3;76.6;73.5;75.7;66.0;75.9;70.9
2021-06-26;67.9;69.1;64.5;71.9;70.0;69.3;61.1;71.4;65.8
2021-06-27;75.5;72.7;74.3;76.2;75.4;76.6;66.6;74.9;75.0
2021-06-28;71.8;72.1;68.1;76.7;72.3;71.4;64.4;75.6;68.2
2021-06-29;81.1;83.1;80.2;85.6;83.1;82.4;75.2;84.9;78.2
2021-06-30;76.7;75.6;74.0;80.4;78.8;76.7;70.1;75.0;73.9
2021-07-01;73.1;69.1;67.4;73.3;68.9;69.9;63.5;71.5;68.4
2021-07-02;62.8;60.5;56.6;66.0;59.2;59.5;51.1;55.7;57.9
2021-07-03;63.1;64.6;57.9;70.4;63.3;58.9;54.1;59.3;58.8
2021-07-04;67.9;65.5;60.7;69.2;63.8;61.0;56.2;61.7;61.8
2021-07-05;67.8;64.1;60.8;68.7;63.6;61.3;55.3;62.2;62.1
2021-07-06;68.4;71.3;62.6;72.3;67.4;63.5;59.9;65.8;63.6
2021-07-07;76.7;77.6;72.2;81.1;74.1;75.1;69.6;81.6;72.6
2021-07-08;64.4;63.2;59.3;67.9;65.6;61.2;57.5;68.4;60.6
2021-07-09;68.6;68.9;64.4;73.9;68.8;63.7;59.1;66.8;65.5
2021-07-10;74.2;73.4;68.9;73.3;72.7;68.3;64.1;70.5;68.7
2021-07-11;64.8;63.3;60.6;66.9;61.6;59.5;54.2;59.5;60.7
2021-07-12;61.7;61.9;55.5;63.7;58.7;56.6;50.3;56.8;55.6
2021-07-13;68.3;65.4;59.6;70.0;64.2;59.6;57.0;64.7;61.4
2021-07-14;66.5;62.6;64.0;67.8;62.0;62.4;57.5;63.8;61.8
2021-07-15;73.2;72.3;60.6;75.4;70.2;69.1;61.4;67.3;67.9
2021-07-16;71.5;72.9;66.5;73.6;70.6;70.0;63.3;72.5;67.9
2021-07-17;79.0;74.4;73.9;81.3;76.0;75.4;70.1;78.2;74.1
2021-07-18;64.0;62.2;60.4;71.0;63.0;60.4;54.6;63.2;58.7
2021-07-19;70.4;68.2;64.6;73.5;66.4;65.6;61.8;65.6;65.2
2021-07-20;78.3;74.9;73.6;80.4;76.4;75.5;71.0;78.7;74.1
2021-07-21;78.8;73.3;72.9;79.4;74.2;74.4;66.8;73.0;73.7
2021-07-22;70.8;66.2;63.9;72.9;66.3;64.2;58.8;66.3;64.9
2021-07-23;65.7;62.9;60.7;65.9;61.2;61.9;55.2;60.9;61.1
2021-07-24;63.7;64.9;60.0;61.8;60.6;62.8;54.2;63.4;61.4
2021-07-25;68.0;68.4;64.1;64.2;64.4;65.4;58.0;63.7;64.1
2021-07-26;70.4;72.4;68.7;69.2;70.8;69.6;63.1;65.2;67.3
2021-07-27;80.6;78.2;79.7;81.1;79.1;80.4;72.8;80.4;79.3
2021-07-28;82.4;80.0;78.8;82.8;81.1;80.5;75.9;85.0;78.9
2021-07-29;79.2;75.1;76.2;81.2;76.1;77.0;70.1;77.9;76.7
2021-07-30;71.6;69.4;67.4;73.1;70.4;68.7;63.4;68.0;67.3
2021-07-31;69.2;68.7;64.0;73.2;67.6;65.8;60.5;65.9;66.4
2021-08-01;71.4;66.9;65.6;74.7;68.8;66.2;63.4;69.1;65.6
2021-08-02;80.8;80.5;84.5;83.9;82.7;84.2;75.6;82.3;80.3
2021-08-03;81.7;77.3;76.7;81.6;79.6;80.1;74.3;81.7;77.2
2021-08-04;79.9;76.7;74.6;79.9;76.0;75.6;70.7;79.4;74.3
2021-08-05;78.9;75.6;74.1;79.6;76.0;75.1;70.2;78.5;75.3
2021-08-06;81.4;79.2;73.7;84.0;79.0;76.8;72.5;80.8;76.1
2021-08-07;85.9;81.8;79.8;88.1;83.2;80.3;78.7;88.4;80.9
2021-08-08;87.1;82.3;82.7;89.9;85.2;83.8;79.7;87.3;83.5
2021-08-09;84.7;79.8;80.5;87.2;82.6;80.7;78.0;87.7;80.8
2021-08-10;83.2;80.5;80.6;83.8;81.8;82.2;77.6;85.6;80.8
2021-08-11;88.0;82.3;85.8;88.7;85.9;88.7;81.6;90.5;86.1
2021-08-12;73.1;71.1;70.3;76.6;73.4;71.7;67.5;74.6;71.4
2021-08-13;78.0;74.5;73.2;80.1;75.3;72.7;69.6;78.0;73.5
2021-08-14;92.4;88.9;90.9;90.6;90.4;90.8;86.5;95.1;90.6
2021-08-15;77.0;75.6;76.4;77.5;75.9;76.6;69.4;77.5;76.3
2021-08-16;72.0;74.1;69.6;76.5;73.7;73.2;64.1;68.2;70.7
2021-08-17;75.4;72.2;69.8;77.4;72.7;70.9;65.7;69.6;71.5
2021-08-18;70.7;70.0;64.3;73.1;66.1;68.0;59.7;63.0;66.6
2021-08-19;74.9;75.5;72.6;76.8;77.6;73.7;68.1;71.1;72.8
2021-08-20;77.3;75.7;73.5;77.3;76.3;75.9;70.6;79.0;74.4
2021-08-21;77.1;76.5;72.3;77.1;76.9;74.1;69.5;79.7;72.9
2021-08-22;67.7;67.9;63.4;70.1;67.6;66.1;62.4;69.7;64.8
2021-08-23;73.3;71.2;68.5;75.6;71.9;71.5;64.1;67.7;70.1
2021-08-24;76.4;75.7;73.9;78.3;73.9;74.9;69.1;75.0;74.0
2021-08-25;75.5;74.1;71.1;80.1;73.6;72.3;68.7;76.3;71.8
2021-08-26;76.1;75.1;71.4;78.9;73.8;72.6;70.3;78.4;72.4
2021-08-27;68.5;70.2;66.5;71.7;66.7;68.0;61.7;66.8;66.2
2021-08-28;70.3;71.3;70.1;69.7;67.7;72.6;61.9;63.8;68.4
2021-08-29;76.0;71.2;73.9;78.9;71.8;74.3;65.7;69.0;73.2
2021-08-30;72.6;73.5;71.6;75.0;70.2;75.4;66.2;71.4;69.4
2021-08-31;66.0;64.7;62.0;66.7;63.7;65.2;56.4;63.8;62.8
2021-09-01;74.5;73.6;70.1;75.9;62.9;71.0;64.2;69.4;70.9
2021-09-02;72.2;71.2;66.6;73.9;68.6;69.8;63.4;72.7;69.9
2021-09-03;72.4;70.9;66.3;72.9;71.6;68.9;61.3;67.7;68.6
2021-09-04;66.6;65.8;63.8;66.9;63.5;65.9;59.6;64.0;64.2
2021-09-05;63.0;63.0;61.1;61.4;59.0;64.1;57.2;59.2;61.7
2021-09-06;60.5;64.6;57.3;64.1;56.2;62.3;54.4;54.9;59.3
2021-09-07;65.4;67.0;64.6;67.4;62.8;65.8;57.7;59.7;64.5
2021-09-08;65.7;69.3;67.7;70.4;67.7;70.2;65.4;70.6;67.7
2021-09-09;71.2;72.0;73.3;77.7;72.5;73.2;68.8;76.6;73.7
2021-09-10;61.8;64.8;62.0;72.2;64.2;61.1;58.1;65.8;63.0
2021-09-11;61.7;66.5;64.7;67.6;63.4;65.7;60.9;62.0;64.0
2021-09-12;56.7;70.6;61.0;69.4;60.9;67.3;59.9;64.2;58.1
2021-09-13;57.8;64.7;60.7;66.3;61.9;63.2;57.4;62.8;59.8
2021-09-14;61.5;65.8;62.9;71.5;66.5;64.9;60.4;67.2;62.6
2021-09-15;69.4;75.3;73.9;72.4;74.7;75.0;69.5;77.2;73.6
2021-09-16;87.1;92.4;92.4;91.1;92.3;93.5;90.1;97.1;92.5
2021-09-17;82.9;87.9;88.2;87.4;88.2;90.3;85.4;94.4;87.1
2021-09-18;72.8;81.1;81.0;79.9;78.3;82.2;73.5;78.4;80.4
2021-09-19;79.5;84.2;83.2;82.1;80.9;82.9;76.4;77.0;83.3
2021-09-20;75.9;79.1;80.1;81.6;77.8;79.2;73.5;78.0;78.3
2021-09-21;72.0;73.9;71.0;79.8;71.7;70.4;67.7;77.8;72.4
2021-09-22;78.4;81.5;81.1;83.7;80.9;81.6;76.2;85.1;80.2
2021-09-23;79.7;85.7;85.4;84.9;85.1;85.7;80.3;87.8;83.7
2021-09-24;74.6;80.2;77.0;82.0;79.6;78.5;76.2;83.0;76.8
2021-09-25;70.2;80.6;76.9;80.4;79.1;78.9;76.0;83.1;76.2
2021-09-26;65.5;75.4;70.3;70.9;72.6;73.6;67.1;74.2;68.6
2021-09-27;72.8;74.8;75.0;72.2;73.9;74.2;67.9;74.9;75.4
2021-09-28;73.4;76.0;75.0;76.9;74.9;76.4;71.1;77.7;75.6
2021-09-29;73.3;78.9;77.1;79.2;78.5;78.7;75.1;84.2;75.9
2021-09-30;70.4;77.3;75.0;76.2;74.5;77.5;72.1;78.5;73.7
2021-10-01;82.0;87.8;89.2;88.0;87.2;88.4;84.1;91.2;86.6
2021-10-02;72.9;77.8;78.6;80.2;77.6;75.6;74.0;83.4;75.3
2021-10-03;74.2;81.0;80.3;80.8;80.0;77.6;77.1;82.3;77.4
2021-10-04;71.1;76.5;77.6;73.9;75.1;78.5;71.9;76.7;75.7
2021-10-05;69.5;73.2;72.1;68.7;70.1;73.5;66.4;71.3;70.6
2021-10-06;70.7;74.9;74.5;73.5;70.4;74.9;68.1;70.3;72.6
2021-10-07;70.0;74.4;72.7;75.5;72.3;72.9;65.6;71.9;71.7
2021-10-08;75.7;81.9;78.6;84.5;82.1;80.0;78.7;88.6;77.7
2021-10-09;64.1;70.4;66.8;69.8;70.8;68.3;65.1;74.8;66.1
2021-10-10;60.3;61.7;58.1;63.8;61.4;58.6;58.7;66.6;58.0
2021-10-11;77.6;83.2;83.8;80.3;82.6;84.5;77.9;87.0;82.8
2021-10-12;76.4;81.9;81.9;77.9;81.3;83.8;77.4;87.5;81.7
2021-10-13;69.4;75.1;75.9;69.5;75.7;77.5;69.4;72.3;74.1
2021-10-14;66.6;72.8;69.1;67.7;71.9;71.0;64.4;69.4;68.7
2021-10-15;69.0;77.4;76.2;76.6;76.9;77.2;71.8;75.2;72.9
2021-10-16;68.6;74.2;76.2;74.7;74.6;76.6;72.0;66.3;71.3
2021-10-17;69.9;78.4;78.7;74.4;74.6;79.3;68.4;68.2;72.8
2021-10-18;65.9;73.2;73.5;74.8;74.3;72.5;69.2;67.5;69.8
2021-10-19;70.6;71.0;75.5;80.8;74.2;72.8;67.3;66.8;71.9
2021-10-20;63.6;76.9;75.3;73.0;67.9;75.2;67.8;63.4;69.0
2021-10-21;61.3;59.2;67.3;66.2;52.8;60.9;64.4;48.3;62.9
2021-10-22;60.1;36.7;57.2;59.3;41.2;47.3;54.9;37.3;52.7
2021-10-23;53.5;53.9;52.8;53.6;46.4;53.6;51.9;57.6;53.1
2021-10-24;63.7;72.9;68.4;68.0;62.4;70.9;68.6;76.2;67.3
2021-10-25;68.2;73.6;71.8;73.4;64.7;71.8;71.4;76.2;70.8
2021-10-26;55.8;59.1;57.4;62.0;49.6;59.4;58.4;60.0;55.6
2021-10-27;46.0;45.3;43.5;52.3;38.7;43.3;44.7;48.9;44.3
2021-10-28;51.5;52.6;49.4;57.4;45.0;50.1;50.5;54.3;49.9
2021-10-29;60.9;68.8;65.4;76.9;57.9;66.0;64.4;64.7;63.6
2021-10-30;51.8;53.9;50.2;57.5;46.6;50.9;52.2;56.3;50.9
2021-10-31;61.1;65.3;62.0;67.2;54.7;62.2;63.6;66.8;62.5
2021-11-01;69.1;75.4;71.4;77.0;65.6;71.6;72.9;77.7;70.6
2021-11-02;74.5;80.8;78.5;81.6;71.1;79.8;80.9;84.4;76.6
2021-11-03;66.5;70.4;70.8;72.1;61.9;69.5;70.3;75.2;68.5
2021-11-04;63.1;67.8;66.9;68.7;59.3;66.1;65.9;69.8;65.0
2021-11-05;58.4;62.0;61.6;61.8;54.1;59.7;59.9;65.2;60.5
2021-11-06;64.1;71.7;68.6;70.3;62.3;69.3;69.1;73.8;66.7
2021-11-07;62.2;68.2;65.9;68.2;59.3;66.1;65.8;71.3;64.4
2021-11-08;38.2;38.0;38.0;38.6;31.5;36.1;36.5;40.7;35.5
2021-11-09;46.8;47.2;47.0;48.6;40.0;45.5;45.5;51.0;45.6
2021-11-10;47.7;50.1;51.9;68.9;41.9;50.2;50.1;50.2;45.6
2021-11-11;61.8;65.3;64.9;67.7;58.4;65.1;64.7;68.5;63.3
2021-11-12;75.3;80.2;81.1;81.1;75.1;81.4;79.7;82.0;79.6
2021-11-13;79.8;85.7;86.6;85.8;85.9;87.4;85.9;85.7;85.1
2021-11-14;73.4;77.8;78.1;80.6;79.9;78.4;76.3;80.7;77.1
2021-11-15;72.3;78.2;76.0;83.7;78.1;76.6;77.1;79.8;74.3
2021-11-16;69.4;76.7;73.7;79.6;77.8;74.3;75.3;79.2;72.0
2021-11-17;77.2;83.2;83.4;84.7;83.1;82.0;82.9;84.1;82.6
2021-11-18;69.2;76.4;76.9;79.1;75.5;76.6;75.3;79.3;74.3
2021-11-19;59.9;62.6;62.9;66.2;54.4;61.7;61.3;67.0;61.6
2021-11-20;67.7;69.6;71.9;70.1;60.9;68.9;68.6;72.3;70.2
2021-11-21;71.7;77.4;76.0;85.6;69.0;77.1;80.0;81.0;74.7
2021-11-22;57.7;54.9;65.7;76.4;50.1;58.0;69.4;61.2;63.6
2021-11-23;56.7;58.7;58.7;64.3;51.2;57.3;58.1;62.5;57.2
2021-11-24;62.4;64.2;63.7;69.6;56.4;61.9;64.3;68.7;61.8
2021-11-25;74.4;79.6;81.1;82.7;72.5;81.4;82.5;82.0;78.9
2021-11-26;70.7;75.1;76.1;77.0;73.4;74.4;76.7;79.5;73.9
2021-11-27;64.2;68.8;66.9;69.3;65.9;65.6;67.1;71.7;64.8
2021-11-28;69.0;78.3;73.9;76.4;73.7;74.0;76.9;80.0;71.6
2021-11-29;68.0;73.6;72.0;74.0;70.8;71.6;73.3;77.4;70.1
2021-11-30;55.7;59.3;56.7;62.4;55.6;54.3;58.9;61.0;53.5
2021-12-01;50.4;50.6;52.7;57.4;44.3;49.8;51.7;55.1;49.6
2021-12-02;55.3;54.0;59.1;65.4;45.7;52.0;51.6;53.1;55.5
2021-12-03;42.9;42.5;43.4;57.5;33.8;37.2;39.4;43.3;37.9
2021-12-04;64.5;71.8;67.9;71.4;63.2;66.8;71.5;74.4;65.5
2021-12-05;64.5;70.8;68.6;71.4;62.2;68.0;69.3;74.0;66.3
2021-12-06;61.1;67.0;65.4;68.7;59.1;64.5;65.9;70.9;63.1
2021-12-07;64.0;70.2;68.2;74.9;61.1;69.0;68.2;73.1;66.5
2021-12-08;67.3;72.0;69.1;74.9;63.3;68.0;72.1;76.7;67.9
2021-12-09;64.1;70.5;69.4;71.2;62.0;70.0;68.6;71.8;67.7
2021-12-10;62.8;71.1;66.0;70.9;62.1;67.0;68.9;73.7;63.9
2021-12-11;65.0;71.4;68.3;73.7;62.3;69.1;69.7;74.0;65.9
2021-12-12;63.6;68.7;67.5;70.1;59.9;65.9;67.4;72.9;65.1
2021-12-13;68.6;73.4;73.2;74.6;64.6;70.8;72.5;75.5;72.6
2021-12-14;73.7;78.5;79.3;79.4;70.1;77.1;79.6;81.1;78.0
2021-12-15;73.4;79.6;80.3;79.3;70.0;80.4;81.1;80.8;78.4
2021-12-16;65.6;73.9;71.3;78.1;64.7;69.9;72.6;76.4;68.5
2021-12-17;68.6;77.3;73.9;76.7;67.6;74.0;75.9;80.3;71.6
2021-12-18;74.3;78.7;80.5;78.1;71.1;79.6;78.7;80.4;78.6
2021-12-19;73.0;77.9;78.7;76.6;69.0;79.0;77.1;81.1;76.7
2021-12-20;71.9;78.0;77.6;77.8;69.6;79.4;79.0;81.4;75.1
2021-12-21;66.4;75.6;74.3;74.4;67.2;78.3;76.8;77.5;71.4
2021-12-22;64.1;76.8;73.7;74.5;67.2;79.6;76.0;78.2;71.0
2021-12-23;64.3;76.4;72.0;75.9;66.8;78.5;74.6;78.0;69.8
2021-12-24;64.4;77.8;76.3;76.4;67.3;79.7;73.8;78.9;72.4
2021-12-25;73.1;78.9;82.0;81.0;71.9;83.9;83.5;83.5;79.0
2021-12-26;72.5;81.6;83.8;80.6;71.4;84.9;83.3;82.8;81.7
2021-12-27;76.3;80.6;84.2;80.1;71.8;84.5;84.1;83.0;82.0
2021-12-28;78.3;82.4;84.9;83.9;74.9;86.9;87.0;85.5;83.3
2021-12-29;82.8;71.9;86.9;85.4;72.5;85.7;86.5;79.2;84.7
2021-12-30;75.2;70.0;80.1;80.5;65.1;78.4;77.6;73.2;77.9
2021-12-31;60.8;68.1;67.2;68.8;60.0;66.8;67.8;71.8;65.0
2022-01-01;65.6;69.9;67.9;72.6;61.8;67.6;70.0;73.3;66.2
2022-01-02;58.9;61.6;63.0;67.9;54.4;59.7;60.6;64.6;60.4
2022-01-03;62.4;64.8;66.6;72.9;57.2;66.4;66.6;67.5;63.5
2022-01-04;75.3;56.2;80.7;75.6;58.6;77.5;79.2;59.1;75.3
2022-01-05;70.5;49.2;67.6;69.7;44.4;60.3;59.0;51.7;64.2
2022-01-06;72.1;73.5;75.5;75.9;64.9;76.2;72.9;76.5;74.4
2022-01-07;73.2;78.0;77.6;78.7;68.6;78.2;79.1;80.2;76.3
2022-01-08;72.7;82.4;83.8;80.5;71.8;83.6;84.1;82.6;81.3
2022-01-09;73.5;66.4;76.1;80.0;61.9;73.5;76.9;67.4;74.3
2022-01-10;63.5;67.7;65.4;69.8;60.0;64.4;68.6;72.7;63.7
2022-01-11;58.5;64.0;62.8;67.4;55.7;61.3;63.1;67.3;59.5
2022-01-12;53.0;54.3;54.9;59.0;47.8;51.9;54.9;59.9;52.1
2022-01-13;75.1;79.9;81.8;78.8;70.2;81.8;80.8;82.4;79.8
2022-01-14;71.8;79.0;81.4;80.1;70.6;80.3;82.0;82.1;79.0
2022-01-15;73.6;78.3;82.3;80.5;69.9;81.0;82.3;79.3;80.0
2022-01-16;71.1;74.6;81.1;81.6;68.0;80.5;82.0;70.2;77.9
2022-01-17;80.9;77.6;85.1;86.1;68.9;81.6;80.9;79.6;82.8
2022-01-18;74.0;71.1;78.3;76.6;64.2;78.4;74.8;73.9;76.8
2022-01-19;74.8;78.9;81.0;80.4;67.9;81.5;79.1;77.8;79.2
2022-01-20;74.4;80.0;83.6;83.1;72.6;82.4;84.7;82.4;82.1
2022-01-21;74.6;80.3;80.9;83.9;73.0;81.4;83.4;81.3;80.8
2022-01-22;79.0;83.6;85.2;84.2;73.5;85.3;86.7;85.0;83.0
2022-01-23;74.9;79.1;81.7;82.1;72.8;82.2;84.9;82.9;80.3
2022-01-24;73.9;77.4;81.0;82.6;70.0;80.7;83.5;82.5;79.7
2022-01-25;74.3;73.2;77.4;81.5;66.0;76.5;76.4;79.5;77.0
2022-01-26;78.1;77.8;84.2;85.0;71.5;83.3;84.0;83.9;83.7
2022-01-27;75.9;81.2;83.1;83.0;73.7;82.6;83.7;83.1;81.7
2022-01-28;77.1;81.7;85.4;83.3;72.8;84.1;84.8;84.4;84.0
2022-01-29;76.1;80.9;83.2;82.0;72.2;82.8;84.3;84.1;81.5
2022-01-30;73.0;79.3;80.8;81.5;72.2;80.4;84.4;77.2;79.1
2022-01-31;74.8;77.8;82.9;82.2;71.8;81.4;84.0;80.9;81.1
2022-02-01;74.5;76.7;81.5;81.9;71.8;81.1;84.7;73.9;78.9
2022-02-02;73.8;77.4;82.5;82.3;71.7;81.1;84.6;74.9;79.7
2022-02-03;73.3;74.1;80.9;81.5;68.6;78.7;84.3;75.7;78.2
2022-02-04;70.2;70.3;78.9;79.6;62.9;76.9;76.0;72.8;75.5
2022-02-05;56.6;58.2;58.6;63.8;50.3;56.2;56.7;62.1;55.7
2022-02-06;49.8;45.1;51.8;55.5;39.4;47.7;46.1;48.1;50.1
2022-02-07;52.4;44.3;54.8;60.4;39.8;52.3;45.9;48.5;52.1
2022-02-08;73.3;76.4;78.4;76.2;67.3;78.8;76.2;79.3;77.1
2022-02-09;70.4;73.7;76.2;72.5;64.9;76.9;73.6;75.9;73.8
2022-02-10;68.0;73.6;72.2;75.1;64.0;75.4;78.5;76.7;70.8
2022-02-11;67.9;74.8;76.7;75.0;67.8;75.3;78.4;79.2;73.6
2022-02-12;70.3;74.6;76.4;74.9;66.1;76.9;80.9;75.5;72.9
2022-02-13;69.5;72.4;74.5;73.2;61.9;74.0;79.8;72.2;72.2
2022-02-14;65.2;73.0;72.5;73.1;62.7;74.7;76.3;73.1;68.3
2022-02-15;65.6;74.1;74.4;75.2;64.8;75.8;73.6;75.7;70.3
2022-02-16;68.9;71.0;74.7;76.4;63.5;75.1;73.5;74.9;72.2
2022-02-17;58.0;60.8;63.4;63.3;52.4;62.4;59.6;60.5;60.2
2022-02-18;65.3;69.0;69.8;75.9;61.8;70.7;71.7;72.4;66.5
2022-02-19;71.2;73.6;75.2;78.8;65.0;75.6;74.0;77.9;72.6
2022-02-20;69.3;72.6;76.3;79.4;66.3;74.7;75.5;72.5;71.9
2022-02-21;72.0;73.3;77.8;74.6;65.8;76.4;77.0;67.3;73.0
2022-02-22;64.7;61.3;68.2;71.2;53.2;62.7;64.0;56.1;62.9
2022-02-23;59.8;62.1;69.2;70.1;53.2;63.1;65.4;57.4;63.2
2022-02-24;66.0;66.9;69.2;73.2;60.2;67.8;68.5;72.5;67.3
2022-02-25;62.5;64.8;65.8;72.5;58.2;65.2;66.4;71.5;63.8
2022-02-26;69.1;72.1;72.4;76.1;64.5;72.2;74.0;78.4;70.7
2022-02-27;60.0;62.0;64.1;66.9;55.7;62.6;63.0;68.3;61.4
2022-02-28;57.4;61.0;59.9;64.2;53.2;58.3;60.5;65.1;57.9
2022-03-01;62.5;65.7;64.6;69.1;57.5;63.4;64.8;69.8;62.7
2022-03-02;62.3;66.1;67.8;65.8;59.8;68.7;65.3;68.4;64.9
2022-03-03;62.3;65.2;66.6;68.8;58.1;65.9;66.1;71.7;64.0
2022-03-04;64.3;66.3;68.4;70.0;60.4;68.1;67.3;72.0;65.9
2022-03-05;62.4;67.8;68.6;68.0;59.4;69.4;65.9;70.3;66.3
2022-03-06;74.9;77.5;81.2;82.4;70.6;83.8;80.8;81.7;77.6
2022-03-07;64.8;66.1;68.5;74.9;58.8;68.2;68.3;71.4;66.4
2022-03-08;58.3;60.4;;64.5;54.0;62.0;60.4;64.8;60.1
2022-03-09;51.7;54.9;54.3;59.5;47.6;54.2;55.1;60.7;52.0
2022-03-10;60.5;62.6;63.0;67.3;55.1;63.1;62.7;64.3;60.9
2022-03-11;66.1;65.6;66.8;69.6;55.3;64.1;63.7;64.7;64.8
2022-03-12;63.1;65.3;66.9;68.6;55.4;64.4;62.9;63.9;64.8
2022-03-13;65.2;67.3;71.2;69.7;58.6;67.8;66.4;67.5;68.8
2022-03-14;61.0;63.4;63.2;63.0;52.2;64.5;61.6;59.9;62.1
2022-03-15;59.8;62.4;64.4;65.8;52.8;61.9;59.9;60.0;60.5
2022-03-16;55.7;62.1;61.4;63.5;53.2;58.7;60.7;58.1;58.2
2022-03-17;52.6;49.9;54.6;61.8;46.3;54.4;48.5;49.8;52.7
2022-03-18;54.4;55.3;55.6;62.8;50.4;55.2;54.8;54.9;53.5
2022-03-19;63.1;66.3;66.5;69.8;58.9;67.6;65.8;70.7;64.5
2022-03-20;53.3;57.9;55.9;60.2;50.0;55.7;56.2;62.2;53.4
2022-03-21;44.6;45.6;44.1;51.4;38.5;43.1;43.4;48.9;41.1
2022-03-22;51.7;53.8;51.7;59.6;46.5;53.0;53.3;56.5;48.6
2022-03-23;62.7;64.4;63.9;67.6;56.0;64.9;62.9;67.9;62.4
2022-03-24;58.3;64.8;61.2;66.2;55.8;61.4;63.3;68.2;58.4
2022-03-25;64.7;65.1;67.9;77.8;57.9;65.9;67.8;72.9;65.4
2022-03-26;59.7;60.3;60.5;69.2;52.7;60.5;60.5;65.7;58.9
2022-03-27;49.4;49.6;49.9;53.6;43.0;49.3;49.5;53.8;47.5
2022-03-28;52.6;54.8;51.4;59.0;46.3;52.1;52.8;50.4;51.3
2022-03-29;48.7;52.4;51.5;52.5;42.9;52.3;50.5;47.9;48.2
2022-03-30;47.5;55.7;57.9;53.4;50.2;57.2;51.1;51.0;52.3
2022-03-31;52.4;53.7;55.5;57.3;49.6;55.7;55.5;61.5;53.4
2022-04-01;46.4;44.5;47.7;50.1;41.4;47.1;47.4;52.6;45.5
2022-04-02;60.1;59.1;62.4;68.7;54.3;62.7;62.7;67.2;59.6
2022-04-03;65.1;68.6;71.6;69.5;63.3;74.4;69.9;73.4;68.9
2022-04-04;63.0;65.3;66.4;65.4;58.2;68.2;67.2;68.6;65.0
2022-04-05;61.0;60.0;64.1;64.0;55.1;65.9;62.3;66.5;62.2
2022-04-06;55.7;45.5;56.9;60.8;43.0;55.6;49.4;51.0;53.7
2022-04-07;48.4;45.4;50.3;51.4;42.0;51.4;47.3;52.0;48.0
2022-04-08;51.6;44.0;51.1;56.8;43.4;51.5;48.6;49.4;49.5
2022-04-09;61.4;60.7;63.6;69.5;61.0;66.6;64.4;65.9;61.6
2022-04-10;75.8;70.3;77.1;80.4;70.8;76.7;78.5;81.7;75.9
2022-04-11;57.8;52.7;57.1;61.2;52.7;55.5;58.5;63.4;55.6
2022-04-12;68.5;65.1;71.7;70.5;60.7;73.5;68.9;71.1;71.0
2022-04-13;58.9;54.2;59.0;61.2;48.8;58.3;57.1;57.2;57.4
2022-04-14;43.5;40.5;43.6;44.8;33.6;41.1;40.5;32.6;41.8
2022-04-15;38.8;33.7;36.6;35.9;25.5;33.8;32.8;24.8;32.7
2022-04-16;37.7;35.5;36.0;44.3;30.2;34.8;32.5;29.0;34.3
2022-04-17;36.3;25.7;35.3;43.4;23.8;32.2;29.3;27.7;32.6
2022-04-18;45.5;40.2;43.3;44.7;36.6;44.1;42.4;46.5;41.7
2022-04-19;43.4;38.3;40.7;41.8;34.2;40.2;40.0;43.7;38.8
2022-04-20;48.7;47.1;49.5;51.0;43.5;49.5;48.4;52.7;47.9
2022-04-21;49.2;44.5;49.5;55.4;45.1;50.1;46.9;50.6;47.5
2022-04-22;70.6;74.5;78.7;72.9;70.3;81.7;76.2;77.7;76.3
2022-04-23;49.7;49.1;52.2;54.6;47.0;51.9;51.2;56.5;49.9
2022-04-24;60.1;58.3;62.8;66.9;54.1;62.7;61.1;62.7;62.2
2022-04-25;47.9;46.9;49.3;51.1;43.2;49.9;49.1;53.4;47.2
2022-04-26;45.3;43.6;45.0;50.5;39.9;46.0;46.2;47.7;44.4
2022-04-27;59.8;52.9;60.4;64.5;51.7;61.6;59.1;61.5;59.1
2022-04-28;48.7;42.1;48.0;53.9;39.3;48.2;46.7;45.7;46.0
2022-04-29;36.9;26.9;35.8;44.0;25.4;31.8;29.3;30.9;33.9
2022-04-30;34.2;28.1;32.1;34.3;24.7;30.8;29.8;31.9;30.1
2022-05-01;51.6;43.8;49.4;55.9;41.9;50.2;47.2;50.6;46.4
2022-05-02;61.2;61.5;63.5;65.5;55.6;63.2;64.4;67.1;61.8
2022-05-03;53.4;52.8;53.3;58.3;47.9;53.1;55.7;62.6;52.0
2022-05-04;56.1;52.9;56.0;60.9;48.0;55.7;56.7;60.8;54.8
2022-05-05;41.5;38.6;40.2;41.7;32.3;40.5;38.5;36.5;38.1
2022-05-06;33.4;29.5;31.4;32.5;22.6;31.1;26.8;25.7;29.6
2022-05-07;33.5;26.7;32.8;36.6;21.8;29.1;29.5;26.6;30.3
2022-05-08;42.4;39.1;41.1;41.8;34.7;39.4;41.1;43.9;39.5
2022-05-09;39.8;33.5;36.7;36.7;30.3;36.2;33.4;35.2;35.4
2022-05-10;45.5;39.6;45.0;43.8;35.4;44.9;42.0;44.5;42.9
2022-05-11;41.3;36.4;39.7;40.2;29.4;39.4;34.2;31.9;37.3
2022-05-12;32.9;30.8;33.3;29.8;23.1;31.8;27.0;23.2;29.1
2022-05-13;30.0;28.0;29.7;27.6;16.8;27.8;22.8;18.6;25.7
2022-05-14;27.6;28.7;28.9;27.2;16.9;25.0;21.9;15.8;25.4
2022-05-15;33.0;33.2;32.4;35.9;23.4;28.5;28.3;21.5;29.7
2022-05-16;52.6;50.1;53.6;54.1;46.2;53.6;49.6;50.4;51.7
2022-05-17;49.9;46.3;51.4;53.7;41.8;49.7;44.5;44.9;50.2
2022-05-18;46.4;41.6;47.5;48.5;38.4;44.7;42.0;40.2;45.8
2022-05-19;47.0;45.6;47.6;47.7;38.6;48.8;40.4;40.3;46.5
2022-05-20;48.3;45.9;49.4;48.3;39.5;49.4;44.7;46.0;48.7
2022-05-21;45.7;43.1;44.5;47.0;37.8;45.1;41.7;42.8;42.8
2022-05-22;42.8;39.8;41.8;41.8;34.3;41.5;37.9;38.9;40.9
2022-05-23;56.1;54.9;56.0;55.3;48.2;57.1;54.3;55.2;56.6
2022-05-24;67.8;61.8;69.2;69.9;60.4;70.3;65.8;67.2;68.7
2022-05-25;55.7;51.0;54.1;55.8;42.8;55.6;51.2;50.3;54.4
2022-05-26;49.6;46.1;47.6;49.0;40.4;47.5;46.3;50.0;47.3
2022-05-27;60.4;60.6;60.7;62.5;52.8;64.9;57.3;57.4;63.7
2022-05-28;51.6;50.8;34.3;47.3;43.8;55.9;45.6;44.9;54.3
2022-05-29;43.8;42.6;44.4;44.8;35.7;44.7;39.0;37.7;43.4
2022-05-30;70.0;68.7;73.2;73.4;69.2;74.3;72.2;74.0;71.9
2022-05-31;60.0;58.6;62.1;63.3;55.9;59.9;59.9;64.2;60.9
2022-06-01;75.6;72.8;78.4;79.9;67.1;76.1;74.5;75.5;77.7
2022-06-02;75.4;75.6;81.7;81.5;72.5;81.9;79.3;81.3;79.8
2022-06-03;63.9;63.0;69.5;68.3;59.8;70.4;65.2;69.7;67.9
2022-06-04;78.5;76.4;82.1;82.4;70.4;82.0;80.0;79.9;80.6
2022-06-05;64.5;60.4;66.7;66.8;61.5;67.4;63.5;63.6;66.1
2022-06-06;74.2;73.7;79.4;77.5;71.7;80.4;75.8;79.1;79.6
2022-06-07;59.8;61.3;61.9;64.6;57.9;62.7;61.9;65.0;61.3
2022-06-08;67.7;70.2;73.5;69.5;63.4;75.5;69.9;68.4;70.9
2022-06-09;63.0;60.3;63.3;67.5;56.0;64.9;63.5;66.0;63.4
2022-06-10;49.6;52.1;52.3;52.7;42.8;54.5;49.5;48.7;51.5
2022-06-11;45.0;47.5;47.6;45.6;36.5;49.3;41.5;41.1;47.6
2022-06-12;55.5;59.7;59.5;62.2;50.8;60.4;54.7;55.1;57.8
2022-06-13;53.6;50.5;53.3;61.0;44.5;55.3;49.1;50.5;52.9
2022-06-14;54.7;53.2;54.6;56.6;46.4;58.6;49.5;46.5;54.2
2022-06-15;61.8;61.8;62.0;64.9;54.4;64.1;59.5;59.8;62.3
2022-06-16;74.4;72.0;78.8;76.8;66.9;81.7;76.9;75.3;77.8
2022-06-17;63.4;63.3;65.5;69.6;49.8;68.3;65.5;69.4;65.1
2022-06-18;63.5;63.3;66.5;69.1;60.4;70.0;65.6;66.9;65.4
2022-06-19;70.5;71.5;71.8;75.1;66.4;75.5;72.9;73.9;70.9
2022-06-20;70.4;69.5;70.2;73.6;68.9;73.5;70.6;71.1;71.9
2022-06-21;79.6;72.5;73.9;81.4;68.5;80.8;79.0;76.5;75.7
2022-06-22;70.3;66.7;70.4;74.4;67.5;71.0;73.6;71.9;70.4
2022-06-23;65.1;62.8;65.5;74.0;59.4;68.2;67.7;70.9;65.3
2022-06-24;67.9;65.1;68.2;72.3;62.0;70.4;69.6;72.8;69.6
2022-06-25;69.7;66.7;71.0;75.5;63.8;72.6;71.3;74.9;72.3
2022-06-26;64.8;64.7;65.0;73.6;61.2;67.7;67.2;71.4;65.4
2022-06-27;67.1;65.7;69.7;76.0;61.7;71.2;71.2;57.3;68.9
2022-06-28;65.2;65.2;68.2;73.0;64.9;69.9;67.8;48.2;67.7
2022-06-29;62.0;59.3;61.4;67.1;54.9;61.6;62.5;61.5;61.4
2022-06-30;59.5;62.6;60.8;67.7;53.7;66.0;61.3;61.9;61.6
2022-07-01;74.8;63.8;76.9;80.5;63.7;74.3;73.4;73.9;76.3
2022-07-02;74.4;66.1;76.3;79.8;66.2;74.9;73.6;72.9;76.1
2022-07-03;63.5;61.6;64.7;70.5;59.3;66.9;63.6;68.4;65.2
2022-07-04;68.4;65.4;72.0;73.9;65.8;69.7;67.5;68.8;73.2
2022-07-05;75.2;59.1;60.8;68.0;53.6;61.2;63.6;65.2;62.2
2022-07-06;70.8;71.3;72.4;74.7;66.7;75.8;71.9;73.0;73.5
2022-07-07;83.0;83.0;89.6;87.2;87.9;92.7;87.8;85.1;88.7
2022-07-08;68.9;64.6;67.7;74.4;64.4;69.8;67.2;70.0;69.5
2022-07-09;64.4;62.8;62.5;72.3;55.3;64.2;61.5;61.6;63.6
2022-07-10;67.1;66.4;64.0;74.0;60.5;65.6;66.2;65.2;65.8
2022-07-11;65.7;62.4;62.3;69.1;57.1;63.6;64.4;66.0;65.2
2022-07-12;57.2;55.3;54.9;52.0;50.2;54.9;56.4;60.2;56.0
2022-07-13;80.0;76.3;80.4;81.8;74.9;83.2;81.5;80.3;80.0
2022-07-14;67.9;65.9;67.1;71.6;61.3;68.7;66.8;68.8;69.3
2022-07-15;68.0;66.0;65.6;70.1;62.7;66.2;65.8;66.7;67.4
2022-07-16;67.1;68.3;66.9;70.5;62.5;67.8;66.4;67.6;68.1
2022-07-17;67.7;64.0;66.0;71.2;59.9;68.9;68.1;68.3;67.3
2022-07-18;69.4;68.9;71.2;74.0;66.5;73.5;73.4;75.2;71.2
2022-07-19;70.3;74.0;74.0;76.7;70.1;76.0;73.5;80.6;74.3
2022-07-20;65.6;67.1;68.5;72.4;64.1;70.9;65.3;73.7;67.4
2022-07-21;69.3;64.5;70.6;73.6;60.1;70.0;64.7;68.6;67.1
2022-07-22;67.3;67.1;67.7;76.0;61.2;72.5;68.2;72.2;66.4
2022-07-23;73.9;68.3;75.6;77.8;68.1;76.7;70.7;73.7;74.4
2022-07-24;65.1;65.3;66.4;69.7;58.7;67.9;61.3;65.1;65.0
2022-07-25;74.2;71.2;77.6;78.1;68.1;78.7;70.9;76.7;75.4
2022-07-26;74.9;70.3;72.9;77.5;67.8;77.8;71.0;76.6;72.3
2022-07-27;72.1;69.9;71.9;77.1;67.6;76.0;68.4;73.1;70.3
2022-07-28;68.9;66.5;66.9;72.4;67.7;67.7;65.1;68.6;65.7
2022-07-29;68.1;66.4;69.3;72.9;71.3;73.5;65.8;71.7;68.3
2022-07-30;73.2;68.2;74.7;78.1;75.2;77.6;71.1;80.0;73.1
2022-07-31;67.8;65.3;72.2;72.5;72.1;69.6;65.7;72.3;67.9
2022-08-01;69.4;66.4;73.4;74.3;72.7;73.1;66.2;71.1;70.2
2022-08-02;75.6;71.1;76.3;76.1;77.1;78.3;70.2;77.1;74.3
2022-08-03;68.9;66.8;70.5;74.0;73.7;73.2;65.7;71.7;69.1
2022-08-04;72.3;66.1;73.3;77.8;74.3;74.1;69.6;78.6;71.0
2022-08-05;72.9;64.8;71.2;71.7;70.7;70.4;67.0;75.8;69.1
2022-08-06;72.4;69.4;73.8;79.0;72.7;72.3;68.0;72.6;71.5
2022-08-07;63.4;62.6;63.8;67.7;63.3;64.8;59.7;58.8;61.4
2022-08-08;62.6;59.0;63.1;65.4;60.8;63.6;57.4;58.5;61.2
2022-08-09;65.3;62.4;63.7;67.9;62.9;65.9;59.6;62.8;63.2
2022-08-10;64.7;60.2;61.6;68.6;62.4;63.6;59.2;61.8;62.0
2022-08-11;65.4;61.9;62.5;72.0;65.2;64.4;62.9;68.9;62.9
2022-08-12;66.3;64.1;66.0;68.9;66.7;66.8;61.6;65.9;66.1
2022-08-13;62.2;57.9;60.7;63.4;58.8;62.8;55.8;56.7;60.0
2022-08-14;78.3;75.5;80.7;84.1;80.3;81.4;75.0;82.5;78.4
2022-08-15;71.3;67.8;72.6;74.2;74.2;73.6;67.6;74.2;70.2
2022-08-16;80.8;78.6;83.1;85.1;84.7;83.6;78.2;87.8;80.0
2022-08-17;82.2;76.1;84.3;82.0;82.9;84.5;75.6;85.0;81.6
2022-08-18;78.3;70.9;78.9;80.5;77.6;79.3;73.1;81.2;76.8
2022-08-19;79.5;74.9;81.2;81.5;81.3;80.9;73.9;82.3;78.4
2022-08-20;86.0;81.4;88.8;87.3;88.8;90.5;81.5;90.1;85.6
2022-08-21;71.4;67.6;72.8;75.4;73.8;73.5;68.3;76.8;70.8
2022-08-22;81.3;76.1;83.9;85.0;83.4;86.8;75.8;86.3;80.4
2022-08-23;70.4;68.5;73.1;74.0;73.6;76.1;67.8;74.8;71.6
2022-08-24;81.3;74.7;83.5;84.3;82.8;83.9;76.6;84.2;81.0
2022-08-25;80.6;76.9;81.3;86.9;82.4;82.4;76.0;85.8;78.7
2022-08-26;82.5;78.5;84.2;86.7;83.6;87.5;77.1;84.9;81.3
2022-08-27;83.7;79.6;85.2;88.3;84.3;85.0;79.7;88.3;81.5
2022-08-28;73.5;72.1;76.5;77.6;77.7;77.5;70.4;80.6;74.4
2022-08-29;73.4;73.1;75.6;79.5;77.7;75.7;71.9;81.6;73.4
2022-08-30;73.9;70.4;75.4;76.3;71.4;76.9;69.1;69.7;72.2
2022-08-31;68.0;65.3;70.2;72.9;67.9;68.3;65.0;70.2;67.4
2022-09-01;87.5;77.1;85.1;90.5;83.3;84.8;82.0;90.9;82.8
2022-09-02;92.6;86.7;93.9;92.5;92.5;94.4;87.1;94.1;90.7
2022-09-03;77.2;72.7;79.3;79.8;77.0;78.8;72.6;79.4;76.9
2022-09-04;67.1;69.7;72.8;75.4;71.0;73.9;68.9;70.4;69.6
2022-09-05;62.9;63.2;64.7;70.5;64.5;65.4;60.8;65.1;64.6
2022-09-06;80.9;78.2;84.1;85.8;81.3;82.4;76.2;75.6;80.7
2022-09-07;85.9;81.4;90.1;89.5;87.2;90.8;83.5;88.5;86.4
2022-09-08;45.4;45.2;50.3;54.3;46.6;49.3;44.6;45.8;48.0
2022-09-09;64.8;63.3;67.7;71.9;67.3;68.1;62.6;66.7;66.2
2022-09-10;68.6;69.9;72.7;74.3;69.3;69.8;66.3;61.9;68.2
2022-09-11;68.0;69.6;72.0;71.4;67.5;70.3;64.6;59.2;67.7
2022-09-12;71.2;70.8;75.4;73.6;72.3;74.7;66.6;69.5;71.6
2022-09-13;65.3;65.0;73.6;69.9;68.2;67.4;61.6;67.7;64.5
2022-09-14;70.6;67.1;;71.2;68.5;70.7;64.9;64.6;69.1
2022-09-15;61.4;60.1;;62.5;60.7;63.9;57.3;58.2;62.7
2022-09-16;67.1;67.6;;69.6;65.1;69.1;60.6;59.6;67.3
2022-09-17;69.6;70.9;;74.9;70.0;71.4;63.4;63.5;69.5
2022-09-18;66.8;68.8;;72.0;68.0;72.6;64.3;62.2;68.1
2022-09-19;63.7;64.4;54.3;70.7;67.6;65.5;62.3;56.5;65.7
2022-09-20;75.4;73.3;73.6;76.9;78.1;78.1;72.1;80.0;75.5
2022-09-21;67.7;68.3;66.1;73.1;68.9;;65.7;73.0;69.1
2022-09-22;59.9;58.0;60.3;69.4;58.1;;56.1;59.8;60.2
2022-09-23;55.9;55.1;54.6;60.4;57.3;;54.3;60.1;55.5
2022-09-24;49.2;52.2;51.3;55.3;51.5;;48.3;50.9;51.1
2022-09-25;74.9;77.0;72.3;76.9;77.8;;71.7;77.2;75.4
2022-09-26;82.8;84.8;79.4;83.3;84.9;73.4;78.6;87.8;82.4
2022-09-27;81.8;82.6;76.3;82.2;82.2;78.3;77.3;85.4;78.9
2022-09-28;88.1;87.7;82.1;87.6;88.0;83.1;82.6;91.2;86.3
2022-09-29;79.8;81.1;76.5;81.5;81.5;77.9;75.4;83.8;79.0
2022-09-30;69.5;68.8;66.8;74.5;71.4;68.1;66.6;75.7;69.5
2022-10-01;72.4;67.7;66.7;76.3;72.0;70.5;67.9;74.8;70.9
2022-10-02;71.0;71.2;66.4;74.5;73.2;69.2;68.8;76.9;70.7
2022-10-03;64.8;67.8;63.9;72.2;68.0;65.7;64.0;67.8;65.7
2022-10-04;73.1;74.3;69.1;77.3;72.8;70.4;68.2;68.6;71.8
2022-10-05;77.7;81.2;75.9;84.5;80.4;78.1;76.2;79.5;77.7
2022-10-06;85.1;82.9;79.7;88.7;85.3;81.5;79.7;90.4;83.0
2022-10-07;82.8;86.2;77.8;87.5;85.2;82.8;79.5;88.2;81.1
2022-10-08;64.1;67.3;67.7;76.3;70.9;71.0;70.0;70.2;68.9
2022-10-09;41.0;37.6;39.0;59.8;38.8;37.9;40.6;39.4;36.8
2022-10-10;55.1;52.2;54.1;65.1;54.2;55.4;51.2;53.6;53.8
2022-10-11;66.3;71.0;64.5;70.9;71.5;71.1;66.0;73.1;67.0
2022-10-12;80.2;82.7;74.6;86.1;82.9;;76.7;85.6;77.9
2022-10-13;86.2;84.4;78.6;85.8;85.2;;79.0;87.1;81.2
2022-10-14;;80.9;74.9;85.1;82.6;;77.5;86.3;77.6
2022-10-15;;82.5;75.5;82.5;80.8;;77.2;83.2;77.2
2022-10-16;;79.3;77.0;74.5;77.1;;71.0;72.2;76.2
2022-10-17;;70.9;72.3;76.1;69.3;;69.1;59.1;73.0
2022-10-18;;74.1;69.0;76.3;75.2;;69.3;76.4;70.7
2022-10-19;;78.7;71.8;81.6;78.8;;72.1;80.0;73.2
2022-10-20;;77.0;73.0;84.4;80.3;;74.0;80.3;74.6
2022-10-21;;80.9;73.2;85.9;80.0;;75.1;81.0;75.1
2022-10-22;;78.5;75.5;86.0;78.8;;75.4;80.2;76.4
2022-10-23;;54.9;53.9;66.1;55.3;;55.5;59.4;52.5
2022-10-24;;69.1;64.8;77.6;71.0;66.8;66.7;76.7;67.4
2022-10-25;;54.9;53.7;65.2;57.1;53.7;55.1;61.0;55.1
2022-10-26;;64.0;61.1;64.4;59.6;62.5;58.8;53.8;58.3
2022-10-27;61.0;62.9;65.6;70.3;63.7;62.7;64.6;54.3;66.5
2022-10-28;66.3;66.5;63.1;69.9;67.2;65.4;64.2;67.6;65.6
2022-10-29;62.6;65.9;58.4;67.7;66.8;61.5;63.6;70.3;60.6
2022-10-30;72.9;72.7;65.4;75.2;73.1;68.9;69.4;76.3;69.7
2022-10-31;71.5;74.5;67.6;76.3;72.5;74.1;68.0;74.8;71.6
2022-11-01;74.8;78.8;73.3;78.2;78.3;77.5;72.2;74.6;75.1
2022-11-02;80.3;77.6;74.2;81.6;76.8;77.4;73.9;76.8;76.5
2022-11-03;79.6;80.0;76.4;84.7;80.0;78.7;76.7;77.7;77.9
2022-11-04;84.6;78.6;79.0;86.3;81.6;81.2;78.1;80.3;82.1
2022-11-05;80.3;79.1;74.4;80.1;79.0;78.1;72.7;76.3;76.7
2022-11-06;88.3;84.2;82.5;88.4;84.9;83.9;81.3;83.2;85.3
2022-11-07;67.9;67.1;62.8;70.9;69.0;65.4;64.9;71.4;65.5
2022-11-08;79.9;77.0;69.9;82.1;77.9;72.9;74.5;81.9;74.3
2022-11-09;78.5;79.3;72.9;85.5;79.3;76.0;75.5;80.7;75.8
2022-11-10;70.6;72.9;64.9;74.2;72.9;68.4;68.9;76.0;68.2
2022-11-11;75.5;75.6;66.9;76.1;74.8;71.1;70.5;78.2;71.5
2022-11-12;71.3;74.2;65.0;73.6;73.0;68.9;67.3;76.5;69.1
2022-11-13;75.8;80.4;70.3;81.2;78.9;75.6;73.5;83.2;73.0
2022-11-14;75.3;81.2;70.7;84.5;77.4;75.4;74.3;83.4;72.3
2022-11-15;70.4;71.0;65.4;78.8;69.4;68.9;65.6;73.3;68.4
2022-11-16;68.3;71.0;63.1;73.4;70.1;66.2;66.6;75.3;66.2
2022-11-17;64.0;66.2;59.6;69.7;67.2;62.3;62.2;69.2;62.7
2022-11-18;81.0;78.1;74.4;80.8;80.2;75.1;74.6;79.8;78.0
2022-11-19;80.0;79.6;73.3;82.2;80.4;76.9;75.8;78.9;77.7
2022-11-20;72.0;74.9;68.5;76.8;75.6;70.5;70.4;74.4;71.1
2022-11-21;64.0;64.4;57.9;67.0;66.3;60.8;62.5;67.3;60.9
2022-11-22;73.2;76.5;66.5;77.1;75.5;72.1;71.0;75.6;71.4
2022-11-23;67.6;65.4;60.4;70.2;68.6;63.4;64.4;72.4;63.9
2022-11-24;65.0;66.9;57.4;67.2;69.1;61.2;63.4;69.3;61.8
2022-11-25;76.2;75.1;67.4;74.5;76.4;71.3;71.1;76.8;72.6
2022-11-26;77.3;71.2;66.4;71.3;74.0;70.3;70.2;75.0;72.0
2022-11-27;74.3;68.9;62.9;69.0;73.7;65.7;68.8;72.9;68.3
2022-11-28;70.5;70.2;60.5;69.2;72.4;64.0;68.6;72.1;66.2
2022-11-29;71.4;69.1;62.5;70.8;72.9;66.2;67.4;71.4;67.6
2022-11-30;69.5;67.6;60.5;69.4;70.3;63.5;65.7;69.5;64.8
2022-12-01;74.8;69.5;65.6;74.3;73.5;68.1;69.9;76.0;70.8
2022-12-02;79.6;76.0;72.9;77.7;77.5;73.9;73.4;78.3;78.9
2022-12-03;74.9;71.7;64.8;75.0;75.3;68.3;70.1;;70.5
2022-12-04;74.8;72.9;67.0;74.8;75.1;70.3;70.8;;72.5
2022-12-05;79.4;76.8;75.9;82.5;79.3;77.4;76.3;73.6;80.2
2022-12-06;68.3;67.1;60.6;66.5;69.4;62.9;65.0;70.4;64.7
2022-12-07;70.2;70.7;61.8;76.1;72.9;65.8;69.0;75.9;66.4
2022-12-08;71.1;70.1;62.4;73.4;73.2;65.6;68.6;74.4;67.5
2022-12-09;61.7;59.9;55.4;62.8;63.1;57.4;59.0;64.2;59.2
2022-12-10;61.0;61.7;56.4;62.8;64.4;58.9;60.1;65.6;60.0
2022-12-11;69.5;67.7;62.8;71.8;70.4;66.3;66.8;73.7;67.1
2022-12-12;77.4;76.5;69.3;77.2;78.6;75.4;74.6;77.9;76.3
2022-12-13;78.9;81.4;74.0;78.0;81.2;79.7;76.3;79.5;79.5
2022-12-14;80.8;80.2;74.9;80.5;80.8;79.7;76.3;81.7;79.6
2022-12-15;79.9;78.4;72.2;77.5;79.7;78.6;74.4;79.9;77.9
2022-12-16;72.8;71.5;64.8;74.6;72.4;66.7;68.9;76.3;70.2
2022-12-17;74.4;65.3;69.2;78.3;66.2;66.5;64.4;67.7;73.0
2022-12-18;77.1;73.1;70.3;80.7;74.4;73.7;72.7;70.7;74.9
2022-12-19;71.4;72.7;64.5;72.6;73.9;69.4;69.5;73.9;68.8
2022-12-20;83.3;82.1;75.4;83.4;81.9;79.1;78.9;82.5;79.6
2022-12-21;76.0;72.0;68.7;78.7;70.4;71.6;69.8;74.4;72.2
2022-12-22;68.2;63.9;64.0;71.4;65.0;66.7;62.9;68.6;65.7
2022-12-23;63.3;61.7;57.1;67.7;62.2;59.0;60.0;63.7;59.4
2022-12-24;80.4;74.7;73.7;80.9;79.2;75.4;76.8;75.2;76.4
2022-12-25;72.7;71.9;64.8;80.1;71.6;67.7;69.1;75.6;68.6
2022-12-26;75.8;74.1;68.6;82.7;74.4;71.4;73.0;78.7;72.1
2022-12-27;75.2;72.7;65.8;78.0;72.4;69.1;69.3;76.7;70.1
2022-12-28;82.2;74.4;73.5;83.1;76.6;75.5;76.0;75.8;75.0
2022-12-29;73.3;70.8;66.5;74.8;71.5;69.7;69.3;75.7;70.7
2022-12-30;80.4;78.7;72.3;80.9;79.7;77.3;77.5;81.2;77.9
2022-12-31;76.5;77.3;71.6;80.7;78.4;78.4;75.1;80.3;75.4
2023-01-01;76.3;78.6;71.5;80.0;78.8;77.5;73.9;79.2;75.9
2023-01-02;81.7;74.2;74.7;83.4;76.6;77.9;76.0;75.5;78.4
2023-01-03;82.8;76.3;77.3;84.9;79.8;80.4;79.6;78.3;81.7
2023-01-04;84.1;78.7;78.4;84.1;81.5;79.2;79.7;77.0;84.2
2023-01-05;76.9;74.3;70.9;82.9;74.4;73.8;71.9;76.9;73.6
2023-01-06;80.3;80.4;73.9;80.9;80.0;78.1;74.0;82.0;77.3
2023-01-07;74.1;72.9;66.7;76.0;72.8;69.9;69.4;76.3;70.1
2023-01-08;80.4;73.1;74.0;84.2;74.3;76.0;72.8;75.5;76.2
2023-01-09;57.5;55.5;54.3;62.2;57.2;54.6;53.8;60.7;55.4
2023-01-10;56.9;51.9;48.3;58.9;54.0;48.9;52.9;60.3;49.1
2023-01-11;71.3;62.8;61.4;68.8;67.8;65.3;65.6;69.6;66.4
2023-01-12;63.0;57.5;54.1;62.4;60.8;57.5;57.4;61.2;58.1
2023-01-13;61.5;61.6;55.6;67.4;63.4;57.9;60.1;66.2;57.9
2023-01-14;66.6;72.4;61.4;72.4;73.1;65.8;69.3;75.0;65.1
2023-01-15;76.6;75.5;67.9;77.3;76.1;71.1;70.7;78.5;72.3
2023-01-16;72.2;74.1;65.5;74.4;73.7;68.9;70.2;77.3;69.7
2023-01-17;74.6;74.3;68.4;74.1;76.3;70.6;68.4;76.7;72.1
2023-01-18;75.9;74.0;66.8;72.9;75.3;71.0;70.8;75.8;72.1
2023-01-19;82.3;77.3;73.9;81.9;80.0;78.9;77.5;80.6;78.8
2023-01-20;80.9;76.1;72.6;77.9;77.4;75.8;72.0;78.2;77.3
2023-01-21;74.1;70.5;66.3;67.5;72.9;71.3;68.2;72.2;72.8
2023-01-22;73.2;72.4;66.6;70.3;74.2;71.3;71.4;73.4;73.2
2023-01-23;82.7;77.4;73.9;83.5;78.7;77.9;74.2;77.4;78.8
2023-01-24;76.8;76.1;69.5;78.6;76.2;73.5;70.2;79.3;71.1
2023-01-25;74.1;74.4;67.8;74.5;73.3;72.3;67.6;75.4;71.2
2023-01-26;76.4;74.6;69.8;79.1;74.8;72.2;71.9;76.0;72.7
2023-01-27;57.8;58.6;55.0;63.1;60.2;56.1;56.9;63.2;55.8
2023-01-28;79.7;78.5;71.2;78.9;78.1;74.4;72.8;79.6;74.2
2023-01-29;60.2;57.9;56.9;66.9;59.8;57.8;57.6;64.0;57.6
2023-01-30;71.8;72.6;66.1;75.3;74.9;69.6;69.6;76.7;69.9
2023-01-31;82.1;79.2;74.8;81.5;80.5;76.8;76.9;79.7;76.1
2023-02-01;81.3;80.0;75.2;84.3;81.7;79.4;77.6;77.4;78.6
2023-02-02;80.2;79.4;74.6;82.7;81.5;77.6;77.4;81.8;78.3
2023-02-03;79.4;77.6;74.1;82.4;79.7;78.4;77.5;81.0;77.9
2023-02-04;82.5;80.0;75.4;84.1;81.1;79.4;77.7;82.4;79.3
2023-02-05;83.7;81.2;76.1;83.2;82.5;79.1;79.1;83.7;79.3
2023-02-06;79.9;78.5;73.9;82.4;81.6;77.3;77.5;81.4;77.9
2023-02-07;83.2;80.4;75.4;84.1;83.3;78.8;80.6;80.4;79.4
2023-02-08;85.0;81.8;77.9;85.4;82.3;81.8;80.9;80.8;80.7
2023-02-09;81.6;80.2;75.2;79.2;79.2;79.9;74.3;79.4;78.6
2023-02-10;82.1;77.6;73.9;81.6;79.7;77.9;75.7;81.7;77.5
2023-02-11;79.7;76.0;72.9;79.6;80.4;76.2;76.6;80.9;76.4
2023-02-12;79.6;76.0;73.2;80.3;80.6;76.6;77.1;78.9;77.0
2023-02-13;83.3;78.2;75.1;83.5;80.1;80.0;79.2;81.6;78.9
2023-02-14;76.6;72.9;68.5;77.5;73.5;71.7;70.6;75.6;72.8
2023-02-15;78.3;76.8;70.9;79.0;77.1;74.8;73.4;76.6;74.7
2023-02-16;80.3;78.1;74.6;82.0;81.0;77.1;77.0;80.8;78.9
2023-02-17;75.2;74.7;66.9;77.6;75.6;71.1;69.3;77.9;70.8
2023-02-18;84.5;76.7;73.9;81.5;78.6;76.2;75.5;82.6;77.9
2023-02-19;80.2;76.6;73.6;78.2;75.3;76.4;74.3;75.0;75.9
2023-02-20;84.2;79.8;77.0;81.9;80.0;80.8;76.7;79.9;80.7
2023-02-21;82.0;80.7;76.6;84.4;81.8;79.5;78.6;82.1;78.6
2023-02-22;81.0;82.7;75.8;81.5;79.3;80.6;77.8;79.6;78.2
2023-02-23;77.9;79.8;70.8;78.7;75.5;77.9;72.2;77.3;72.4
2023-02-24;69.8;64.9;68.0;72.9;66.8;67.9;67.4;62.8;67.2
2023-02-25;59.6;54.4;55.4;64.0;56.5;57.1;54.4;59.0;54.6
2023-02-26;65.8;63.5;61.9;67.3;66.6;64.6;62.3;66.8;64.0
2023-02-27;68.4;71.0;62.7;73.7;71.5;66.6;68.0;74.3;66.0
2023-02-28;62.8;61.3;57.0;66.6;61.9;58.9;58.2;64.2;58.0
2023-03-01;68.5;63.9;61.0;72.5;64.2;61.9;63.4;70.2;62.5
2023-03-02;41.1;39.3;40.0;49.3;41.4;37.3;39.4;45.6;37.3
2023-03-03;68.0;68.6;63.0;74.5;68.9;64.2;65.5;72.9;64.3
2023-03-04;71.2;70.2;66.0;74.5;70.7;67.7;67.9;75.7;67.5
2023-03-05;63.2;63.3;57.0;68.0;63.0;59.6;62.0;66.9;59.1
2023-03-06;77.5;77.2;67.8;76.6;73.1;74.3;69.2;73.4;70.6
2023-03-07;67.8;65.9;61.2;71.5;66.4;63.9;64.9;70.1;63.4
2023-03-08;74.4;76.9;69.2;78.7;76.0;73.3;72.7;77.6;72.2
2023-03-09;69.3;65.3;62.7;70.5;67.9;65.3;64.5;71.1;63.8
2023-03-10;66.5;68.3;62.7;68.0;69.2;67.2;64.4;65.3;64.5
2023-03-11;59.4;53.9;52.8;64.2;53.3;54.7;53.8;55.9;54.0
2023-03-12;70.9;66.5;64.5;76.5;65.3;66.1;65.1;68.4;66.7
2023-03-13;60.9;59.6;56.6;63.4;62.4;57.3;59.4;65.1;58.4
2023-03-14;77.4;70.8;68.0;78.8;73.1;70.2;71.0;75.1;71.1
2023-03-15;72.3;70.9;65.0;74.4;70.7;69.8;70.0;67.9;68.8
2023-03-16;68.7;71.6;66.3;70.7;68.8;71.9;67.3;68.1;68.2
2023-03-17;73.3;72.3;69.0;74.2;69.9;70.3;69.1;65.7;68.6
2023-03-18;62.2;59.7;58.6;68.3;60.3;59.4;55.4;53.2;58.4
2023-03-19;64.1;58.7;61.1;69.9;61.3;62.8;58.4;60.7;62.0
2023-03-20;61.5;56.2;53.4;59.6;58.5;54.4;55.9;62.8;55.2
2023-03-21;62.2;58.2;56.2;67.9;63.9;57.7;58.2;62.8;58.7
2023-03-22;57.9;55.9;54.5;63.3;66.4;56.7;53.7;57.7;57.7
2023-03-23;49.8;55.0;51.8;56.5;37.5;53.9;49.4;52.6;48.4
2023-03-24;59.8;55.0;58.0;62.9;51.4;56.6;52.2;53.5;52.3
2023-03-25;51.9;50.7;48.6;52.8;47.9;48.7;45.9;55.7;44.5
2023-03-26;48.8;47.7;45.9;48.2;44.6;45.2;42.7;52.7;41.4
2023-03-27;57.9;58.1;54.4;59.7;55.8;55.3;53.4;63.7;51.5
2023-03-28;65.6;64.2;59.5;67.8;62.8;61.5;60.1;70.2;58.5
2023-03-29;56.2;56.4;52.9;57.9;53.6;53.4;50.9;60.9;49.9
2023-03-30;77.6;75.5;73.8;74.5;73.5;76.1;70.9;75.9;71.8
2023-03-31;68.1;64.7;62.0;65.4;65.1;65.0;63.6;69.0;60.5
2023-04-01;65.5;63.6;59.6;62.7;63.0;62.6;59.7;64.2;58.7
2023-04-02;59.2;57.2;53.7;62.3;58.1;55.6;54.5;55.4;51.8
2023-04-03;45.4;41.1;42.1;44.9;40.7;40.9;37.7;46.6;37.6
2023-04-04;63.3;62.5;57.9;66.5;61.6;59.4;59.4;68.4;56.2
2023-04-05;60.4;58.3;54.4;60.1;56.3;56.3;54.9;58.3;51.3
2023-04-06;47.4;43.5;45.4;51.1;40.8;42.0;41.7;43.3;39.9
